 System Pu-U-Th-Nd-Pr-Ce-La-Ba-Cs-I-Zr-Y-Sr-Rb-Ni-Fe-Cr-K-Na-F-Be-Li         L
   22   43  141 1134 1134    2    2    2    2    2    2    2    2    2    2    2
    2    2    2   11   11    7    7    4    4    3    3    2    2    2    2    2
    2    2    2    2    2    2    2    2    2    2    2    2    2  277
 Pu                       U                        Th
 Nd                       Pr                       Ce
 La                       Ba                       Cs
 I                        Zr                       Y
 Sr                       Rb                       Ni
 Fe                       Cr                       K
 Na                       F                        Be
 Li
   244.00000000             238.02891000             232.03806000
   144.24200000             140.90765000             140.11600000
   138.90547000             137.32700000             132.90545190
   126.90447000              91.22400000              88.90585000
    87.62000000              85.46780000              58.69340000
    55.84500000              51.99610000              39.09830000
    22.98976928              18.99840320               9.01218200
     6.94100000
   6   1   2   3   4   5   6
   6   1   2   3   4   5   6
 gas_ideal
 IDMX
 Li
   4  4           0.00000    0.00000    0.00000    0.00000    0.00000    0.00000
       0.00000    0.00000    0.00000    0.00000    0.00000    0.00000    0.00000
       0.00000    0.00000    0.00000    0.00000    0.00000    0.00000    0.00000
       0.00000    1.00000
  1620.12000      153102.340     0.442314992     -20.7870560         0.000000000
     0.000000000     0.000000000
 1     0.000000000   0.00
  4500.00000      704356.841     -1239.62294      94.9294510     -.461671940E-02
     0.000000000 -9695628.10
 2 -151806.270      99.00  30118.8240       0.50
  6000.00000     -17979272.3      6025.31275     -496.943470         0.000000000
     0.000000000 0.112294340E+10
 2  3461832.10      99.00 -303007.260       0.50
  6000.00001      94241.5090      120.768385     -33.5780158         0.000000000
     0.000000000     0.000000000
 1     0.000000000   0.00
 Li2
   4  5           0.00000    0.00000    0.00000    0.00000    0.00000    0.00000
       0.00000    0.00000    0.00000    0.00000    0.00000    0.00000    0.00000
       0.00000    0.00000    0.00000    0.00000    0.00000    0.00000    0.00000
       0.00000    2.00000
  1100.00000      193595.114     -6.16974573     -28.8470360     -.663205924E-02
 0.896390792E-06  206021.518
 1  2507.68903      99.00
  2900.00000      7302669.46     -14216.4169      1284.13774     -.478589829E-01
     0.000000000 -145305085.
 2 -1895556.69      99.00  358298.504       0.50
  4700.00000     -96198994.8      84504.9933     -7368.30303     0.128245127
     0.000000000 0.337834498E+10
 2  21605926.3      99.00 -2850619.93       0.50
  6000.00000     -25387968.0      1027.63181     -89.3826628         0.000000000
     0.000000000 0.309263996E+10
 2  3979378.76      99.00 -163785.218       0.50
  6000.00001      162011.565      186.922817     -52.1846072         0.000000000
     0.000000000     0.000000000
 1     0.000000000   0.00
 Be
   4  3           0.00000    0.00000    0.00000    0.00000    0.00000    0.00000
       0.00000    0.00000    0.00000    0.00000    0.00000    0.00000    0.00000
       0.00000    0.00000    0.00000    0.00000    0.00000    0.00000    0.00000
       1.00000    0.00000
  2741.44000      317829.052      2.47764001     -20.7346636     -.162547963E-04
     0.000000000 -1868.88388
 1     0.000000000   0.00
  6000.00000     -7220822.49      3266.71995     -282.726989         0.000000000
     0.000000000  370483072.
 2 -149902.531       0.50  1514494.89      99.00
  6000.00001      269697.064      97.1934790     -30.7520730         0.000000000
     0.000000000     0.000000000
 1     0.000000000   0.00
 Be2
   4  2           0.00000    0.00000    0.00000    0.00000    0.00000    0.00000
       0.00000    0.00000    0.00000    0.00000    0.00000    0.00000    0.00000
       0.00000    0.00000    0.00000    0.00000    0.00000    0.00000    0.00000
       2.00000    0.00000
  6000.00000      632896.826     -69.5978970     -20.8374156         0.000000000
     0.000000000 -236705.866
 2 -14.9345825       0.50 -6866520.98      -2.00
  6000.00001      632448.099     -70.0257866     -20.8025555         0.000000000
     0.000000000     0.000000000
 1     0.000000000   0.00
 F
   4  2           0.00000    0.00000    0.00000    0.00000    0.00000    0.00000
       0.00000    0.00000    0.00000    0.00000    0.00000    0.00000    0.00000
       0.00000    0.00000    0.00000    0.00000    0.00000    0.00000    1.00000
       0.00000    0.00000
  6000.00000      60209.3630     -4.88680660     -22.2364208     0.316532573E-04
     0.000000000  156470.157
 2  3368.54960      99.00 -500.379621       0.50
  6000.00001      74331.0317     -21.1672554     -20.7943456         0.000000000
     0.000000000     0.000000000
 1     0.000000000   0.00
 F2
   4  4           0.00000    0.00000    0.00000    0.00000    0.00000    0.00000
       0.00000    0.00000    0.00000    0.00000    0.00000    0.00000    0.00000
       0.00000    0.00000    0.00000    0.00000    0.00000    0.00000    2.00000
       0.00000    0.00000
  1600.00000     -354.823398      222.978672     -56.4014193     0.371164820E-02
 -.318115630E-06 -119091.505
 1 -1777.87607       0.50
  4000.00000      2556809.60     -2073.96711      142.794752     -.143251267E-02
     0.000000000 -82061625.2
 2 -580689.048      99.00  76067.5900       0.50
  6000.00000     -3352436.11      408.414547     -59.8217072         0.000000000
     0.000000000  249582758.
 2  581650.707      99.00 -35316.8728       0.50
  6000.00001      26821.5792     -29.3447800     -28.9130659         0.000000000
     0.000000000     0.000000000
 1     0.000000000   0.00
 LiF
   4  5           0.00000    0.00000    0.00000    0.00000    0.00000    0.00000
       0.00000    0.00000    0.00000    0.00000    0.00000    0.00000    0.00000
       0.00000    0.00000    0.00000    0.00000    0.00000    0.00000    1.00000
       0.00000    1.00000
  443.110000     -352565.756     -.151625644     -29.3020000     -.543850000E-02
     0.000000000  56040.0000
 1     0.000000000   0.00
  675.110000     -354787.798      32.8603461     -34.3070000     -.168110000E-02
     0.000000000  220440.000
 1     0.000000000   0.00
  1212.11000     -356489.002      50.4893829     -36.8190000     -.444485000E-03
     0.000000000  412490.000
 1     0.000000000   0.00
  6000.11000     -357192.051      54.8777913     -37.3960000     -.286705000E-03
     0.000000000  555200.000
 1     0.000000000   0.00
  6000.11001     -367143.683      84.4941482     -40.8056798         0.000000000
     0.000000000     0.000000000
 1     0.000000000   0.00
 Li2F2
   4  6           0.00000    0.00000    0.00000    0.00000    0.00000    0.00000
       0.00000    0.00000    0.00000    0.00000    0.00000    0.00000    0.00000
       0.00000    0.00000    0.00000    0.00000    0.00000    0.00000    2.00000
       0.00000    2.00000
  399.000000     -961134.967      204.216365     -67.2820000     -.114580000E-01
     0.000000000  488265.000
 1     0.000000000   0.00
  540.000000     -964856.994      264.992717     -76.6550000     -.359020000E-02
     0.000000000  734600.000
 1     0.000000000   0.00
  800.000000     -967239.359      295.287357     -81.1240000     -.796650000E-03
     0.000000000  946200.000
 1     0.000000000   0.00
  1496.00000     -968595.264      307.625729     -82.8450000     -.684950000E-04
     0.000000000  1124250.00
 1     0.000000000   0.00
  6000.00000     -969005.512      309.868180     -83.1340000     -.797600000E-06
     0.000000000  1221050.00
 1     0.000000000   0.00
  6000.00001     -968220.193      309.259549     -83.0757351         0.000000000
     0.000000000     0.000000000
 1     0.000000000   0.00
 Li3F3
   4  6           0.00000    0.00000    0.00000    0.00000    0.00000    0.00000
       0.00000    0.00000    0.00000    0.00000    0.00000    0.00000    0.00000
       0.00000    0.00000    0.00000    0.00000    0.00000    0.00000    3.00000
       0.00000    3.00000
  398.000000     -1555708.77      430.401602     -107.780000     -.179885000E-01
     0.000000000  711550.000
 1     0.000000000   0.00
  540.000000     -1561409.75      523.344832     -122.110000     -.597900000E-02
     0.000000000  1089650.00
 1     0.000000000   0.00
  800.000000     -1565354.96      573.335707     -129.480000     -.139140000E-02
     0.000000000  1441500.00
 1     0.000000000   0.00
  1364.00000     -1567674.54      594.481610     -132.430000     -.142700000E-03
     0.000000000  1745000.00
 1     0.000000000   0.00
  6004.00000     -1568472.42      598.962175     -133.010000     -.171465000E-05
     0.000000000  1928500.00
 1     0.000000000   0.00
  6004.00001     -1567249.42      598.049927     -132.923593         0.000000000
     0.000000000     0.000000000
 1     0.000000000   0.00
 BeF
   4  3           0.00000    0.00000    0.00000    0.00000    0.00000    0.00000
       0.00000    0.00000    0.00000    0.00000    0.00000    0.00000    0.00000
       0.00000    0.00000    0.00000    0.00000    0.00000    0.00000    1.00000
       1.00000    0.00000
  1700.00000     -149280.071      95.0646058     -42.4247965     0.502673417E-03
     0.000000000 -419543.833
 1 -6467.11187      99.00
  6000.00000      354780.790     -782.510162      43.8855353         0.000000000
     0.000000000 -14634120.2
 3 -131010.886      99.00 -.620436339       1.50  21248.7175       0.50
  6000.00001     -193293.197      72.0306908     -39.7163588         0.000000000
     0.000000000     0.000000000
 1     0.000000000   0.00
 BeF2
   4  6           0.00000    0.00000    0.00000    0.00000    0.00000    0.00000
       0.00000    0.00000    0.00000    0.00000    0.00000    0.00000    0.00000
       0.00000    0.00000    0.00000    0.00000    0.00000    0.00000    2.00000
       1.00000    0.00000
  468.000000     -811557.794      80.3112257     -44.7880000     -.927300000E-02
     0.000000000  175900.000
 1     0.000000000   0.00
  700.000000     -814856.911      127.097617     -51.8230000     -.427260000E-02
     0.000000000  433755.000
 1     0.000000000   0.00
  1036.00000     -819290.160      172.151662     -58.2220000     -.119410000E-02
     0.000000000  945600.000
 1     0.000000000   0.00
  1762.00000     -822600.655      195.861915     -61.4060000     -.173265000E-03
     0.000000000  1519300.00
 1     0.000000000   0.00
  6000.00000     -824184.670      203.017199     -62.3030000     -.411200000E-05
     0.000000000  1985050.00
 1     0.000000000   0.00
  6000.00001     -823009.335      202.321659     -62.2420634         0.000000000
     0.000000000     0.000000000
 1     0.000000000   0.00
 Be2F4
   4  4           0.00000    0.00000    0.00000    0.00000    0.00000    0.00000
       0.00000    0.00000    0.00000    0.00000    0.00000    0.00000    0.00000
       0.00000    0.00000    0.00000    0.00000    0.00000    0.00000    4.00000
       2.00000    0.00000
  700.000000     -1763079.69      264.264935     -83.4006000     -.430382000E-01
 0.732490000E-05  456208.000
 1     0.000000000   0.00
  3900.00000     -1786757.27      575.926889     -130.497400     -.675000000E-03
 0.316000000E-07  2718813.50
 1     0.000000000   0.00
  6000.00000      1175500.15     -545.777165     -132.949200     -.104000000E-04
 0.250000000E-04  3674629.00
 1     0.000000000   0.00
  6000.00001      22777575.5     -50224.1533      5267.13015         0.000000000
     0.000000000     0.000000000
 1     0.000000000   0.00
 LiBeF3
   4  6           0.00000    0.00000    0.00000    0.00000    0.00000    0.00000
       0.00000    0.00000    0.00000    0.00000    0.00000    0.00000    0.00000
       0.00000    0.00000    0.00000    0.00000    0.00000    0.00000    3.00000
       1.00000    1.00000
  408.000000     -1410755.06      77.6387105     -51.0540000     -.365755000E-01
     0.000000000  523550.000
 1     0.000000000   0.00
  600.000000     -1421815.76      253.844531     -78.1070000     -.145195000E-01
     0.000000000  1277250.00
 1     0.000000000   0.00
  900.000000     -1433247.38      387.215210     -97.4930000     -.356445000E-02
     0.000000000  2400400.00
 1     0.000000000   0.00
  1556.11000     -1440715.37      447.994876     -105.820000     -.470925000E-03
     0.000000000  3516150.00
 1     0.000000000   0.00
  6000.00000     -1444083.46      464.953092     -107.980000     -.828450000E-05
     0.000000000  4393150.00
 1     0.000000000   0.00
  6000.00001     -1441452.94      463.328612     -107.835350         0.000000000
     0.000000000     0.000000000
 1     0.000000000   0.00
 Li2BeF4
   4  3           0.00000    0.00000    0.00000    0.00000    0.00000    0.00000
       0.00000    0.00000    0.00000    0.00000    0.00000    0.00000    0.00000
       0.00000    0.00000    0.00000    0.00000    0.00000    0.00000    4.00000
       1.00000    2.00000
  800.000000     -1980026.06      201.944526     -79.4271539     -.682655690E-01
 0.121658333E-04  578794.860
 1     0.000000000   0.00
  2000.00000     -2012835.21      653.580264     -148.302897     -.238152800E-02
 0.177238333E-06  3618000.05
 1     0.000000000   0.00
  2000.00001     -2009453.69      675.064808     -151.766289         0.000000000
     0.000000000     0.000000000
 1     0.000000000   0.00
 Na
   4  4           0.00000    0.00000    0.00000    0.00000    0.00000    0.00000
       0.00000    0.00000    0.00000    0.00000    0.00000    0.00000    0.00000
       0.00000    0.00000    0.00000    0.00000    0.00000    1.00000    0.00000
       0.00000    0.00000
  2000.00000      101102.100     -14.4382730     -20.7878640         0.000000000
     0.000000000     0.000000000
 1     0.000000000   0.00
  4000.00000      3131288.18     -3825.07988      320.904490     -.913167460E-02
     0.000000000 -87067690.0
 2 -726550.400      99.00  111786.760       0.50
  6000.00000     -20275279.4      7061.19824     -580.643660         0.000000000
     0.000000000 0.119658500E+10
 2  3929424.20      99.00 -351684.700       0.50
  6000.00001      37334.3947      110.699200     -34.0132604         0.000000000
     0.000000000     0.000000000
 1     0.000000000   0.00
 Na2
   4  4           0.00000    0.00000    0.00000    0.00000    0.00000    0.00000
       0.00000    0.00000    0.00000    0.00000    0.00000    0.00000    0.00000
       0.00000    0.00000    0.00000    0.00000    0.00000    2.00000    0.00000
       0.00000    0.00000
  1700.00000     -27904.5078      1274.25599     -166.848412     0.132352505E-01
     0.000000000  1510882.91
 2  60564.8419      99.00 -20065.8907       0.50
  4400.00000      41398029.0     -79483.0329      7383.70741     -.354279922
 0.689857562E-05 -943386499.
 2 -10772099.0      99.00  1981928.26       0.50
  6000.00000      20823692.2     -8556.15593      637.089792         0.000000000
     0.000000000 -648297562.
 2 -4248696.20      99.00  421151.160       0.50
  6000.00001      82848.0699      137.374121     -50.0702304         0.000000000
     0.000000000     0.000000000
 1     0.000000000   0.00
 NaF
   4  3           0.00000    0.00000    0.00000    0.00000    0.00000    0.00000
       0.00000    0.00000    0.00000    0.00000    0.00000    0.00000    0.00000
       0.00000    0.00000    0.00000    0.00000    0.00000    1.00000    1.00000
       0.00000    0.00000
  577.110000     -307283.473      25.4630960     -36.0220000     -.113395000E-02
     0.000000000  110720.000
 1     0.000000000   0.00
  6000.00000     -308081.373      34.9066520     -37.3980000     -.343360000E-03
     0.000000000  187795.000
 1     0.000000000   0.00
  6000.00001     -320317.136      70.6450245     -41.5078869         0.000000000
     0.000000000     0.000000000
 1     0.000000000   0.00
 Na2F2
   4  6           0.00000    0.00000    0.00000    0.00000    0.00000    0.00000
       0.00000    0.00000    0.00000    0.00000    0.00000    0.00000    0.00000
       0.00000    0.00000    0.00000    0.00000    0.00000    2.00000    2.00000
       0.00000    0.00000
  393.000000     -870571.654      235.660759     -77.0240000     -.452690000E-02
     0.000000000  395725.000
 1     0.000000000   0.00
  518.000000     -872042.450      259.853478     -80.7600000     -.136375000E-02
     0.000000000  492225.000
 1     0.000000000   0.00
  800.000000     -872918.720      271.250953     -82.4480000     -.279705000E-03
     0.000000000  568050.000
 1     0.000000000   0.00
  1363.00000     -873379.785      275.507287     -83.0430000     -.241425000E-04
     0.000000000  627500.000
 1     0.000000000   0.00
  6000.00000     -873558.260      276.329068     -83.1410000     -.241425000E-04
     0.000000000  658100.000
 1     0.000000000   0.00
  6000.00001     -873988.656      278.476499     -83.3941489         0.000000000
     0.000000000     0.000000000
 1     0.000000000   0.00
 LiNaF2
   4  2           0.00000    0.00000    0.00000    0.00000    0.00000    0.00000
       0.00000    0.00000    0.00000    0.00000    0.00000    0.00000    0.00000
       0.00000    0.00000    0.00000    0.00000    0.00000    1.00000    2.00000
       0.00000    1.00000
  2000.00000     -922937.897      336.315791     -89.2838365     0.192604000E-03
     0.000000000  749384.594
 1 -235.292984       0.50
  2000.00001     -923299.367      313.106234     -86.8234004         0.000000000
     0.000000000     0.000000000
 1     0.000000000   0.00
 NaBeF3
   4  4           0.00000    0.00000    0.00000    0.00000    0.00000    0.00000
       0.00000    0.00000    0.00000    0.00000    0.00000    0.00000    0.00000
       0.00000    0.00000    0.00000    0.00000    0.00000    1.00000    3.00000
       1.00000    0.00000
  1000.00000     -1345416.19      480.004038     -113.547700     0.136950000E-03
     0.000000000 -251081.000
 1 -9008.10000      99.00
  2500.00000     -8946036.73     -7154.07985     -107.124600     -.384950000E-03
     0.000000000  871769.000
 2 -5173.80000      99.00  479504.000       0.50
  6000.00000     -8948211.74     -7139.45169     -109.003100         0.000000000
     0.000000000  727630.500
 2 -5173.80000      99.00  479504.000       0.50
  6000.00001      303166.434      10956.9912     -1655.69288         0.000000000
     0.000000000     0.000000000
 1     0.000000000   0.00
 Na2BeF4
   4  4           0.00000    0.00000    0.00000    0.00000    0.00000    0.00000
       0.00000    0.00000    0.00000    0.00000    0.00000    0.00000    0.00000
       0.00000    0.00000    0.00000    0.00000    0.00000    2.00000    4.00000
       1.00000    0.00000
  1000.00000     -1871754.65      714.809038     -163.245000     -.248000000E-03
     0.000000000 -106942.000
 1 -9008.10000      99.00
  2500.00000     -9472375.14     -6919.27495     -156.821900     -.769850000E-03
     0.000000000  1015908.00
 2 -5173.80000      99.00  479504.000       0.50
  6000.00000     -9476725.46     -6890.01838     -160.578900         0.000000000
     0.000000000  727630.500
 2 -5173.80000      99.00  479504.000       0.50
  6000.00001     -225347.288      11206.4245     -1707.26868         0.000000000
     0.000000000     0.000000000
 1     0.000000000   0.00
 Na2Be2F6
   4  4           0.00000    0.00000    0.00000    0.00000    0.00000    0.00000
       0.00000    0.00000    0.00000    0.00000    0.00000    0.00000    0.00000
       0.00000    0.00000    0.00000    0.00000    0.00000    2.00000    6.00000
       2.00000    0.00000
  1000.00000     -2882860.12      1208.76931     -243.724400     0.273900000E-03
     0.000000000 -502162.000
 1 -18016.2000      99.00
  2500.00000     -18084100.6     -14059.3985     -230.878200     -.769850000E-03
     0.000000000  1743538.50
 2 -10347.7000      99.00  959008.000       0.50
  6000.00000     -18088450.9     -14030.1419     -234.635200         0.000000000
     0.000000000  1455260.50
 2 -10347.7000      99.00  959008.000       0.50
  6000.00001      414304.789      22162.7436     -3328.01475         0.000000000
     0.000000000     0.000000000
 1     0.000000000   0.00
 K
   4  4           0.00000    0.00000    0.00000    0.00000    0.00000    0.00000
       0.00000    0.00000    0.00000    0.00000    0.00000    0.00000    0.00000
       0.00000    0.00000    0.00000    0.00000    1.00000    0.00000    0.00000
       0.00000    0.00000
  1900.00000      82842.3510     -21.6567970     -20.7079630     -.383898550E-04
     0.000000000 -2958.09130
 1     0.000000000   0.00
  4300.00000      5829013.23     -7458.77264      648.435940     -.188622440E-01
     0.000000000 -163610860.
 2 -1384080.50      99.00  215405.480       0.50
  6000.00000      332018.897     -747.003032      65.7871600     -.126481950E-01
 0.258849670E-06 -132318600.
 1     0.000000000   0.00
  6000.00001      12117.5924      134.012915     -37.4306846         0.000000000
     0.000000000     0.000000000
 1     0.000000000   0.00
 K2
   4  4           0.00000    0.00000    0.00000    0.00000    0.00000    0.00000
       0.00000    0.00000    0.00000    0.00000    0.00000    0.00000    0.00000
       0.00000    0.00000    0.00000    0.00000    2.00000    0.00000    0.00000
       0.00000    0.00000
  1000.00000     -40921.4986      1652.92838     -212.709633     0.244033451E-01
     0.000000000  1278492.49
 2  64186.8314      99.00 -23946.8759       0.50
  4500.00000     -815190.764      662.432723     -90.4839521     0.124420395E-02
     0.000000000  24012189.5
 2  213919.551      99.00 -27533.9015       0.50
  6000.00000     -1593080.51      245.135121     -50.3657457         0.000000000
     0.000000000  126041044.
 2  313128.962      99.00 -22985.5356       0.50
  6000.00001      143645.973     -135.831064     -21.3661288         0.000000000
     0.000000000     0.000000000
 1     0.000000000   0.00
 KF
   4  5           0.00000    0.00000    0.00000    0.00000    0.00000    0.00000
       0.00000    0.00000    0.00000    0.00000    0.00000    0.00000    0.00000
       0.00000    0.00000    0.00000    0.00000    1.00000    0.00000    1.00000
       0.00000    0.00000
  397.110000     -338808.209      17.3300006     -36.1830000     -.125820000E-02
     0.000000000  75790.0000
 1     0.000000000   0.00
  596.110000     -339148.043      22.8745277     -37.0380000     -.540750000E-03
     0.000000000  98315.0000
 1     0.000000000   0.00
  1105.11000     -339343.573      25.1348206     -37.3660000     -.357595000E-03
     0.000000000  117715.000
 1     0.000000000   0.00
  6000.11000     -339395.599      25.4873511     -37.4130000     -.343195000E-03
     0.000000000  127480.000
 1     0.000000000   0.00
  6000.11001     -351666.087      61.2434103     -41.5243335         0.000000000
     0.000000000     0.000000000
 1     0.000000000   0.00
 K2F2
   4  5           0.00000    0.00000    0.00000    0.00000    0.00000    0.00000
       0.00000    0.00000    0.00000    0.00000    0.00000    0.00000    0.00000
       0.00000    0.00000    0.00000    0.00000    2.00000    0.00000    2.00000
       0.00000    0.00000
  405.000000     -885724.651      236.665446     -82.3470000     -.589300000E-03
     0.000000000  185525.000
 1     0.000000000   0.00
  600.000000     -885957.195      240.398892     -82.9210000     -.117075000E-03
     0.000000000  201225.000
 1     0.000000000   0.00
  1082.00000     -886071.924      241.728428     -83.1140000     -.909900000E-05
     0.000000000  212565.000
 1     0.000000000   0.00
  6000.00000     -886103.296      241.945371     -83.1430000     -.629550000E-07
     0.000000000  218285.000
 1     0.000000000   0.00
  6000.00001     -885960.039      241.828254     -83.1316285         0.000000000
     0.000000000     0.000000000
 1     0.000000000   0.00
 NaKF2
   4  2           0.00000    0.00000    0.00000    0.00000    0.00000    0.00000
       0.00000    0.00000    0.00000    0.00000    0.00000    0.00000    0.00000
       0.00000    0.00000    0.00000    0.00000    1.00000    1.00000    2.00000
       0.00000    0.00000
  2000.00000     -881983.035      298.598589     -88.6729759     0.108474000E-03
     0.000000000  321966.424
 1 -177.694980       0.50
  2000.00001     -882891.896      283.305140     -87.0847516         0.000000000
     0.000000000     0.000000000
 1     0.000000000   0.00
 Cr
   4  1           0.00000    0.00000    0.00000    0.00000    0.00000    0.00000
       0.00000    0.00000    0.00000    0.00000    0.00000    0.00000    0.00000
       0.00000    0.00000    0.00000    1.00000    0.00000    0.00000    0.00000
       0.00000    0.00000
  6000.00000      413835.144     -43.9620123     -20.7858720         0.000000000
     0.000000000     0.000000000
 1     0.000000000   0.00
 CrF
   4  5           0.00000    0.00000    0.00000    0.00000    0.00000    0.00000
       0.00000    0.00000    0.00000    0.00000    0.00000    0.00000    0.00000
       0.00000    0.00000    0.00000    1.00000    0.00000    0.00000    1.00000
       0.00000    0.00000
  1300.00000      21313.5018      1.13904603     -35.6396100     -.144698000E-02
 0.158804617E-06  128702.300
 1     0.000000000   0.00
  3600.00000      6472.96753      107.506795     -50.1627200     0.504146500E-02
 -.408748500E-06  3009590.00
 1     0.000000000   0.00
  5600.00000      375311.088     -1044.34399      88.7484000     -.181029700E-01
 0.310683500E-06 -179831400.
 1     0.000000000   0.00
  6000.00000      963307.401     -2528.76663      262.727100     -.409253400E-01
 0.870545667E-06 -551625500.
 1     0.000000000   0.00
  6000.00001     -125603.716      326.316364     -70.9849771         0.000000000
     0.000000000     0.000000000
 1     0.000000000   0.00
 CrF2
   4  4           0.00000    0.00000    0.00000    0.00000    0.00000    0.00000
       0.00000    0.00000    0.00000    0.00000    0.00000    0.00000    0.00000
       0.00000    0.00000    0.00000    1.00000    0.00000    0.00000    2.00000
       0.00000    0.00000
  1000.00000     -433874.609      124.159063     -57.5644000     -.373016100E-02
 0.528135500E-06  271344.950
 1     0.000000000   0.00
  2700.00000     -427744.227      93.9251039     -53.9628700     -.271995650E-02
 0.152399583E-07 -1000874.00
 1     0.000000000   0.00
  6000.00000     -483473.528      258.855068     -73.3916900     -.716517000E-03
 0.493963667E-07  24947695.0
 1     0.000000000   0.00
  6000.00001     -449957.883      221.363634     -69.9342957         0.000000000
     0.000000000     0.000000000
 1     0.000000000   0.00
 CrF3
   4  4           0.00000    0.00000    0.00000    0.00000    0.00000    0.00000
       0.00000    0.00000    0.00000    0.00000    0.00000    0.00000    0.00000
       0.00000    0.00000    0.00000    1.00000    0.00000    0.00000    3.00000
       0.00000    0.00000
  800.000000     -824289.784      173.285210     -70.1788800     -.101615400E-01
 0.134176483E-05  392630.700
 1     0.000000000   0.00
  2700.00000     -821798.422      161.345508     -68.9142600     -.824517000E-02
 0.558291167E-06 -29555.5550
 1     0.000000000   0.00
  6000.00000     -857802.209      387.725961     -98.8934600     0.187187100E-02
 -.474447833E-07  6676940.00
 1     0.000000000   0.00
  6000.00001     -826955.853      282.807410     -86.3081401         0.000000000
     0.000000000     0.000000000
 1     0.000000000   0.00
 Fe
   4  1           0.00000    0.00000    0.00000    0.00000    0.00000    0.00000
       0.00000    0.00000    0.00000    0.00000    0.00000    0.00000    0.00000
       0.00000    0.00000    1.00000    0.00000    0.00000    0.00000    0.00000
       0.00000    0.00000
  6000.00000      398104.440      8.29084726     -27.0621120         0.000000000
     0.000000000     0.000000000
 1     0.000000000   0.00
 FeF2
   4  3           0.00000    0.00000    0.00000    0.00000    0.00000    0.00000
       0.00000    0.00000    0.00000    0.00000    0.00000    0.00000    0.00000
       0.00000    0.00000    1.00000    0.00000    0.00000    0.00000    2.00000
       0.00000    0.00000
  2000.00000     -447491.754      146.058230     -63.7430000     -.112425000E-02
 -.237681667E-06 -212545.000
 1     0.000000000   0.00
  6000.00000     -460797.504      186.138490     -68.5220000     -.114800000E-02
 0.162733333E-07  7503485.00
 1     0.000000000   0.00
  6000.00001     -483063.021      269.394570     -78.3660997         0.000000000
     0.000000000     0.000000000
 1     0.000000000   0.00
 Ni
   4  1           0.00000    0.00000    0.00000    0.00000    0.00000    0.00000
       0.00000    0.00000    0.00000    0.00000    0.00000    0.00000    0.00000
       0.00000    1.00000    0.00000    0.00000    0.00000    0.00000    0.00000
       0.00000    0.00000
  6000.00000      425694.681     -35.1220122     -22.3927680         0.000000000
     0.000000000     0.000000000
 1     0.000000000   0.00
 NiF
   4  2           0.00000    0.00000    0.00000    0.00000    0.00000    0.00000
       0.00000    0.00000    0.00000    0.00000    0.00000    0.00000    0.00000
       0.00000    1.00000    0.00000    0.00000    0.00000    0.00000    1.00000
       0.00000    0.00000
  2000.00000      91380.8513      18.8174472     -38.0995040     -.840984000E-03
     0.000000000  266102.400
 1     0.000000000   0.00
  2000.00001      88549.1201      43.1755106     -41.3303888         0.000000000
     0.000000000     0.000000000
 1     0.000000000   0.00
 NiF2
   4  4           0.00000    0.00000    0.00000    0.00000    0.00000    0.00000
       0.00000    0.00000    0.00000    0.00000    0.00000    0.00000    0.00000
       0.00000    1.00000    0.00000    0.00000    0.00000    0.00000    2.00000
       0.00000    0.00000
  800.000000     -356947.247      84.6817342     -51.7890000     -.117859000E-01
 0.187522167E-05  243375.000
 1     0.000000000   0.00
  3300.00000     -364752.960      177.601228     -65.6190000     -.376350000E-03
 0.242816667E-07  1102760.00
 1     0.000000000   0.00
  6000.00000     -358030.259      162.704302     -63.9720000     -.365850000E-03
 0.864333333E-08 -2687695.00
 1     0.000000000   0.00
  6000.00001     -365524.816      185.244740     -66.6445564         0.000000000
     0.000000000     0.000000000
 1     0.000000000   0.00
 Rb
   4  5           0.00000    0.00000    0.00000    0.00000    0.00000    0.00000
       0.00000    0.00000    0.00000    0.00000    0.00000    0.00000    0.00000
       1.00000    0.00000    0.00000    0.00000    0.00000    0.00000    0.00000
       0.00000    0.00000
  2200.00000      74557.3692     -28.4751400     -21.1580346     0.351676663E-03
 -.535962839E-07  9359.44841
 1     0.000000000   0.00
  4300.00000     -9334383.60      12168.4637     -1132.94923     0.462692916E-01
 -.110623068E-05  293142502.
 2  2236012.11      99.00 -344381.945       0.50
  5500.00000      514067690.      222391.508     -23417.0391      1.57462395
 -.265700005E-04 -.474320428E+11
 1 -77057725.7      99.00
  6000.00000      14611438.0      2301.94403     -235.846659         0.000000000
     0.000000000 -.244650101E+10
 1 -1944034.81      99.00
  6000.00001     -43652.5608      221.523807     -47.7575809         0.000000000
     0.000000000     0.000000000
 1     0.000000000   0.00
 Rb2
   4  3           0.00000    0.00000    0.00000    0.00000    0.00000    0.00000
       0.00000    0.00000    0.00000    0.00000    0.00000    0.00000    0.00000
       2.00000    0.00000    0.00000    0.00000    0.00000    0.00000    0.00000
       0.00000    0.00000
  1400.00000      205944.930      445.695605     -100.328786     0.300756808E-01
 -.240481431E-05 -1471440.54
 1 -23448.4642      99.00
  6000.00000     -16309.1566     -103.934222     -25.2337518         0.000000000
     0.000000000 -1186733.83
 2  29978.8711      99.00 -2799.97522       0.50
  6000.00001      129522.289     -155.529000     -21.2592788         0.000000000
     0.000000000     0.000000000
 1     0.000000000   0.00
 RbF
   4  2           0.00000    0.00000    0.00000    0.00000    0.00000    0.00000
       0.00000    0.00000    0.00000    0.00000    0.00000    0.00000    0.00000
       1.00000    0.00000    0.00000    0.00000    0.00000    0.00000    1.00000
       0.00000    0.00000
  2000.00000     -343386.686      17.2787599     -37.7731011     -.378646315E-03
     0.000000000  102709.156
 1     0.000000000   0.00
  2000.00001     -344695.853      28.3236018     -39.2363318         0.000000000
     0.000000000     0.000000000
 1     0.000000000   0.00
 Rb2F2
   4  3           0.00000    0.00000    0.00000    0.00000    0.00000    0.00000
       0.00000    0.00000    0.00000    0.00000    0.00000    0.00000    0.00000
       2.00000    0.00000    0.00000    0.00000    0.00000    0.00000    2.00000
       0.00000    0.00000
  700.000000     -872041.182      386.750072     -103.300000     0.436050000E-02
     0.000000000     0.000000000
 1 -1432.80000       0.50
  2000.00000     -877228.255      250.865293     -87.2600000     0.224950000E-03
     0.000000000     0.000000000
 1 -345.120000       0.50
  2000.00001     -880187.014      223.573898     -84.4309205         0.000000000
     0.000000000     0.000000000
 1     0.000000000   0.00
 Sr
   4  7           0.00000    0.00000    0.00000    0.00000    0.00000    0.00000
       0.00000    0.00000    0.00000    0.00000    0.00000    0.00000    1.00000
       0.00000    0.00000    0.00000    0.00000    0.00000    0.00000    0.00000
       0.00000    0.00000
  1800.00000      153602.922     -22.5981703     -20.9854900     0.195129800E-03
 -.309095833E-07  4675.23650
 1     0.000000000   0.00
  3300.00000      110622.883      243.910806     -56.5277600     0.133862000E-01
 -.957800833E-06  9843260.00
 1     0.000000000   0.00
  4900.00000      770247.913     -2113.22282      233.253000     -.433779600E-01
 0.113459200E-05 -272507350.
 1     0.000000000   0.00
  6200.00000     -197367.294      264.872068     -44.4589200     -.807866500E-02
 0.296671167E-06  357637000.
 1     0.000000000   0.00
  9600.00000     -949681.502      1953.67837     -239.305900     0.142143700E-01
 -.179062000E-06  898420000.
 1     0.000000000   0.00
  10000.0000      33681.1758      476.502384     -77.2554700     0.232914000E-02
 -.154504333E-07 -222453250.
 1     0.000000000   0.00
  10000.0001      115812.142      185.127321     -44.3919950         0.000000000
     0.000000000     0.000000000
 1     0.000000000   0.00
 Sr2
   4  3           0.00000    0.00000    0.00000    0.00000    0.00000    0.00000
       0.00000    0.00000    0.00000    0.00000    0.00000    0.00000    2.00000
       0.00000    0.00000    0.00000    0.00000    0.00000    0.00000    0.00000
       0.00000    0.00000
  500.000000      296202.760      61.7700390     -54.1363400     0.404852250E-01
 -.926416500E-05 -70453.7500
 1     0.000000000   0.00
  3000.00000      308348.288     -147.486671     -20.9592600     0.101263600E-03
 -.803856667E-08 -905190.500
 1     0.000000000   0.00
  3000.00001      307184.574     -146.746488     -20.9869144         0.000000000
     0.000000000     0.000000000
 1     0.000000000   0.00
 SrF
   4  4           0.00000    0.00000    0.00000    0.00000    0.00000    0.00000
       0.00000    0.00000    0.00000    0.00000    0.00000    0.00000    1.00000
       0.00000    0.00000    0.00000    0.00000    0.00000    0.00000    1.00000
       0.00000    0.00000
  1400.00000     -306236.927      6.11045190     -36.4747700     -.874567000E-03
 0.822686000E-07  109568.900
 1     0.000000000   0.00
  3700.00000     -311704.234      45.1765866     -41.8124700     0.153523300E-02
 -.131441050E-06  1190996.50
 1     0.000000000   0.00
  6000.00000     -231315.402     -214.370089     -10.3416800     -.398373300E-02
 0.515904667E-07 -37583825.0
 1     0.000000000   0.00
  6000.00001     -355211.510      120.289759     -49.0909255         0.000000000
     0.000000000     0.000000000
 1     0.000000000   0.00
 SrF2
   4  3           0.00000    0.00000    0.00000    0.00000    0.00000    0.00000
       0.00000    0.00000    0.00000    0.00000    0.00000    0.00000    1.00000
       0.00000    0.00000    0.00000    0.00000    0.00000    0.00000    2.00000
       0.00000    0.00000
  1200.00000     -784360.938      90.6140301     -56.6639100     -.119165950E-02
 0.167698833E-06  190689.550
 1     0.000000000   0.00
  6000.00000     -785191.794      100.841008     -58.1839600     -.324544500E-05
 0.116670833E-09  274058.300
 1     0.000000000   0.00
  6000.00001     -785025.121      100.792685     -58.1824790         0.000000000
     0.000000000     0.000000000
 1     0.000000000   0.00
 Y
   4  6           0.00000    0.00000    0.00000    0.00000    0.00000    0.00000
       0.00000    0.00000    0.00000    0.00000    0.00000    1.00000    0.00000
       0.00000    0.00000    0.00000    0.00000    0.00000    0.00000    0.00000
       0.00000    0.00000
  700.000000      413926.156      43.9423590     -34.1979100     0.122297000E-01
 -.214534333E-05  97071.5000
 1     0.000000000   0.00
  2000.00000      417505.307     -13.2762864     -25.2908200     0.276847600E-02
 -.316989500E-06 -157006.600
 1     0.000000000   0.00
  3300.00000      439627.780     -100.082079     -14.6487600     0.118223300E-02
 -.339037833E-06 -7693105.00
 1     0.000000000   0.00
  5500.00000      656873.926     -957.210194      92.1507100     -.220504850E-01
 0.604918167E-06 -90137500.0
 1     0.000000000   0.00
  10000.0000     -81672.0087      877.446829     -122.453200     0.566611500E-02
 -.661492667E-07  386585700.
 1     0.000000000   0.00
  10000.0001      374976.705      136.299722     -41.0887460         0.000000000
     0.000000000     0.000000000
 1     0.000000000   0.00
 YF
   4  3           0.00000    0.00000    0.00000    0.00000    0.00000    0.00000
       0.00000    0.00000    0.00000    0.00000    0.00000    1.00000    0.00000
       0.00000    0.00000    0.00000    0.00000    0.00000    0.00000    1.00000
       0.00000    0.00000
  1000.00000     -152582.515      370.409069     -91.6540000     0.414877000E-01
 -.588813333E-05  1242055.00
 1     0.000000000   0.00
  6000.00000     -120091.452     -4.14102276     -36.4430000     -.113100000E-03
 -.300416667E-07 -2340285.00
 1     0.000000000   0.00
  6000.00001     -151679.242      68.6877083     -44.4192158         0.000000000
     0.000000000     0.000000000
 1     0.000000000   0.00
 Zr
   4  3           0.00000    0.00000    0.00000    0.00000    0.00000    0.00000
       0.00000    0.00000    0.00000    0.00000    1.00000    0.00000    0.00000
       0.00000    0.00000    0.00000    0.00000    0.00000    0.00000    0.00000
       0.00000    0.00000
  1100.00000      717058.664     -1339.63367      114.498503     -.175174292E-01
     0.000000000 -774803.992
 2 -50295.0769      99.00  19344.6551       0.50
  3300.00000      2862028.09     -2954.20625      236.499093     -.649872281E-02
 -.779720794E-07 -55523774.8
 2 -554783.311      99.00  87508.8788       0.50
  3300.00001      584388.733      64.6563397     -34.4017343         0.000000000
     0.000000000     0.000000000
 1     0.000000000   0.00
 ZrF
   4  3           0.00000    0.00000    0.00000    0.00000    0.00000    0.00000
       0.00000    0.00000    0.00000    0.00000    1.00000    0.00000    0.00000
       0.00000    0.00000    0.00000    0.00000    0.00000    0.00000    1.00000
       0.00000    0.00000
  2000.00000      66742.2332     -134.887229     -19.3317318     -.843579745E-02
 0.586521430E-06  200259.788
 1  958.458884       0.50
  6000.00000     -734211.826      474.788485     -78.1330050         0.000000000
     0.000000000  38818598.9
 2  162662.378      99.00 -17136.9869       0.50
  6000.00001      49569.9140      95.7674166     -47.7774251         0.000000000
     0.000000000     0.000000000
 1     0.000000000   0.00
 ZrF2
   4  4           0.00000    0.00000    0.00000    0.00000    0.00000    0.00000
       0.00000    0.00000    0.00000    0.00000    1.00000    0.00000    0.00000
       0.00000    0.00000    0.00000    0.00000    0.00000    0.00000    2.00000
       0.00000    0.00000
  1600.00000     -547321.434      205.661356     -70.4620790     0.557125832E-02
 -.668778776E-06 -130142.518
 1 -6492.68931      99.00
  3800.00000     -105413.315      276.083068     -77.0224885     0.493626924E-03
     0.000000000 -23096906.5
 2 -82715.0387      99.00  2745.56737       0.50
  6000.00000      880444.861     -69.0391167     -48.2740099         0.000000000
     0.000000000 -95324489.2
 2 -265762.822      99.00  18320.2214       0.50
  6000.00001     -608817.178      202.825273     -68.4042716         0.000000000
     0.000000000     0.000000000
 1     0.000000000   0.00
 ZrF3
   4  3           0.00000    0.00000    0.00000    0.00000    0.00000    0.00000
       0.00000    0.00000    0.00000    0.00000    1.00000    0.00000    0.00000
       0.00000    0.00000    0.00000    0.00000    0.00000    0.00000    3.00000
       0.00000    0.00000
  1200.00000     -1080554.57      376.596837     -96.9587612     -.181969517E-03
 0.286300246E-06 -341255.723
 1 -10958.4822      99.00
  6000.00000     -1241727.90      284.791291     -86.2797957         0.000000000
     0.000000000  6107049.68
 2  18448.8394      99.00 -957.209338       0.50
  6000.00001     -1132594.54      278.085487     -85.9259418         0.000000000
     0.000000000     0.000000000
 1     0.000000000   0.00
 ZrF4
   4  3           0.00000    0.00000    0.00000    0.00000    0.00000    0.00000
       0.00000    0.00000    0.00000    0.00000    1.00000    0.00000    0.00000
       0.00000    0.00000    0.00000    0.00000    0.00000    0.00000    4.00000
       0.00000    0.00000
  1000.00000     -1696320.13      142.973176     -63.5661000     -.761045000E-01
 0.375301667E-04  238236.000
 2 -.132758333E-07   4.00 0.220024000E-11   5.00
  6000.00000     -1709980.27      406.110746     -106.916700     -.716975000E-03
 0.124513333E-06  1173135.00
 2 -.153375000E-10   4.00 0.878150000E-15   5.00
  6000.00001     -1697070.45      390.138312     -105.553498         0.000000000
     0.000000000     0.000000000
 1     0.000000000   0.00
 Li2ZrF6
   4  5           0.00000    0.00000    0.00000    0.00000    0.00000    0.00000
       0.00000    0.00000    0.00000    0.00000    1.00000    0.00000    0.00000
       0.00000    0.00000    0.00000    0.00000    0.00000    0.00000    6.00000
       0.00000    2.00000
  500.000000     -2886098.26      591.857710     -147.473448     -.576397040E-01
 0.121883500E-04  386674.734
 1     0.000000000   0.00
  950.000000     -2898043.84      807.961694     -182.005666     -.138567725E-01
 0.193778333E-05  1152316.80
 1     0.000000000   0.00
  1400.00000     -2896828.13      821.270659     -184.604457     -.887468900E-02
 0.868323333E-06  666822.632
 1     0.000000000   0.00
  2500.00000     -2900180.03      872.157788     -192.193690     -.326833850E-02
 0.181943333E-06  630821.059
 1     0.000000000   0.00
  2500.00001     -2908226.37      941.339839     -201.510645         0.000000000
     0.000000000     0.000000000
 1     0.000000000   0.00
 LiZr2F9
   4  5           0.00000    0.00000    0.00000    0.00000    0.00000    0.00000
       0.00000    0.00000    0.00000    0.00000    2.00000    0.00000    0.00000
       0.00000    0.00000    0.00000    0.00000    0.00000    0.00000    9.00000
       0.00000    1.00000
  500.000000     -4165458.82      849.396409     -201.389648     -.790224730E-01
 0.176493333E-04  724960.711
 1     0.000000000   0.00
  950.000000     -4182058.58      1153.68267     -250.176712     -.155401750E-01
 0.222491667E-05  1780135.82
 1     0.000000000   0.00
  1400.00000     -4178478.76      1149.81487     -250.465169     -.113023885E-01
 0.115392500E-05  893909.674
 1     0.000000000   0.00
  2500.00000     -4185043.27      1231.08297     -262.377849     -.316261000E-02
 0.194061667E-06  1295009.82
 1     0.000000000   0.00
  2500.00001     -4190608.72      1290.36440     -270.499183         0.000000000
     0.000000000     0.000000000
 1     0.000000000   0.00
 I
   4  4           0.00000    0.00000    0.00000    0.00000    0.00000    0.00000
       0.00000    0.00000    0.00000    1.00000    0.00000    0.00000    0.00000
       0.00000    0.00000    0.00000    0.00000    0.00000    0.00000    0.00000
       0.00000    0.00000
  2000.00000      102145.534     -33.9506259     -21.8328311     0.635667936E-03
 -.913299320E-07 -21953.6719
 1 -360.622927      99.00
  4000.00000      24582.9958      299.514800     -52.4554130     0.814713454E-03
     0.000000000 -2261162.47
 2  29214.0939      99.00 -7803.24117       0.50
  6000.00000      434399.600     -175.205821     -10.7776812         0.000000000
     0.000000000 -9287643.50
 2 -70309.2577      99.00  7163.83212       0.50
  6000.00001      95896.9414     -24.8157748     -22.6966206         0.000000000
     0.000000000     0.000000000
 1     0.000000000   0.00
 I2
   4  4           0.00000    0.00000    0.00000    0.00000    0.00000    0.00000
       0.00000    0.00000    0.00000    2.00000    0.00000    0.00000    0.00000
       0.00000    0.00000    0.00000    0.00000    0.00000    0.00000    0.00000
       0.00000    0.00000
  1500.00000      64304.9240      51.5350130     -45.7599123     0.457487073E-02
 -.688917167E-06 -158308.574
 1 -3000.50116      99.00
  3500.00000     -26111008.8      52563.8138     -4957.05590     0.239732879
 -.482596859E-05  575195177.
 2  6904402.80      99.00 -1294379.29       0.50
  6000.00000     -6987114.40      1175.82104     -123.658194         0.000000000
     0.000000000  487487047.
 2  1255865.40      99.00 -85245.1324       0.50
  6000.00001      100800.823     -79.7414542     -30.7589980         0.000000000
     0.000000000     0.000000000
 1     0.000000000   0.00
 LiI
   4  2           0.00000    0.00000    0.00000    0.00000    0.00000    0.00000
       0.00000    0.00000    0.00000    1.00000    0.00000    0.00000    0.00000
       0.00000    0.00000    0.00000    0.00000    0.00000    0.00000    0.00000
       0.00000    1.00000
  2000.00000     -98183.7731      15.0785032     -36.9991120     -.481160000E-03
     0.000000000  120708.400
 1     0.000000000   0.00
  2000.00001     -99866.9963      29.1582264     -38.8633978         0.000000000
     0.000000000     0.000000000
 1     0.000000000   0.00
 Li2I2
   4  2           0.00000    0.00000    0.00000    0.00000    0.00000    0.00000
       0.00000    0.00000    0.00000    2.00000    0.00000    0.00000    0.00000
       0.00000    0.00000    0.00000    0.00000    0.00000    0.00000    0.00000
       0.00000    2.00000
  2000.00000     -383481.487      223.614994     -82.7009440     -.142256000E-03
     0.000000000  299574.400
 1     0.000000000   0.00
  2000.00001     -383451.362      226.576892     -83.1201808         0.000000000
     0.000000000     0.000000000
 1     0.000000000   0.00
 Li3I3
   4  2           0.00000    0.00000    0.00000    0.00000    0.00000    0.00000
       0.00000    0.00000    0.00000    3.00000    0.00000    0.00000    0.00000
       0.00000    0.00000    0.00000    0.00000    0.00000    0.00000    0.00000
       0.00000    3.00000
  6000.00000     -639373.240      468.977094     -132.672400     -.905506500E-04
 0.361690667E-08  499566.200
 1     0.000000000   0.00
  6000.00001     -639175.012      470.959843     -132.950002         0.000000000
     0.000000000     0.000000000
 1     0.000000000   0.00
 BeI2
   4  2           0.00000    0.00000    0.00000    0.00000    0.00000    0.00000
       0.00000    0.00000    0.00000    2.00000    0.00000    0.00000    0.00000
       0.00000    0.00000    0.00000    0.00000    0.00000    0.00000    0.00000
       1.00000    0.00000
  2000.00000     -78494.8243      201.063231     -69.4408123     0.657331000E-03
     0.000000000  79170.8442
 1 -854.994300       0.50
  2000.00001     -85266.2855      130.050047     -61.9923395         0.000000000
     0.000000000     0.000000000
 1     0.000000000   0.00
 Be2I4
   4  2           0.00000    0.00000    0.00000    0.00000    0.00000    0.00000
       0.00000    0.00000    0.00000    4.00000    0.00000    0.00000    0.00000
       0.00000    0.00000    0.00000    0.00000    0.00000    0.00000    0.00000
       2.00000    0.00000
  2000.00000     -237989.649      524.235463     -138.881625     0.131466200E-02
     0.000000000  158341.688
 1 -1709.98860       0.50
  2000.00001     -251532.571      382.209095     -123.984679         0.000000000
     0.000000000     0.000000000
 1     0.000000000   0.00
 NaI
   4  4           0.00000    0.00000    0.00000    0.00000    0.00000    0.00000
       0.00000    0.00000    0.00000    1.00000    0.00000    0.00000    0.00000
       0.00000    0.00000    0.00000    0.00000    0.00000    1.00000    0.00000
       0.00000    0.00000
  3500.00000     -101086.478      3.87726200     -37.3515000     -.362943300E-03
 -.262259500E-07  41513.6750
 1     0.000000000   0.00
  5800.00000     -118224.703      1.91361692     -36.0594000     -.223295050E-02
 0.978248667E-07  16474615.0
 1     0.000000000   0.00
  6000.00000      2050769.04     -4811.62793      518.601200     -.650848500E-01
 0.142907250E-05 -.156929000E+10
 1     0.000000000   0.00
  6000.00001     -103760.254      32.3703603     -40.9201178         0.000000000
     0.000000000     0.000000000
 1     0.000000000   0.00
 Na2I2
   4  2           0.00000    0.00000    0.00000    0.00000    0.00000    0.00000
       0.00000    0.00000    0.00000    2.00000    0.00000    0.00000    0.00000
       0.00000    0.00000    0.00000    0.00000    0.00000    2.00000    0.00000
       0.00000    0.00000
  6000.00000     -380276.266      189.091345     -83.1302400     -.356547850E-05
 0.142667450E-09  92527.2000
 1     0.000000000   0.00
  6000.00001     -380219.674      189.127636     -83.1370692         0.000000000
     0.000000000     0.000000000
 1     0.000000000   0.00
 KI
   4  2           0.00000    0.00000    0.00000    0.00000    0.00000    0.00000
       0.00000    0.00000    0.00000    1.00000    0.00000    0.00000    0.00000
       0.00000    0.00000    0.00000    0.00000    1.00000    0.00000    0.00000
       0.00000    0.00000
  6000.00000     -140455.291     -5.38499462     -37.6758500     -.160984000E-03
 -.600028500E-07  30522.4300
 1     0.000000000   0.00
  6000.00001     -198072.829      130.634877     -52.5665779         0.000000000
     0.000000000     0.000000000
 1     0.000000000   0.00
 K2I2
   4  2           0.00000    0.00000    0.00000    0.00000    0.00000    0.00000
       0.00000    0.00000    0.00000    2.00000    0.00000    0.00000    0.00000
       0.00000    0.00000    0.00000    0.00000    2.00000    0.00000    0.00000
       0.00000    0.00000
  6000.00000     -444033.359      163.445854     -83.1403600     -.938148000E-06
 0.350776667E-10  49042.6250
 1     0.000000000   0.00
  6000.00001     -444004.131      163.446299     -83.1413164         0.000000000
     0.000000000     0.000000000
 1     0.000000000   0.00
 CrI
   4  4           0.00000    0.00000    0.00000    0.00000    0.00000    0.00000
       0.00000    0.00000    0.00000    1.00000    0.00000    0.00000    0.00000
       0.00000    0.00000    0.00000    1.00000    0.00000    0.00000    0.00000
       0.00000    0.00000
  2200.00000      204815.305     -18.9342765     -38.1269100     0.449171100E-03
 -.118888950E-06  56019.9000
 1     0.000000000   0.00
  4700.00000      233974.556     -124.907581     -25.2525300     -.139973100E-02
 -.126489950E-06 -10884770.0
 1     0.000000000   0.00
  6000.00000      746681.215     -1554.80048      144.679200     -.265767900E-01
 0.576435833E-06 -302823000.
 1     0.000000000   0.00
  6000.00001      86075.3354      245.820304     -66.5556400         0.000000000
     0.000000000     0.000000000
 1     0.000000000   0.00
 CrI2
   4  4           0.00000    0.00000    0.00000    0.00000    0.00000    0.00000
       0.00000    0.00000    0.00000    2.00000    0.00000    0.00000    0.00000
       0.00000    0.00000    0.00000    1.00000    0.00000    0.00000    0.00000
       0.00000    0.00000
  1600.00000      90451.0933      93.3856172     -63.8849500     0.228581050E-02
 -.590906167E-06  100399.050
 1     0.000000000   0.00
  3900.00000      93195.8040      18.6912761     -52.6167600     -.581965500E-02
 0.292229000E-06  1515635.00
 1     0.000000000   0.00
  6000.00000      733.065824      376.338982     -97.0154300     0.349822800E-02
 -.688194333E-07  37003415.0
 1     0.000000000   0.00
  6000.00001      91878.2268      126.927509     -67.8459463         0.000000000
     0.000000000     0.000000000
 1     0.000000000   0.00
 CrI3
   4  4           0.00000    0.00000    0.00000    0.00000    0.00000    0.00000
       0.00000    0.00000    0.00000    3.00000    0.00000    0.00000    0.00000
       0.00000    0.00000    0.00000    1.00000    0.00000    0.00000    0.00000
       0.00000    0.00000
  900.000000      26374.6213      134.699235     -80.9709600     -.702169000E-03
 -.781210167E-06  56657.3000
 1     0.000000000   0.00
  2300.00000      14910.1057      201.270304     -89.2449400     -.178984800E-02
 0.259741000E-06  2151236.50
 1     0.000000000   0.00
  6000.00000      29552.5516      185.291883     -88.3211700     0.560004000E-03
 -.166472000E-07 -5683355.00
 1     0.000000000   0.00
  6000.00001      31540.6114      163.130712     -85.5126591         0.000000000
     0.000000000     0.000000000
 1     0.000000000   0.00
 FeI
   4  6           0.00000    0.00000    0.00000    0.00000    0.00000    0.00000
       0.00000    0.00000    0.00000    1.00000    0.00000    0.00000    0.00000
       0.00000    0.00000    1.00000    0.00000    0.00000    0.00000    0.00000
       0.00000    0.00000
  600.000000      264165.605      211.502313     -74.5750000     0.350558000E-01
 -.687787833E-05  438655.000
 1     0.000000000   0.00
  1200.00000      279097.392     -11.8095321     -40.0940000     -.334250000E-03
 -.630133333E-07 -773220.000
 1     0.000000000   0.00
  2700.00000      280196.405     -21.8851698     -38.6540000     -.124640000E-02
 0.515266667E-07 -946415.000
 1     0.000000000   0.00
  4500.00000      261614.706      27.9910301     -44.3920000     -.939550000E-03
 0.876783333E-07  8164980.00
 1     0.000000000   0.00
  6000.00000      143798.387      385.205256     -87.3110000     0.600845000E-02
 -.123076667E-06  68842350.0
 1     0.000000000   0.00
  6000.00001      299659.247     -36.4856937     -37.9695850         0.000000000
     0.000000000     0.000000000
 1     0.000000000   0.00
 FeI2
   4  5           0.00000    0.00000    0.00000    0.00000    0.00000    0.00000
       0.00000    0.00000    0.00000    2.00000    0.00000    0.00000    0.00000
       0.00000    0.00000    1.00000    0.00000    0.00000    0.00000    0.00000
       0.00000    0.00000
  700.000000      52006.6740      155.804559     -74.0870100     0.112866500E-01
 -.219373500E-05  91280.0000
 1     0.000000000   0.00
  1400.00000      59941.1041      53.5432157     -58.7070000     -.203810000E-02
 -.108833333E-07 -678760.000
 1     0.000000000   0.00
  2900.00000      56062.4069      63.7346229     -59.6900000     -.298325000E-02
 0.190961667E-06  551650.000
 1     0.000000000   0.00
  6000.00000      29359.3459      192.011853     -76.1220000     0.144545000E-02
 -.301166667E-07  8543860.00
 1     0.000000000   0.00
  6000.00001      61070.6526      96.1186830     -64.8071411         0.000000000
     0.000000000     0.000000000
 1     0.000000000   0.00
 FeI3
   4  2           0.00000    0.00000    0.00000    0.00000    0.00000    0.00000
       0.00000    0.00000    0.00000    3.00000    0.00000    0.00000    0.00000
       0.00000    0.00000    1.00000    0.00000    0.00000    0.00000    0.00000
       0.00000    0.00000
  6000.00000      20225.2899      153.673641     -83.0860100     -.136500000E-04
 0.493333333E-09  139300.000
 1     0.000000000   0.00
  6000.00001      20252.9966      154.039388     -83.1355111         0.000000000
     0.000000000     0.000000000
 1     0.000000000   0.00
 NiI
   4  6           0.00000    0.00000    0.00000    0.00000    0.00000    0.00000
       0.00000    0.00000    0.00000    1.00000    0.00000    0.00000    0.00000
       0.00000    1.00000    0.00000    0.00000    0.00000    0.00000    0.00000
       0.00000    0.00000
  600.000000      233411.776     -27.3993278     -34.8950000     -.102830000E-01
 0.223609167E-05 -27770.0000
 1     0.000000000   0.00
  1300.00000      227637.820      60.0637413     -48.4290000     0.378470000E-02
 -.499080000E-06  433130.000
 1     0.000000000   0.00
  3000.00000      237005.545     -15.2988460     -37.9540000     -.149610000E-02
 0.762833333E-08 -1158265.00
 1     0.000000000   0.00
  5200.00000      249295.411     -90.1438811     -28.1490000     -.448720000E-02
 0.166058333E-06 -3017585.00
 1     0.000000000   0.00
  6000.00000      76131.1358      365.365950     -81.8440000     0.292370000E-02
 -.258850000E-07  101927450.
 1     0.000000000   0.00
  6000.00001      226971.329      53.8285132     -46.6881239         0.000000000
     0.000000000     0.000000000
 1     0.000000000   0.00
 NiI2
   4  4           0.00000    0.00000    0.00000    0.00000    0.00000    0.00000
       0.00000    0.00000    0.00000    2.00000    0.00000    0.00000    0.00000
       0.00000    1.00000    0.00000    0.00000    0.00000    0.00000    0.00000
       0.00000    0.00000
  700.000000      98236.7097      51.2242312     -56.7860000     -.105556500E-01
 0.185223333E-05  45080.0000
 1     0.000000000   0.00
  3000.00000      91598.1221      137.950879     -69.8580000     0.914400000E-03
 -.422866667E-07  678185.000
 1     0.000000000   0.00
  6000.00000      93745.3287      122.185400     -67.7510000     0.185150000E-03
 0.286666667E-09  542440.000
 1     0.000000000   0.00
  6000.00001      101020.035      101.979816     -65.4371444         0.000000000
     0.000000000     0.000000000
 1     0.000000000   0.00
 RbI
   4  3           0.00000    0.00000    0.00000    0.00000    0.00000    0.00000
       0.00000    0.00000    0.00000    1.00000    0.00000    0.00000    0.00000
       1.00000    0.00000    0.00000    0.00000    0.00000    0.00000    0.00000
       0.00000    0.00000
  3800.00000     -149979.516     -14.4842364     -37.9329900     0.173986150E-04
 -.847298167E-07  27705.7150
 1     0.000000000   0.00
  6000.00000     -82689.6855     -329.967272      1.99355400     -.942225000E-02
 0.308866500E-06 -16469340.0
 1     0.000000000   0.00
  6000.00001     -166009.589      49.2458089     -45.2732453         0.000000000
     0.000000000     0.000000000
 1     0.000000000   0.00
 Rb2I2
   4  2           0.00000    0.00000    0.00000    0.00000    0.00000    0.00000
       0.00000    0.00000    0.00000    2.00000    0.00000    0.00000    0.00000
       2.00000    0.00000    0.00000    0.00000    0.00000    0.00000    0.00000
       0.00000    0.00000
  6000.00000     -457935.953      140.899906     -83.1431800     -.219182100E-06
 0.586610500E-11  28293.6800
 1     0.000000000   0.00
  6000.00001     -457919.913      140.895099     -83.1429712         0.000000000
     0.000000000     0.000000000
 1     0.000000000   0.00
 SrI
   4  4           0.00000    0.00000    0.00000    0.00000    0.00000    0.00000
       0.00000    0.00000    0.00000    1.00000    0.00000    0.00000    1.00000
       0.00000    0.00000    0.00000    0.00000    0.00000    0.00000    0.00000
       0.00000    0.00000
  2100.00000     -40523.7973     -16.2185077     -38.0768654     -.101067183E-04
 -.325257836E-07  620.751184
 1 -283.039765      99.00
  4500.00000     -2707117.53      1697.85363     -180.065921     0.239784485E-04
     0.000000000  101517557.
 2  574219.280      99.00 -67550.5335       0.50
  6000.00000      8688731.20     -1348.31918      56.1582019         0.000000000
     0.000000000 -689320182.
 2 -1532821.15      99.00  100458.337       0.50
  6000.00001     -94606.1773      102.178898     -50.8950613         0.000000000
     0.000000000     0.000000000
 1     0.000000000   0.00
 SrI2
   4  2           0.00000    0.00000    0.00000    0.00000    0.00000    0.00000
       0.00000    0.00000    0.00000    2.00000    0.00000    0.00000    1.00000
       0.00000    0.00000    0.00000    0.00000    0.00000    0.00000    0.00000
       0.00000    0.00000
  6000.00000     -293768.697      78.5710781     -62.3570214         0.000000000
     0.000000000  42926.3143
 1     0.000000000   0.00
  6000.00001     -293740.080      78.5467543     -62.3546366         0.000000000
     0.000000000     0.000000000
 1     0.000000000   0.00
 YI3
   4  2           0.00000    0.00000    0.00000    0.00000    0.00000    0.00000
       0.00000    0.00000    0.00000    3.00000    0.00000    1.00000    0.00000
       0.00000    0.00000    0.00000    0.00000    0.00000    0.00000    0.00000
       0.00000    0.00000
  2000.00000     -361967.835      149.492272     -83.6744200     -.293640300E-05
 0.156939700E-09  261172.600
 1     0.000000000   0.00
  2000.00001     -361452.214      148.362583     -83.5518128         0.000000000
     0.000000000     0.000000000
 1     0.000000000   0.00
 ZrI
   4  5           0.00000    0.00000    0.00000    0.00000    0.00000    0.00000
       0.00000    0.00000    0.00000    1.00000    1.00000    0.00000    0.00000
       0.00000    0.00000    0.00000    0.00000    0.00000    0.00000    0.00000
       0.00000    0.00000
  900.000000      396676.500      35.6609978     -46.2889000     0.422182050E-02
 -.104223767E-05  119485.250
 1     0.000000000   0.00
  2500.00000      395011.297      25.1615731     -44.0502500     -.727829000E-03
 0.436006500E-07  683751.000
 1     0.000000000   0.00
  5500.00000      432780.134     -96.6531094     -29.4932200     -.254662800E-02
 0.362425500E-07 -15533370.0
 1     0.000000000   0.00
  6000.00000      562274.906     -445.346740      11.7348500     -.837503000E-02
 0.190205667E-06 -92033750.0
 1     0.000000000   0.00
  6000.00001      363755.688      103.150836     -52.7940721         0.000000000
     0.000000000     0.000000000
 1     0.000000000   0.00
 ZrI2
   4  4           0.00000    0.00000    0.00000    0.00000    0.00000    0.00000
       0.00000    0.00000    0.00000    2.00000    1.00000    0.00000    0.00000
       0.00000    0.00000    0.00000    0.00000    0.00000    0.00000    0.00000
       0.00000    0.00000
  600.000000      113092.241     -137.543527     -24.7789900     -.640395500E-01
 0.147228383E-04 -313411.700
 1     0.000000000   0.00
  1400.00000      78037.8394      396.091547     -107.426600     0.223467550E-01
 -.216048667E-05  2467981.00
 1     0.000000000   0.00
  6000.00000      120095.808      61.9952115     -61.0792400     -.686337000E-03
 0.131420450E-07 -4803374.50
 1     0.000000000   0.00
  6000.00001      103540.153      110.252086     -66.7434564         0.000000000
     0.000000000     0.000000000
 1     0.000000000   0.00
 ZrI3
   4  4           0.00000    0.00000    0.00000    0.00000    0.00000    0.00000
       0.00000    0.00000    0.00000    3.00000    1.00000    0.00000    0.00000
       0.00000    0.00000    0.00000    0.00000    0.00000    0.00000    0.00000
       0.00000    0.00000
  800.000000     -148165.363      77.5419589     -69.3935900     -.238968250E-01
 0.482833333E-05 -13367.5350
 1     0.000000000   0.00
  2800.00000     -159724.861      261.992778     -97.9431000     0.481727250E-02
 -.301280500E-06  724307.500
 1     0.000000000   0.00
  6000.00000     -129168.706      104.071696     -77.4739500     -.124720500E-02
 0.322362500E-07 -7879140.00
 1     0.000000000   0.00
  6000.00001     -151468.726      174.680772     -85.9151100         0.000000000
     0.000000000     0.000000000
 1     0.000000000   0.00
 ZrI4
   4  2           0.00000    0.00000    0.00000    0.00000    0.00000    0.00000
       0.00000    0.00000    0.00000    4.00000    1.00000    0.00000    0.00000
       0.00000    0.00000    0.00000    0.00000    0.00000    0.00000    0.00000
       0.00000    0.00000
  6000.00000     -395575.947      278.764209     -108.036700     -.112588950E-04
 0.401922000E-09  153461.600
 1     0.000000000   0.00
  6000.00001     -395531.699      279.053957     -108.076466         0.000000000
     0.000000000     0.000000000
 1     0.000000000   0.00
 Cs
   4  5           0.00000    0.00000    0.00000    0.00000    0.00000    0.00000
       0.00000    0.00000    1.00000    0.00000    0.00000    0.00000    0.00000
       0.00000    0.00000    0.00000    0.00000    0.00000    0.00000    0.00000
       0.00000    0.00000
  2200.00000      123132.040     -323.322530      7.87140870     -.223490370E-02
     0.000000000 -577704.800
 2 -18226.3630      99.00  5213.58190       0.50
  4400.00000      79141926.5     -111787.891      10179.1770     -.391979580
 0.639175190E-05 -.224256880E+10
 2 -19247050.0      99.00  3092628.50       0.50
  5100.00000     -.878923910E+10  31385288.0     -3311097.10     -57.3195340
     0.000000000     0.000000000
 3 0.265433520E+10  99.00  42423.4660       1.50 -612430780.       0.50
  6000.00000      251056666.     -52211.6657      3943.03400         0.000000000
     0.000000000 -.205586470E+11
 2 -44652924.0      99.00  3189159.50       0.50
  6000.00001     -44213.3924      232.974827     -49.9270821         0.000000000
     0.000000000     0.000000000
 1     0.000000000   0.00
 Cs2
   4  4           0.00000    0.00000    0.00000    0.00000    0.00000    0.00000
       0.00000    0.00000    2.00000    0.00000    0.00000    0.00000    0.00000
       0.00000    0.00000    0.00000    0.00000    0.00000    0.00000    0.00000
       0.00000    0.00000
  1200.00000     -236072.276      4742.58918     -560.343028     0.114883874
 -.891679459E-05  2509072.10
 2  151589.682      99.00 -62874.3515       0.50
  3700.00000      641713.989     -1798.68147      133.096992     -.686921115E-02
     0.000000000 -11735893.6
 2 -158135.145      99.00  36419.6967       0.50
  6000.00000      13578949.0     -3194.49397      206.372405         0.000000000
     0.000000000 -927262509.
 2 -2459828.39      99.00  185431.730       0.50
  6000.00001      71987.3692     -53.6591525     -33.6491137         0.000000000
     0.000000000     0.000000000
 1     0.000000000   0.00
 CsF
   4  5           0.00000    0.00000    0.00000    0.00000    0.00000    0.00000
       0.00000    0.00000    1.00000    0.00000    0.00000    0.00000    0.00000
       0.00000    0.00000    0.00000    0.00000    0.00000    0.00000    1.00000
       0.00000    0.00000
  392.110000     -377641.220      4.13597446     -36.7580000     -.777450000E-03
     0.000000000  61525.0000
 1     0.000000000   0.00
  567.110000     -377817.336      7.04181715     -37.2070000     -.395830000E-03
     0.000000000  73040.0000
 1     0.000000000   0.00
  982.110000     -377914.893      8.21862331     -37.3790000     -.294990000E-03
     0.000000000  82240.0000
 1     0.000000000   0.00
  6000.00000     -377949.326      8.47724752     -37.4140000     -.283080000E-03
     0.000000000  87910.0000
 1     0.000000000   0.00
  6000.00001     -388081.599      37.9793378     -40.8060761         0.000000000
     0.000000000     0.000000000
 1     0.000000000   0.00
 Cs2F2
   4  6           0.00000    0.00000    0.00000    0.00000    0.00000    0.00000
       0.00000    0.00000    2.00000    0.00000    0.00000    0.00000    0.00000
       0.00000    0.00000    0.00000    0.00000    0.00000    0.00000    2.00000
       0.00000    0.00000
  440.110000     -919366.925      202.088332     -82.7930000     -.248005000E-03
     0.000000000  135680.000
 1     0.000000000   0.00
  838.110000     -919497.073      204.037535     -83.0890000     -.231905000E-04
     0.000000000  145235.000
 1     0.000000000   0.00
  2500.11000     -919537.494      204.416349     -83.1420000     -.478755000E-06
     0.000000000  150245.000
 1     0.000000000   0.00
  3603.11000     -919495.849      204.304414     -83.1290000     -.170740000E-05
     0.000000000  129215.000
 1     0.000000000   0.00
  6000.11000     -919529.813      204.413858     -83.1420000     -.183880000E-06
     0.000000000  141650.000
 1     0.000000000   0.00
  6000.11001     -919442.002      204.352792     -83.1363374         0.000000000
     0.000000000     0.000000000
 1     0.000000000   0.00
 CsBeF3
   4  3           0.00000    0.00000    0.00000    0.00000    0.00000    0.00000
       0.00000    0.00000    1.00000    0.00000    0.00000    0.00000    0.00000
       0.00000    0.00000    0.00000    0.00000    0.00000    0.00000    3.00000
       1.00000    0.00000
  500.000000     -1437798.94      259.693707     -90.2025390     -.973221850E-02
     0.000000000  244470.782
 1     0.000000000   0.00
  1500.00000     -1443990.16      336.149660     -101.389549     -.345555950E-02
 0.288333333E-06  804212.830
 1     0.000000000   0.00
  1500.00001     -1445728.10      375.250322     -107.148872         0.000000000
     0.000000000     0.000000000
 1     0.000000000   0.00
 Cs2Be2F6
   4  3           0.00000    0.00000    0.00000    0.00000    0.00000    0.00000
       0.00000    0.00000    2.00000    0.00000    0.00000    0.00000    0.00000
       0.00000    0.00000    0.00000    0.00000    0.00000    0.00000    6.00000
       2.00000    0.00000
  500.000000     -2980565.25      660.455711     -187.385724     -.205953130E-01
     0.000000000  456975.859
 1     0.000000000   0.00
  1500.00000     -2988230.50      759.700374     -201.956982     -.131430400E-01
 0.134333333E-05  1101605.83
 1     0.000000000   0.00
  1500.00001     -2996729.72      897.731515     -222.271897         0.000000000
     0.000000000     0.000000000
 1     0.000000000   0.00
 CsZrF5
   4  3           0.00000    0.00000    0.00000    0.00000    0.00000    0.00000
       0.00000    0.00000    1.00000    0.00000    1.00000    0.00000    0.00000
       0.00000    0.00000    0.00000    0.00000    0.00000    0.00000    5.00000
       0.00000    0.00000
  900.000000     -2340301.40      526.202353     -139.316112     -.127346650E-01
 0.199120000E-05  627281.000
 1     0.000000000   0.00
  1700.00000     -2347609.84      620.423050     -153.491162     -.448278700E-03
 -.587658533E-08  1343289.00
 1     0.000000000   0.00
  1700.00001     -2345860.17      624.259939     -154.187598         0.000000000
     0.000000000     0.000000000
 1     0.000000000   0.00
 CsZr2F9
   4  3           0.00000    0.00000    0.00000    0.00000    0.00000    0.00000
       0.00000    0.00000    1.00000    0.00000    2.00000    0.00000    0.00000
       0.00000    0.00000    0.00000    0.00000    0.00000    0.00000    9.00000
       0.00000    0.00000
  900.000000     -4238680.49      1038.03916     -241.408224     -.250473800E-01
 0.398917167E-05  1183377.00
 1     0.000000000   0.00
  1700.00000     -4253297.36      1226.48056     -269.758324     -.474607400E-03
 -.498150400E-08  2615393.00
 1     0.000000000   0.00
  1700.00001     -4248613.01      1222.99121     -269.648408         0.000000000
     0.000000000     0.000000000
 1     0.000000000   0.00
 Cs2ZrF6
   4  3           0.00000    0.00000    0.00000    0.00000    0.00000    0.00000
       0.00000    0.00000    2.00000    0.00000    1.00000    0.00000    0.00000
       0.00000    0.00000    0.00000    0.00000    0.00000    0.00000    6.00000
       0.00000    0.00000
  900.000000     -2906049.97      736.254812     -184.854574     -.131566150E-01
 0.198442833E-05  698466.000
 1     0.000000000   0.00
  1700.00000     -2913358.41      830.475510     -199.029624     -.870228700E-03
 -.126482520E-07  1414474.00
 1     0.000000000   0.00
  1700.00001     -2912793.76      845.475526     -201.228848         0.000000000
     0.000000000     0.000000000
 1     0.000000000   0.00
 CsI
   4  2           0.00000    0.00000    0.00000    0.00000    0.00000    0.00000
       0.00000    0.00000    1.00000    1.00000    0.00000    0.00000    0.00000
       0.00000    0.00000    0.00000    0.00000    0.00000    0.00000    0.00000
       0.00000    0.00000
  6000.00000     -164673.990     -24.0258610     -37.4749400     -.128000000E-02
 -.524246000E-08  12790.4894
 1     0.000000000   0.00
  6000.00001     -215274.948      120.008705     -53.9666008         0.000000000
     0.000000000     0.000000000
 1     0.000000000   0.00
 Cs2I2
   4  2           0.00000    0.00000    0.00000    0.00000    0.00000    0.00000
       0.00000    0.00000    2.00000    2.00000    0.00000    0.00000    0.00000
       0.00000    0.00000    0.00000    0.00000    0.00000    0.00000    0.00000
       0.00000    0.00000
  2000.00000     -494130.283      125.894639     -83.1584600     0.172580000E-04
 -.285538000E-08  20692.9615
 1     0.000000000   0.00
  2000.00001     -494111.237      125.830919     -83.1476106         0.000000000
     0.000000000     0.000000000
 1     0.000000000   0.00
 Ba
   4  8           0.00000    0.00000    0.00000    0.00000    0.00000    0.00000
       0.00000    1.00000    0.00000    0.00000    0.00000    0.00000    0.00000
       0.00000    0.00000    0.00000    0.00000    0.00000    0.00000    0.00000
       0.00000    0.00000
  1000.00000      178685.405     -28.7519074     -21.1520800     0.461633250E-03
 -.100440133E-06  6531.67000
 1     0.000000000   0.00
  1900.00000      156541.304      187.123918     -52.0957300     0.197727050E-01
 -.237413833E-05  2988594.50
 1     0.000000000   0.00
  2600.00000      444158.608     -1453.56939      163.806100     -.523775500E-01
 0.215597500E-05 -68947450.0
 1     0.000000000   0.00
  3400.00000      354853.605     -1163.84325      129.062300     -.476417650E-01
 0.212269167E-05 -30187880.0
 1     0.000000000   0.00
  5300.00000     -502647.818      1933.17624     -252.197900     0.277951550E-01
 -.679449667E-06  331906700.
 1     0.000000000   0.00
  9600.00000      229718.753      82.4114532     -35.2043500     -.806631500E-03
 0.279384333E-07 -132101150.
 1     0.000000000   0.00
  10000.0000      456203.156     -193.244064     -5.82840300     -.239021000E-02
 0.421079500E-07 -445758800.
 1     0.000000000   0.00
  10000.0001      207310.436      97.2039427     -37.2830090         0.000000000
     0.000000000     0.000000000
 1     0.000000000   0.00
 Ba2
   4  3           0.00000    0.00000    0.00000    0.00000    0.00000    0.00000
       0.00000    2.00000    0.00000    0.00000    0.00000    0.00000    0.00000
       0.00000    0.00000    0.00000    0.00000    0.00000    0.00000    0.00000
       0.00000    0.00000
  600.000000      343727.221      33.4913114     -51.1369800     0.322052300E-01
 -.647438000E-05 -72907.6000
 1     0.000000000   0.00
  3000.00000      356118.558     -158.369248     -21.3145800     0.204905450E-03
 -.136280533E-07 -1040998.50
 1     0.000000000   0.00
  3000.00001      355102.880     -159.753439     -21.0523952         0.000000000
     0.000000000     0.000000000
 1     0.000000000   0.00
 BaF
   4  4           0.00000    0.00000    0.00000    0.00000    0.00000    0.00000
       0.00000    1.00000    0.00000    0.00000    0.00000    0.00000    0.00000
       0.00000    0.00000    0.00000    0.00000    0.00000    0.00000    1.00000
       0.00000    0.00000
  1400.00000     -333849.473     0.916689647     -36.6660700     -.718497500E-03
 0.623276500E-07  102700.450
 1     0.000000000   0.00
  3400.00000     -336371.066      26.5762523     -40.3438000     0.150393900E-02
 -.178726500E-06  386789.900
 1     0.000000000   0.00
  6000.00000     -249338.507     -296.742002     -.355221600     -.675046500E-02
 0.143685533E-06 -35565045.0
 1     0.000000000   0.00
  6000.00001     -391920.976      142.602971     -52.3005622         0.000000000
     0.000000000     0.000000000
 1     0.000000000   0.00
 BaF2
   4  3           0.00000    0.00000    0.00000    0.00000    0.00000    0.00000
       0.00000    1.00000    0.00000    0.00000    0.00000    0.00000    0.00000
       0.00000    0.00000    0.00000    0.00000    0.00000    0.00000    2.00000
       0.00000    0.00000
  1400.00000     -822024.702      84.6515525     -57.2831400     -.649649500E-03
 0.823969000E-07  170832.700
 1     0.000000000   0.00
  6000.00000     -822591.656      90.9715372     -58.2078100     0.105104150E-05
 -.309811333E-10  237630.300
 1     0.000000000   0.00
  6000.00001     -822422.166      90.7887263     -58.1886877         0.000000000
     0.000000000     0.000000000
 1     0.000000000   0.00
 BaI
   4  3           0.00000    0.00000    0.00000    0.00000    0.00000    0.00000
       0.00000    1.00000    0.00000    1.00000    0.00000    0.00000    0.00000
       0.00000    0.00000    0.00000    0.00000    0.00000    0.00000    0.00000
       0.00000    0.00000
  2600.00000     -53726.2794     -27.4753800     -37.4639755     -.242003126E-03
 -.575980664E-08  17527.8371
 1     0.000000000   0.00
  6000.00000     -3060442.73      1460.33655     -158.660660         0.000000000
     0.000000000  138390425.
 2  616167.232      99.00 -64401.2938       0.50
  6000.00001     -87286.6814      48.9065309     -45.8125601         0.000000000
     0.000000000     0.000000000
 1     0.000000000   0.00
 BaI2
   4  2           0.00000    0.00000    0.00000    0.00000    0.00000    0.00000
       0.00000    1.00000    0.00000    2.00000    0.00000    0.00000    0.00000
       0.00000    0.00000    0.00000    0.00000    0.00000    0.00000    0.00000
       0.00000    0.00000
  6000.00000     -320502.908      42.0357661     -58.2003484         0.000000000
     0.000000000  34811.8770
 2 0.166357657       0.50 -192053.570      -2.00
  6000.00001     -320476.526      42.0223755     -58.1989567         0.000000000
     0.000000000     0.000000000
 1     0.000000000   0.00
 La
   4  6           0.00000    0.00000    0.00000    0.00000    0.00000    0.00000
       1.00000    0.00000    0.00000    0.00000    0.00000    0.00000    0.00000
       0.00000    0.00000    0.00000    0.00000    0.00000    0.00000    0.00000
       0.00000    0.00000
  600.000000      418123.960     -30.3347880     -22.0629900     -.544440500E-02
 0.471447830E-06  102710.100
 1     0.000000000   0.00
  1300.00000      422478.910     -85.4786161     -13.8367600     -.119389950E-01
 0.133826020E-05 -312130.200
 1     0.000000000   0.00
  3200.00000      400310.175      114.016725     -42.0040600     0.370944350E-02
 -.270261000E-06  2891891.00
 1     0.000000000   0.00
  8200.00000      493601.751     -246.085237      2.79197300     -.600215500E-02
 0.130043380E-06 -34158815.0
 1     0.000000000   0.00
  10000.0000     -96493.0363      773.338363     -111.018800     0.378624450E-02
 -.282257670E-07  541847500.
 1     0.000000000   0.00
  10000.0001      385967.346      124.268011     -41.3924202         0.000000000
     0.000000000     0.000000000
 1     0.000000000   0.00
 La2
   4  1           0.00000    0.00000    0.00000    0.00000    0.00000    0.00000
       2.00000    0.00000    0.00000    0.00000    0.00000    0.00000    0.00000
       0.00000    0.00000    0.00000    0.00000    0.00000    0.00000    0.00000
       0.00000    0.00000
  300.000000      605031.901     -32.4555653     -36.4008000         0.000000000
     0.000000000     0.000000000
 1     0.000000000   0.00
 LaF3
   4  2           0.00000    0.00000    0.00000    0.00000    0.00000    0.00000
       1.00000    0.00000    0.00000    0.00000    0.00000    0.00000    0.00000
       0.00000    0.00000    0.00000    0.00000    0.00000    0.00000    3.00000
       0.00000    0.00000
  4000.00000     -1291620.50      231.059120     -81.8219500     -.389322350E-03
 0.157878680E-10  415269.950
 1     0.000000000   0.00
  4000.00001     -1297430.35      256.369866     -84.8831044         0.000000000
     0.000000000     0.000000000
 1     0.000000000   0.00
 LaI3
   4  2           0.00000    0.00000    0.00000    0.00000    0.00000    0.00000
       1.00000    0.00000    0.00000    3.00000    0.00000    0.00000    0.00000
       0.00000    0.00000    0.00000    0.00000    0.00000    0.00000    0.00000
       0.00000    0.00000
  6000.00000     -405685.090      139.516278     -83.1320000     -.290000000E-05
 0.110000000E-09  66045.0000
 1     0.000000000   0.00
  6000.00001     -405650.420      139.563017     -83.1393708         0.000000000
     0.000000000     0.000000000
 1     0.000000000   0.00
 Ce
   4  6           0.00000    0.00000    0.00000    0.00000    0.00000    1.00000
       0.00000    0.00000    0.00000    0.00000    0.00000    0.00000    0.00000
       0.00000    0.00000    0.00000    0.00000    0.00000    0.00000    0.00000
       0.00000    0.00000
  800.000000      415522.820     -162.335292     -2.27800400     -.302704700E-01
 0.449130167E-05 -235655.000
 1     0.000000000   0.00
  1500.00000      394890.235      79.9289950     -38.1236600     -.244902400E-02
 0.415102000E-06  1999448.00
 1     0.000000000   0.00
  3200.00000      390359.040      141.264501     -47.0982900     0.338523150E-02
 -.214102500E-06  1961344.00
 1     0.000000000   0.00
  5900.00000      435081.795     -76.3952480     -19.2635900     -.389543450E-02
 0.130156067E-06 -10269705.0
 1     0.000000000   0.00
  10000.0000      209079.976      456.525024     -81.1839500     0.366283000E-02
 -.430937833E-07  144933100.
 1     0.000000000   0.00
  10000.0001      460961.082      1.83432976     -30.8849580         0.000000000
     0.000000000     0.000000000
 1     0.000000000   0.00
 Ce2
   4  1           0.00000    0.00000    0.00000    0.00000    0.00000    2.00000
       0.00000    0.00000    0.00000    0.00000    0.00000    0.00000    0.00000
       0.00000    0.00000    0.00000    0.00000    0.00000    0.00000    0.00000
       0.00000    0.00000
  300.000000      591037.583     -32.4361536     -37.0284000         0.000000000
     0.000000000     0.000000000
 1     0.000000000   0.00
 CeF3
   4  3           0.00000    0.00000    0.00000    0.00000    0.00000    1.00000
       0.00000    0.00000    0.00000    0.00000    0.00000    0.00000    0.00000
       0.00000    0.00000    0.00000    0.00000    0.00000    0.00000    3.00000
       0.00000    0.00000
  1300.00000     -1286135.04      147.974220     -71.0505800     -.125551450E-01
 0.161685883E-05  226735.100
 1     0.000000000   0.00
  2000.00000     -1328872.92      495.465417     -119.465600     0.123748450E-01
 -.844100500E-06  7452510.00
 1     0.000000000   0.00
  2000.00001     -1291479.73      249.424594     -86.4983770         0.000000000
     0.000000000     0.000000000
 1     0.000000000   0.00
 CeI3
   4  5           0.00000    0.00000    0.00000    0.00000    0.00000    1.00000
       0.00000    0.00000    0.00000    3.00000    0.00000    0.00000    0.00000
       0.00000    0.00000    0.00000    0.00000    0.00000    0.00000    0.00000
       0.00000    0.00000
  700.000000     -395442.622      85.8490364     -76.7620000     -.746290000E-02
 0.669515000E-06 -52755.0000
 1     0.000000000   0.00
  1400.00000     -400838.616      137.725798     -84.0700100     -.407185000E-02
 0.614701667E-06  613785.000
 1     0.000000000   0.00
  3900.00000     -405348.312      198.007708     -92.9310100     0.195195000E-02
 -.739933333E-07  705755.000
 1     0.000000000   0.00
  6000.00000     -386177.876      125.646597     -83.9670000     0.898000000E-04
 -.187166667E-08 -7050815.00
 1     0.000000000   0.00
  6000.00001     -389262.739      123.986451     -83.6853919         0.000000000
     0.000000000     0.000000000
 1     0.000000000   0.00
 Pr
   4  7           0.00000    0.00000    0.00000    0.00000    1.00000    0.00000
       0.00000    0.00000    0.00000    0.00000    0.00000    0.00000    0.00000
       0.00000    0.00000    0.00000    0.00000    0.00000    0.00000    0.00000
       0.00000    0.00000
  700.000000      350995.389     -89.1034159     -14.1628700     -.114187200E-01
 0.144039167E-05 -51244.0500
 1     0.000000000   0.00
  1500.00000      341411.209      41.1306720     -33.9303200     0.673881500E-02
 -.169407667E-05  821625.000
 1     0.000000000   0.00
  2200.00000      483669.097     -945.571862      99.8882100     -.493239900E-01
 0.272167500E-05 -27577185.0
 1     0.000000000   0.00
  2900.00000      320228.724     -189.330548      3.55768500     -.245619900E-01
 0.155794483E-05  23659165.0
 1     0.000000000   0.00
  4600.00000     -96331.9787      1573.44308     -218.353000     0.279129250E-01
 -.765952667E-06  170078250.
 1     0.000000000   0.00
  10000.0000      449046.253      49.5479870     -37.2025400     0.101035300E-02
 -.126796233E-07 -139739500.
 1     0.000000000   0.00
  10000.0001      443467.260     -32.7586863     -27.3980440         0.000000000
     0.000000000     0.000000000
 1     0.000000000   0.00
 PrF3
   4  4           0.00000    0.00000    0.00000    0.00000    1.00000    0.00000
       0.00000    0.00000    0.00000    0.00000    0.00000    0.00000    0.00000
       0.00000    0.00000    0.00000    0.00000    0.00000    0.00000    3.00000
       0.00000    0.00000
  700.000000     -1285023.57      162.089905     -73.6877500     -.851353000E-02
 0.487909333E-06  271709.050
 1     0.000000000   0.00
  1500.00000     -1285593.07      162.227092     -73.4898500     -.100820300E-01
 0.101966167E-05  378196.650
 1     0.000000000   0.00
  2000.00000     -1309431.71      337.559379     -97.5098000     0.807057500E-03
 0.833599667E-07  4870039.50
 1     0.000000000   0.00
  2000.00001     -1293795.88      274.654057     -89.8459111         0.000000000
     0.000000000     0.000000000
 1     0.000000000   0.00
 PrI3
   4  4           0.00000    0.00000    0.00000    0.00000    1.00000    0.00000
       0.00000    0.00000    0.00000    3.00000    0.00000    0.00000    0.00000
       0.00000    0.00000    0.00000    0.00000    0.00000    0.00000    0.00000
       0.00000    0.00000
  1700.00000     -392590.911      80.8573797     -76.4310100     -.804320000E-02
 0.726025000E-06 -73270.0000
 1     0.000000000   0.00
  5600.00000     -425358.113      290.124692     -104.477000     0.278485000E-02
 -.701000000E-07  7202185.00
 1     0.000000000   0.00
  6000.00000     -221650.301     -192.698762     -48.3170000     -.415555000E-02
 0.919616667E-07 -132634050.
 1     0.000000000   0.00
  6000.00001     -380217.921      133.535595     -85.6884383         0.000000000
     0.000000000     0.000000000
 1     0.000000000   0.00
 Nd
   4  8           0.00000    0.00000    0.00000    1.00000    0.00000    0.00000
       0.00000    0.00000    0.00000    0.00000    0.00000    0.00000    0.00000
       0.00000    0.00000    0.00000    0.00000    0.00000    0.00000    0.00000
       0.00000    0.00000
  700.000000      321412.324     -76.9182827     -15.7565800     -.125811500E-01
 0.211899167E-05  1906.95400
 1     0.000000000   0.00
  1300.00000      311548.177      52.1321195     -35.2200500     0.460915850E-02
 -.754392500E-06  944046.500
 1     0.000000000   0.00
  2000.00000      299384.670      172.585441     -52.4535000     0.149987650E-01
 -.189408500E-05  2445968.00
 1     0.000000000   0.00
  2900.00000      629468.805     -1637.15988      184.283200     -.606336500E-01
 0.264849167E-05 -84013200.0
 1     0.000000000   0.00
  3800.00000      167593.728      116.333124     -32.9787300     -.155435900E-01
 0.909085667E-06  98945100.0
 1     0.000000000   0.00
  5900.00000     -343476.952      1913.36170     -253.215300     0.262799500E-01
 -.569513333E-06  319034000.
 1     0.000000000   0.00
  10000.0000      440720.236      118.755804     -45.4891100     0.171362200E-02
 -.226641833E-07 -238940450.
 1     0.000000000   0.00
  10000.0001      425849.523     -13.6762026     -29.5939890         0.000000000
     0.000000000     0.000000000
 1     0.000000000   0.00
 NdF3
   4  4           0.00000    0.00000    0.00000    1.00000    0.00000    0.00000
       0.00000    0.00000    0.00000    0.00000    0.00000    0.00000    0.00000
       0.00000    0.00000    0.00000    0.00000    0.00000    0.00000    3.00000
       0.00000    0.00000
  1100.00000     -1269799.71      136.057303     -70.1882700     -.135871050E-01
 0.165749883E-05  231532.500
 1     0.000000000   0.00
  1800.00000     -1285925.08      285.351569     -91.4231600     -.969367000E-03
 0.228966833E-06  2558972.00
 1     0.000000000   0.00
  2000.00000     -1279921.85      277.400688     -90.9754400     0.581468500E-03
     0.000000000     0.000000000
 1     0.000000000   0.00
  2000.00001     -1277595.97      259.721947     -88.6495660         0.000000000
     0.000000000     0.000000000
 1     0.000000000   0.00
 NdI3
   4  4           0.00000    0.00000    0.00000    1.00000    0.00000    0.00000
       0.00000    0.00000    0.00000    3.00000    0.00000    0.00000    0.00000
       0.00000    0.00000    0.00000    0.00000    0.00000    0.00000    0.00000
       0.00000    0.00000
  1200.00000     -371691.058      73.4615839     -75.2920000     -.100430500E-01
 0.113530833E-05 -120875.000
 1     0.000000000   0.00
  3000.00000     -390817.325      230.603134     -97.2170000     0.135905000E-02
 -.483666667E-08  3056095.00
 1     0.000000000   0.00
  6000.00000     -377591.685      197.420919     -93.4350100     0.117950000E-02
 -.262300000E-07 -3920195.00
 1     0.000000000   0.00
  6000.00001     -360405.868      128.630832     -85.1644786         0.000000000
     0.000000000     0.000000000
 1     0.000000000   0.00
 Th
   4  4           0.00000    0.00000    1.00000    0.00000    0.00000    0.00000
       0.00000    0.00000    0.00000    0.00000    0.00000    0.00000    0.00000
       0.00000    0.00000    0.00000    0.00000    0.00000    0.00000    0.00000
       0.00000    0.00000
  1600.00000      567591.970     -210.571470      4.50000000         0.000000000
     0.000000000     0.000000000
 2 -1.16386670       1.50  701.200000       0.50
  3000.00000      524500.239     -442.558532      25.0000000         0.000000000
     0.000000000     0.000000000
 2 -1.00373330       1.50  4752.00000       0.50
  5400.00000      499826.912     -442.336573      21.8000000         0.000000000
     0.000000000     0.000000000
 2 -.788533330       1.50  5948.00000       0.50
  5400.00001      530872.725      122.310201     -41.8943538         0.000000000
     0.000000000     0.000000000
 1     0.000000000   0.00
 ThF2
   4  2           0.00000    0.00000    1.00000    0.00000    0.00000    0.00000
       0.00000    0.00000    0.00000    0.00000    0.00000    0.00000    0.00000
       0.00000    0.00000    0.00000    0.00000    0.00000    0.00000    2.00000
       0.00000    0.00000
  2000.00000     -673067.235      92.8622474     -57.5333100     -.209887200E-03
 0.915467833E-10  233008.150
 1     0.000000000   0.00
  2000.00001     -673437.838      98.1654851     -58.2541576         0.000000000
     0.000000000     0.000000000
 1     0.000000000   0.00
 ThF3
   4  2           0.00000    0.00000    1.00000    0.00000    0.00000    0.00000
       0.00000    0.00000    0.00000    0.00000    0.00000    0.00000    0.00000
       0.00000    0.00000    0.00000    0.00000    0.00000    0.00000    3.00000
       0.00000    0.00000
  2000.00000     -1211831.22      214.545961     -81.9983100     -.359646850E-03
 -.928347500E-11  396010.400
 1     0.000000000   0.00
  2000.00001     -1212478.08      223.680303     -83.2391150         0.000000000
     0.000000000     0.000000000
 1     0.000000000   0.00
 ThF4
   4  2           0.00000    0.00000    1.00000    0.00000    0.00000    0.00000
       0.00000    0.00000    0.00000    0.00000    0.00000    0.00000    0.00000
       0.00000    0.00000    0.00000    0.00000    0.00000    0.00000    4.00000
       0.00000    0.00000
  6000.00000     -1748688.50      489.647830     -122.400000     0.703200000E-02
 -.122756670E-05     0.000000000
 3 0.161616670E-09   4.00 -.100000000E-13   5.00 -7544.55000      99.00
  6000.00001     -1965762.11      707.109359     -142.202574         0.000000000
     0.000000000     0.000000000
 1     0.000000000   0.00
 ThI
   4  2           0.00000    0.00000    1.00000    0.00000    0.00000    0.00000
       0.00000    0.00000    0.00000    1.00000    0.00000    0.00000    0.00000
       0.00000    0.00000    0.00000    0.00000    0.00000    0.00000    0.00000
       0.00000    0.00000
  2500.00000      336776.026     -37.2744407     -37.4088000     -.764710000E-03
 -.114828333E-06  15723.8500
 1     0.000000000   0.00
  2500.00001      324844.976      28.4381377     -45.5333809         0.000000000
     0.000000000     0.000000000
 1     0.000000000   0.00
 ThI2
   4  2           0.00000    0.00000    1.00000    0.00000    0.00000    0.00000
       0.00000    0.00000    0.00000    2.00000    0.00000    0.00000    0.00000
       0.00000    0.00000    0.00000    0.00000    0.00000    0.00000    0.00000
       0.00000    0.00000
  2500.00000      43913.7898      34.6343098     -58.1844000     -.833345000E-05
 0.742885000E-09  36170.0500
 1     0.000000000   0.00
  2500.00001      43966.0082      34.6205030     -58.1866346         0.000000000
     0.000000000     0.000000000
 1     0.000000000   0.00
 ThI3
   4  2           0.00000    0.00000    1.00000    0.00000    0.00000    0.00000
       0.00000    0.00000    0.00000    3.00000    0.00000    0.00000    0.00000
       0.00000    0.00000    0.00000    0.00000    0.00000    0.00000    0.00000
       0.00000    0.00000
  2500.00000     -212619.893      127.502659     -83.1144000     -.145009500E-04
 0.121187333E-08  58901.0000
 1     0.000000000   0.00
  2500.00001     -212540.540      127.515908     -83.1226112         0.000000000
     0.000000000     0.000000000
 1     0.000000000   0.00
 ThI4
   4  3           0.00000    0.00000    1.00000    0.00000    0.00000    0.00000
       0.00000    0.00000    0.00000    4.00000    0.00000    0.00000    0.00000
       0.00000    0.00000    0.00000    0.00000    0.00000    0.00000    0.00000
       0.00000    0.00000
  600.000000     -496650.791      209.750044     -100.492000     -.105097500E-01
 0.227435000E-05 -33182.6000
 1     0.000000000   0.00
  2000.00000     -499895.067      263.477461     -108.961000     -.501965000E-03
 0.232895000E-07  204783.500
 1     0.000000000   0.00
  2000.00001     -500748.096      273.279169     -110.307520         0.000000000
     0.000000000     0.000000000
 1     0.000000000   0.00
 U
   4  1           0.00000    1.00000    0.00000    0.00000    0.00000    0.00000
       0.00000    0.00000    0.00000    0.00000    0.00000    0.00000    0.00000
       0.00000    0.00000    0.00000    0.00000    0.00000    0.00000    0.00000
       0.00000    0.00000
  5000.00000      473481.630      134.673630     -44.2332480         0.000000000
     0.000000000     0.000000000
 1     0.000000000   0.00
 UF
   4  6           0.00000    1.00000    0.00000    0.00000    0.00000    0.00000
       0.00000    0.00000    0.00000    0.00000    0.00000    0.00000    0.00000
       0.00000    0.00000    0.00000    0.00000    0.00000    0.00000    1.00000
       0.00000    0.00000
  500.000000     -63763.5240      8.67119278     -36.9098200     -.186970950E-01
 0.551836670E-05  318919.850
 1     0.000000000   0.00
  1000.00000     -66615.8818      85.9037078     -49.9846300     0.343860800E-02
 -.861052170E-06  382425.800
 1     0.000000000   0.00
  2600.00000     -64656.5310      52.1021376     -44.7436500     -.172261150E-02
 0.886124000E-08  312544.100
 1     0.000000000   0.00
  6400.00000     -97794.6246      171.890940     -59.3433400     0.621921000E-03
 -.250638500E-07  13098570.0
 1     0.000000000   0.00
  10000.0000     -54115.1538      14.7997143     -40.3804600     -.234050800E-02
 0.536099170E-07  5385230.00
 1     0.000000000   0.00
  10000.0001     -71572.1938      132.441343     -54.9169652         0.000000000
     0.000000000     0.000000000
 1     0.000000000   0.00
 UF2
   4  4           0.00000    1.00000    0.00000    0.00000    0.00000    0.00000
       0.00000    0.00000    0.00000    0.00000    0.00000    0.00000    0.00000
       0.00000    0.00000    0.00000    0.00000    0.00000    0.00000    2.00000
       0.00000    0.00000
  900.000000     -548943.990     -16.3843390     -43.1179300     -.211465000E-01
 0.329188330E-05 -97482.5500
 1     0.000000000   0.00
  6000.00000     -562869.794      160.569895     -69.5895800     0.662927500E-03
 -.130331950E-07  1229291.50
 1     0.000000000   0.00
  10000.0000     -572608.961      170.195116     -70.4943200     0.543347500E-03
 -.489756830E-08  11790605.0
 1     0.000000000   0.00
  10000.0001     -533148.242      96.1154127     -62.3300989         0.000000000
     0.000000000     0.000000000
 1     0.000000000   0.00
 UF3
   4  4           0.00000    1.00000    0.00000    0.00000    0.00000    0.00000
       0.00000    0.00000    0.00000    0.00000    0.00000    0.00000    0.00000
       0.00000    0.00000    0.00000    0.00000    0.00000    0.00000    3.00000
       0.00000    0.00000
  1800.00000     -1085867.95      200.065590     -81.3284800     0.403643700E-05
 -.404739670E-06  238336.100
 1     0.000000000   0.00
  4400.00000     -1098213.38      199.529946     -79.6878100     -.489879550E-02
 0.225589170E-06  6327390.00
 1     0.000000000   0.00
  10000.0000     -1170422.78      482.810657     -114.764600     0.216196400E-02
 -.292120170E-07  30874685.0
 1     0.000000000   0.00
  10000.0001     -1058724.57      248.143779     -88.4350365         0.000000000
     0.000000000     0.000000000
 1     0.000000000   0.00
 UF4
   4  2           0.00000    1.00000    0.00000    0.00000    0.00000    0.00000
       0.00000    0.00000    0.00000    0.00000    0.00000    0.00000    0.00000
       0.00000    0.00000    0.00000    0.00000    0.00000    0.00000    4.00000
       0.00000    0.00000
  6000.00000     -1639994.00      343.129250     -103.830000     -.477450000E-02
 0.241833330E-06  510660.000
 1     0.000000000   0.00
  6000.00001     -1602591.56      360.724042     -108.859631         0.000000000
     0.000000000     0.000000000
 1     0.000000000   0.00
 UF5
   4  4           0.00000    1.00000    0.00000    0.00000    0.00000    0.00000
       0.00000    0.00000    0.00000    0.00000    0.00000    0.00000    0.00000
       0.00000    0.00000    0.00000    0.00000    0.00000    0.00000    5.00000
       0.00000    0.00000
  1100.00000     -1990245.76      412.370060     -116.874700     -.155297400E-01
 0.207051500E-05  641742.500
 1     0.000000000   0.00
  6200.00000     -2003005.13      549.879382     -136.991600     -.901612000E-03
 0.425802167E-07  2254590.50
 1     0.000000000   0.00
  10000.0000     -2015316.36      617.286602     -145.419600     0.750220500E-03
 -.901393167E-08 -965038.000
 1     0.000000000   0.00
  10000.0001     -1976736.05      531.814603     -135.842850         0.000000000
     0.000000000     0.000000000
 1     0.000000000   0.00
 UF6
   4  3           0.00000    1.00000    0.00000    0.00000    0.00000    0.00000
       0.00000    0.00000    0.00000    0.00000    0.00000    0.00000    0.00000
       0.00000    0.00000    0.00000    0.00000    0.00000    0.00000    6.00000
       0.00000    0.00000
  1000.00000     -2196516.39      729.715460     -161.000000         0.000000000
     0.000000000  979000.000
 1 -631.600000       0.50
  2000.00000     -2195510.86      633.924353     -149.700000     -.226600000E-02
     0.000000000     0.000000000
 1     0.000000000   0.00
  2000.00001     -2204574.86      702.818933     -158.764000         0.000000000
     0.000000000     0.000000000
 1     0.000000000   0.00
 U2F10
   4  1           0.00000    2.00000    0.00000    0.00000    0.00000    0.00000
       0.00000    0.00000    0.00000    0.00000    0.00000    0.00000    0.00000
       0.00000    0.00000    0.00000    0.00000    0.00000    0.00000   10.00000
       0.00000    0.00000
  1400.00000     -4124575.32      1255.70385     -277.817600         0.000000000
     0.000000000     0.000000000
 1     0.000000000   0.00
 LiUF5
   4  2           0.00000    1.00000    0.00000    0.00000    0.00000    0.00000
       0.00000    0.00000    0.00000    0.00000    0.00000    0.00000    0.00000
       0.00000    0.00000    0.00000    0.00000    0.00000    0.00000    5.00000
       0.00000    1.00000
  2000.00000     -2238451.68      579.461976     -147.040136     -.621674750E-02
 0.335000000E-06  731480.318
 1     0.000000000   0.00
  2000.00001     -2251135.71      700.013721     -163.501386         0.000000000
     0.000000000     0.000000000
 1     0.000000000   0.00
 NaUF5
   4  2           0.00000    1.00000    0.00000    0.00000    0.00000    0.00000
       0.00000    0.00000    0.00000    0.00000    0.00000    0.00000    0.00000
       0.00000    0.00000    0.00000    0.00000    0.00000    1.00000    5.00000
       0.00000    0.00000
  2000.00000     -2212773.95      574.079203     -148.800726     -.556124050E-02
 0.288333333E-06  642937.111
 1     0.000000000   0.00
  2000.00001     -2224506.37      684.177090     -163.804220         0.000000000
     0.000000000     0.000000000
 1     0.000000000   0.00
 UI2
   4  2           0.00000    1.00000    0.00000    0.00000    0.00000    0.00000
       0.00000    0.00000    0.00000    2.00000    0.00000    0.00000    0.00000
       0.00000    0.00000    0.00000    0.00000    0.00000    0.00000    0.00000
       0.00000    0.00000
  1100.00000     -16193.2844      11.4556918     -58.1850000     0.132650000E-03
 -.443500000E-06 -158510.000
 1     0.000000000   0.00
  1100.00001     -18970.3719      35.7982356     -61.3749800         0.000000000
     0.000000000     0.000000000
 1     0.000000000   0.00
 UI3
   4  2           0.00000    1.00000    0.00000    0.00000    0.00000    0.00000
       0.00000    0.00000    0.00000    3.00000    0.00000    0.00000    0.00000
       0.00000    0.00000    0.00000    0.00000    0.00000    0.00000    0.00000
       0.00000    0.00000
  1700.00000     -161323.173      132.134341     -84.4400000     0.199665000E-02
 -.630333333E-06 -105625.000
 1     0.000000000   0.00
  1700.00001     -168188.695      169.057797     -88.6544669         0.000000000
     0.000000000     0.000000000
 1     0.000000000   0.00
 UI4
   4  2           0.00000    1.00000    0.00000    0.00000    0.00000    0.00000
       0.00000    0.00000    0.00000    4.00000    0.00000    0.00000    0.00000
       0.00000    0.00000    0.00000    0.00000    0.00000    0.00000    0.00000
       0.00000    0.00000
  2000.00000     -344743.821      408.736766     -133.887500     -.209620000E-03
 0.414913833E-10  418398.600
 1     0.000000000   0.00
  2000.00001     -344744.176      413.198001     -134.515785         0.000000000
     0.000000000     0.000000000
 1     0.000000000   0.00
 CsUF5
   4  2           0.00000    1.00000    0.00000    0.00000    0.00000    0.00000
       0.00000    0.00000    1.00000    0.00000    0.00000    0.00000    0.00000
       0.00000    0.00000    0.00000    0.00000    0.00000    0.00000    5.00000
       0.00000    0.00000
  2000.00000     -2279801.77      506.767055     -145.466080     -.800783750E-02
 0.588333333E-06  433421.375
 1     0.000000000   0.00
  2000.00001     -2292139.62      633.877216     -163.160719         0.000000000
     0.000000000     0.000000000
 1     0.000000000   0.00
 Pu
   4  8           1.00000    0.00000    0.00000    0.00000    0.00000    0.00000
       0.00000    0.00000    0.00000    0.00000    0.00000    0.00000    0.00000
       0.00000    0.00000    0.00000    0.00000    0.00000    0.00000    0.00000
       0.00000    0.00000
  500.000000      342384.470     -43.1172930     -20.3036900     0.436194400E-02
 -.419666500E-05 -40656.3800
 1     0.000000000   0.00
  1000.00000      348176.948     -149.678011     -3.21657100     -.178187550E-01
 0.114424720E-05 -405372.750
 1     0.000000000   0.00
  2000.00000      358979.661     -233.202672      8.21625100     -.225555000E-01
 0.141268450E-05 -2190253.50
 1     0.000000000   0.00
  3200.00000      251181.976      397.043295     -75.0084300     0.595168000E-02
 -.415198330E-06  23940665.0
 1     0.000000000   0.00
  4700.00000      538268.517     -759.796803      69.5671800     -.262574650E-01
 0.924779500E-06 -82378450.0
 1     0.000000000   0.00
  7600.00000     -455390.696      1948.02049     -251.164000     0.198785200E-01
 -.322796830E-06  496455550.
 1     0.000000000   0.00
  10000.0000      430311.339      352.921981     -72.1529600     0.375017150E-02
 -.495895000E-07 -327873200.
 1     0.000000000   0.00
  10000.0001      475821.209      21.2660876     -33.4606940         0.000000000
     0.000000000     0.000000000
 1     0.000000000   0.00
 PuF
   4  2           1.00000    0.00000    0.00000    0.00000    0.00000    0.00000
       0.00000    0.00000    0.00000    0.00000    0.00000    0.00000    0.00000
       0.00000    0.00000    0.00000    0.00000    0.00000    0.00000    1.00000
       0.00000    0.00000
  2500.00000     -124578.600     -3.73962272     -36.6400000     -.460500000E-03
 0.240716670E-07  151270.000
 1     0.000000000   0.00
  2500.00001     -125710.214      6.30988733     -37.9914061         0.000000000
     0.000000000     0.000000000
 1     0.000000000   0.00
 PuF2
   4  2           1.00000    0.00000    0.00000    0.00000    0.00000    0.00000
       0.00000    0.00000    0.00000    0.00000    0.00000    0.00000    0.00000
       0.00000    0.00000    0.00000    0.00000    0.00000    0.00000    2.00000
       0.00000    0.00000
  2500.00000     -633225.670      89.9715310     -57.3100000     -.363500000E-03
 0.245350000E-07  269480.000
 1     0.000000000   0.00
  2500.00001     -633532.940      95.7290460     -58.1212039         0.000000000
     0.000000000     0.000000000
 1     0.000000000   0.00
 PuF3
   4  2           1.00000    0.00000    0.00000    0.00000    0.00000    0.00000
       0.00000    0.00000    0.00000    0.00000    0.00000    0.00000    0.00000
       0.00000    0.00000    0.00000    0.00000    0.00000    0.00000    3.00000
       0.00000    0.00000
  2800.00000     -1194570.10      213.577840     -81.6100000     0.260500000E-02
 -.166666670E-05  385535.500
 1 0.205100000E-09   4.00
  2800.00001     -1206483.45      293.488029     -91.2953883         0.000000000
     0.000000000     0.000000000
 1     0.000000000   0.00
 PuF4
   4  2           1.00000    0.00000    0.00000    0.00000    0.00000    0.00000
       0.00000    0.00000    0.00000    0.00000    0.00000    0.00000    0.00000
       0.00000    0.00000    0.00000    0.00000    0.00000    0.00000    4.00000
       0.00000    0.00000
  2400.00000     -37020.8310      375.422540     -105.110000     -.142060000E-02
 0.114788330E-06  598400.000
 1     0.000000000   0.00
  2400.00001     -37858.8182      393.706312     -107.754018         0.000000000
     0.000000000     0.000000000
 1     0.000000000   0.00
 PuF6
   4  2           1.00000    0.00000    0.00000    0.00000    0.00000    0.00000
       0.00000    0.00000    0.00000    0.00000    0.00000    0.00000    0.00000
       0.00000    0.00000    0.00000    0.00000    0.00000    0.00000    6.00000
       0.00000    0.00000
  1000.00000     -1862719.30      612.136690     -143.990000     -.116055000E-01
 0.179400000E-05  917135.000
 1     0.000000000   0.00
  1000.00001     -1863480.26      677.313427     -154.602730         0.000000000
     0.000000000     0.000000000
 1     0.000000000   0.00
 PuI3
   4  2           1.00000    0.00000    0.00000    0.00000    0.00000    0.00000
       0.00000    0.00000    0.00000    3.00000    0.00000    0.00000    0.00000
       0.00000    0.00000    0.00000    0.00000    0.00000    0.00000    0.00000
       0.00000    0.00000
  1500.00000     -30126.6364      122.468056     -83.1500000     -.700000000E-06
     0.000000000  50000.0000
 1     0.000000000   0.00
  1500.00001     -29994.8780      122.091715     -83.1076556         0.000000000
     0.000000000     0.000000000
 1     0.000000000   0.00
 MSFL
 SUBQ
  54 143
 LiF                             0.000000    0.000000
   4  1           0.00000    0.00000    0.00000    0.00000    0.00000    0.00000
       0.00000    0.00000    0.00000    0.00000    0.00000    0.00000    0.00000
       0.00000    0.00000    0.00000    0.00000    0.00000    0.00000    1.00000
       0.00000    1.00000
  2500.00000     -617789.909      386.915780     -64.1830000         0.000000000
     0.000000000     0.000000000
 1     0.000000000   0.00
  1.00000      1.00000         0.000000     0.000000     0.000000
  2.40000
 Be[CN=IV]F2                     0.000000    0.000000
   4  2           0.00000    0.00000    0.00000    0.00000    0.00000    0.00000
       0.00000    0.00000    0.00000    0.00000    0.00000    0.00000    0.00000
       0.00000    0.00000    0.00000    0.00000    0.00000    0.00000    2.00000
       1.00000    0.00000
  2000.00000     -972101.922      400.891551     -66.5685000     -.790250000E-02
     0.000000000 -36975.7500
 1     0.000000000   0.00
  2000.00001     -1003785.87      641.324335     -98.1969879         0.000000000
     0.000000000     0.000000000
 1     0.000000000   0.00
  1.00000      2.00000         0.000000     0.000000     0.000000
  2.40000
 U[Dimer]F8                      0.000000    0.000000
   4  1           0.00000    2.00000    0.00000    0.00000    0.00000    0.00000
       0.00000    0.00000    0.00000    0.00000    0.00000    0.00000    0.00000
       0.00000    0.00000    0.00000    0.00000    0.00000    0.00000    8.00000
       0.00000    0.00000
  4000.10000     -3933513.40      2109.87620     -349.480000         0.000000000
     0.000000000     0.000000000
 1     0.000000000   0.00
  1.00000      8.00000         0.000000     0.000000     0.000000
  2.40000
 ThF4                            0.000000    0.000000
   4  1           0.00000    0.00000    1.00000    0.00000    0.00000    0.00000
       0.00000    0.00000    0.00000    0.00000    0.00000    0.00000    0.00000
       0.00000    0.00000    0.00000    0.00000    0.00000    0.00000    4.00000
       0.00000    0.00000
  4000.10000     -2154339.50      1037.35440     -170.000000         0.000000000
     0.000000000     0.000000000
 1     0.000000000   0.00
  1.00000      4.00000         0.000000     0.000000     0.000000
  2.40000
 UF3                             0.000000    0.000000
   4  1           0.00000    1.00000    0.00000    0.00000    0.00000    0.00000
       0.00000    0.00000    0.00000    0.00000    0.00000    0.00000    0.00000
       0.00000    0.00000    0.00000    0.00000    0.00000    0.00000    3.00000
       0.00000    0.00000
  3200.00000     -1553960.72      803.331960     -134.000000         0.000000000
     0.000000000     0.000000000
 1     0.000000000   0.00
  1.00000      3.00000         0.000000     0.000000     0.000000
  2.40000
 NaF                             0.000000    0.000000
   4  1           0.00000    0.00000    0.00000    0.00000    0.00000    0.00000
       0.00000    0.00000    0.00000    0.00000    0.00000    0.00000    0.00000
       0.00000    0.00000    0.00000    0.00000    0.00000    1.00000    1.00000
       0.00000    0.00000
  4000.10000     -579635.237      436.582552     -73.0360000         0.000000000
     0.000000000     0.000000000
 1     0.000000000   0.00
  1.00000      1.00000         0.000000     0.000000     0.000000
  2.40000
 PuF3                            0.000000    0.000000
   4  1           1.00000    0.00000    0.00000    0.00000    0.00000    0.00000
       0.00000    0.00000    0.00000    0.00000    0.00000    0.00000    0.00000
       0.00000    0.00000    0.00000    0.00000    0.00000    0.00000    3.00000
       0.00000    0.00000
  4000.10000     -1607572.50      761.357570     -130.000000         0.000000000
     0.000000000     0.000000000
 1     0.000000000   0.00
  1.00000      3.00000         0.000000     0.000000     0.000000
  2.40000
 RbF                             0.000000    0.000000
   4  1           0.00000    0.00000    0.00000    0.00000    0.00000    0.00000
       0.00000    0.00000    0.00000    0.00000    0.00000    0.00000    0.00000
       1.00000    0.00000    0.00000    0.00000    0.00000    0.00000    1.00000
       0.00000    0.00000
  4000.10000     -563538.650      390.426370     -71.0000000         0.000000000
     0.000000000     0.000000000
 1     0.000000000   0.00
  1.00000      1.00000         0.000000     0.000000     0.000000
  2.40000
 LaF3                            0.000000    0.000000
   4  1           0.00000    0.00000    0.00000    0.00000    0.00000    0.00000
       1.00000    0.00000    0.00000    0.00000    0.00000    0.00000    0.00000
       0.00000    0.00000    0.00000    0.00000    0.00000    0.00000    3.00000
       0.00000    0.00000
  3000.10000     -1674170.00      806.536630     -135.000000         0.000000000
     0.000000000     0.000000000
 1     0.000000000   0.00
  1.00000      3.00000         0.000000     0.000000     0.000000
  2.40000
 CsF                             0.000000    0.000000
   4  2           0.00000    0.00000    0.00000    0.00000    0.00000    0.00000
       0.00000    0.00000    1.00000    0.00000    0.00000    0.00000    0.00000
       0.00000    0.00000    0.00000    0.00000    0.00000    0.00000    1.00000
       0.00000    0.00000
  1400.00000     -556078.554      364.388624     -70.5600000         0.000000000
     0.000000000     0.000000000
 1     0.000000000   0.00
  1400.00001     -556078.554      364.388624     -70.5600000         0.000000000
     0.000000000     0.000000000
 1     0.000000000   0.00
  1.00000      1.00000         0.000000     0.000000     0.000000
  2.40000
 KF                              0.000000    0.000000
   4  1           0.00000    0.00000    0.00000    0.00000    0.00000    0.00000
       0.00000    0.00000    0.00000    0.00000    0.00000    0.00000    0.00000
       0.00000    0.00000    0.00000    0.00000    1.00000    0.00000    1.00000
       0.00000    0.00000
  2500.00000     -572959.333      400.935748     -70.4850000         0.000000000
     0.000000000     0.000000000
 1     0.000000000   0.00
  1.00000      1.00000         0.000000     0.000000     0.000000
  2.40000
 CeF3                            0.000000    0.000000
   4  1           0.00000    0.00000    0.00000    0.00000    0.00000    1.00000
       0.00000    0.00000    0.00000    0.00000    0.00000    0.00000    0.00000
       0.00000    0.00000    0.00000    0.00000    0.00000    0.00000    3.00000
       0.00000    0.00000
  4000.10000     -1689873.40      758.034110     -130.610000         0.000000000
     0.000000000     0.000000000
 1     0.000000000   0.00
  1.00000      3.00000         0.000000     0.000000     0.000000
  2.40000
 NdF3                            0.000000    0.000000
   4  2           0.00000    0.00000    0.00000    1.00000    0.00000    0.00000
       0.00000    0.00000    0.00000    0.00000    0.00000    0.00000    0.00000
       0.00000    0.00000    0.00000    0.00000    0.00000    0.00000    3.00000
       0.00000    0.00000
  1649.00000     -1659334.00      545.603184     -103.386700     -.833440000E-03
 -.173225000E-05  550585.000
 1     0.000000000   0.00
  2500.00000     -1755360.75      1112.31094     -172.820000         0.000000000
     0.000000000     0.000000000
 1     0.000000000   0.00
  1.00000      3.00000         0.000000     0.000000     0.000000
  2.40000
 Be[Dimer]F4                     0.000000    0.000000
   4  3           0.00000    0.00000    0.00000    0.00000    0.00000    0.00000
       0.00000    0.00000    0.00000    0.00000    0.00000    0.00000    0.00000
       0.00000    0.00000    0.00000    0.00000    0.00000    0.00000    4.00000
       2.00000    0.00000
  2000.00000     -2094203.84      801.783103     -133.137000     -.158050000E-01
     0.000000000 -73951.5000
 1     0.000000000   0.00
  2001.00000     -2094203.84      801.783103     -133.137000     -.158050000E-01
     0.000000000 -73951.5000
 1     0.000000000   0.00
  2001.00001     -2157634.91      1282.92023     -196.425549         0.000000000
     0.000000000     0.000000000
 1     0.000000000   0.00
  1.00000      4.00000         0.000000     0.000000     0.000000
  2.40000
 NiF2                            0.000000    0.000000
   4  1           0.00000    0.00000    0.00000    0.00000    0.00000    0.00000
       0.00000    0.00000    0.00000    0.00000    0.00000    0.00000    0.00000
       0.00000    1.00000    0.00000    0.00000    0.00000    0.00000    2.00000
       0.00000    0.00000
  2000.00000     -645970.000      595.259672     -100.000000         0.000000000
     0.000000000     0.000000000
 1     0.000000000   0.00
  1.00000      2.00000         0.000000     0.000000     0.000000
  2.40000
 U[CN=VII]F4                     0.000000    0.000000
   4  1           0.00000    1.00000    0.00000    0.00000    0.00000    0.00000
       0.00000    0.00000    0.00000    0.00000    0.00000    0.00000    0.00000
       0.00000    0.00000    0.00000    0.00000    0.00000    0.00000    4.00000
       0.00000    0.00000
  4000.10000     -1866756.70      1054.93810     -174.740000         0.000000000
     0.000000000     0.000000000
 1     0.000000000   0.00
  1.00000      4.00000         0.000000     0.000000     0.000000
  2.40000
 KI                              0.000000    0.000000
   4  2           0.00000    0.00000    0.00000    0.00000    0.00000    0.00000
       0.00000    0.00000    0.00000    1.00000    0.00000    0.00000    0.00000
       0.00000    0.00000    0.00000    0.00000    1.00000    0.00000    0.00000
       0.00000    0.00000
  953.700000     -318489.530      165.752851     -43.5380000     -.111980000E-01
     0.000000000 -114900.000
 1     0.000000000   0.00
  3300.00000     -333408.375      349.439415     -69.6080000         0.000000000
     0.000000000     0.000000000
 1     0.000000000   0.00
  1.00000      1.00000         0.000000     0.000000     0.000000
  2.40000
 LiI                             0.000000    0.000000
   4  1           0.00000    0.00000    0.00000    0.00000    0.00000    0.00000
       0.00000    0.00000    0.00000    1.00000    0.00000    0.00000    0.00000
       0.00000    0.00000    0.00000    0.00000    0.00000    0.00000    0.00000
       0.00000    1.00000
  742.000000     -277542.636      323.395862     -63.1784000         0.000000000
     0.000000000     0.000000000
 1     0.000000000   0.00
  1.00000      1.00000         0.000000     0.000000     0.000000
  2.40000
 NaI                             0.000000    0.000000
   4  2           0.00000    0.00000    0.00000    0.00000    0.00000    0.00000
       0.00000    0.00000    0.00000    1.00000    0.00000    0.00000    0.00000
       0.00000    0.00000    0.00000    0.00000    0.00000    1.00000    0.00000
       0.00000    0.00000
  934.000000     -278425.428      182.440253     -44.7646160     -.110666800E-01
     0.000000000  15.2751564
 1     0.000000000   0.00
  2000.00000     -289641.899      336.943788     -67.1100000         0.000000000
     0.000000000     0.000000000
 1     0.000000000   0.00
  1.00000      1.00000         0.000000     0.000000     0.000000
  2.40000
 SrF2                            0.000000    0.000000
   4  2           0.00000    0.00000    0.00000    0.00000    0.00000    0.00000
       0.00000    0.00000    0.00000    0.00000    0.00000    0.00000    1.00000
       0.00000    0.00000    0.00000    0.00000    0.00000    0.00000    2.00000
       0.00000    0.00000
  1200.00000     -1062068.65      3817.37143     -490.817624     0.173468470
 -.242148377E-04 -2251196.00
 1 -26309.7293       0.50
  3500.00000     -1217503.09      581.456393     -99.0480000         0.000000000
     0.000000000     0.000000000
 1     0.000000000   0.00
  1.00000      2.00000         0.000000     0.000000     0.000000
  2.40000
 BaF2                            0.000000    0.000000
   4  1           0.00000    0.00000    0.00000    0.00000    0.00000    0.00000
       0.00000    1.00000    0.00000    0.00000    0.00000    0.00000    0.00000
       0.00000    0.00000    0.00000    0.00000    0.00000    0.00000    2.00000
       0.00000    0.00000
  6000.00000     -1225763.50      636.315140     -107.654000         0.000000000
     0.000000000     0.000000000
 1     0.000000000   0.00
  1.00000      2.00000         0.000000     0.000000     0.000000
  2.40000
 CsI                             0.000000    0.000000
   4  3           0.00000    0.00000    0.00000    0.00000    0.00000    0.00000
       0.00000    0.00000    1.00000    1.00000    0.00000    0.00000    0.00000
       0.00000    0.00000    0.00000    0.00000    0.00000    0.00000    0.00000
       0.00000    0.00000
  905.000000     -335834.734      148.410910     -43.8152100     -.109211000E-01
 -.415961000E-06 -100123.850
 1     0.000000000   0.00
  1051.00000     -262970.967     -1313.47822      185.657000     -.246545000
 0.389750000E-04     0.000000000
 1     0.000000000   0.00
  2500.00000     -354313.223      365.792170     -74.2680000         0.000000000
     0.000000000     0.000000000
 1     0.000000000   0.00
  1.00000      1.00000         0.000000     0.000000     0.000000
  2.40000
 SrI2                            0.000000    0.000000
   4  2           0.00000    0.00000    0.00000    0.00000    0.00000    0.00000
       0.00000    0.00000    0.00000    2.00000    0.00000    0.00000    1.00000
       0.00000    0.00000    0.00000    0.00000    0.00000    0.00000    0.00000
       0.00000    0.00000
  499.990000     -570773.999      303.044591     -69.7694895     -.137390504E-01
     0.000000000     0.000000000
 1     0.000000000   0.00
  2600.00000     -587473.727      579.833747     -110.039000         0.000000000
     0.000000000     0.000000000
 1     0.000000000   0.00
  1.00000      2.00000         0.000000     0.000000     0.000000
  2.40000
 BaI2                            0.000000    0.000000
   4  2           0.00000    0.00000    0.00000    0.00000    0.00000    0.00000
       0.00000    1.00000    0.00000    2.00000    0.00000    0.00000    0.00000
       0.00000    0.00000    0.00000    0.00000    0.00000    0.00000    0.00000
       0.00000    0.00000
  699.990000     -608097.892      301.435102     -71.5409807     -.998701200E-02
     0.000000000     0.000000000
 1     0.000000000   0.00
  2800.00000     -632202.895      600.271644     -112.968000         0.000000000
     0.000000000     0.000000000
 1     0.000000000   0.00
  1.00000      2.00000         0.000000     0.000000     0.000000
  2.40000
 NiI2                            0.000000    0.000000
   4  2           0.00000    0.00000    0.00000    0.00000    0.00000    0.00000
       0.00000    0.00000    0.00000    2.00000    0.00000    0.00000    0.00000
       0.00000    1.00000    0.00000    0.00000    0.00000    0.00000    0.00000
       0.00000    0.00000
  1073.00000     -72851.1574      340.614060     -77.6010100     -.470420000E-02
 -.323333333E-09  133605.000
 1     0.000000000   0.00
  2000.00000     -96584.3622      548.996685     -105.000000         0.000000000
     0.000000000     0.000000000
 1     0.000000000   0.00
  1.00000      2.00000         0.000000     0.000000     0.000000
  2.40000
 ThI4                            0.000000    0.000000
   4  3           0.00000    0.00000    1.00000    0.00000    0.00000    0.00000
       0.00000    0.00000    0.00000    4.00000    0.00000    0.00000    0.00000
       0.00000    0.00000    0.00000    0.00000    0.00000    0.00000    0.00000
       0.00000    0.00000
  839.000000     -657956.107      562.825859     -129.601000     -.659535000E-02
 0.220266667E-07  305075.000
 1     0.000000000   0.00
  1200.00000     -691312.812      908.035825     -175.728000     -.150000000E-06
 0.100000000E-10 -50.0000000
 1     0.000000000   0.00
  1200.00001     -691313.125      908.038318     -175.728343         0.000000000
     0.000000000     0.000000000
 1     0.000000000   0.00
  1.00000      4.00000         0.000000     0.000000     0.000000
  2.40000
 PuI3                            0.000000    0.000000
   4  3           1.00000    0.00000    0.00000    0.00000    0.00000    0.00000
       0.00000    0.00000    0.00000    3.00000    0.00000    0.00000    0.00000
       0.00000    0.00000    0.00000    0.00000    0.00000    0.00000    0.00000
       0.00000    0.00000
  1050.00000     -562118.356      451.924096     -105.683000     -.102989500E-01
 0.131833333E-08 -70.0000000
 1     0.000000000   0.00
  1500.00000     -589168.683      721.295508     -142.256000         0.000000000
 -.333333333E-11  40.0000000
 1     0.000000000   0.00
  1500.00001     -589168.621      721.295547     -142.256009         0.000000000
     0.000000000     0.000000000
 1     0.000000000   0.00
  1.00000      3.00000         0.000000     0.000000     0.000000
  2.40000
 CeI3                            0.000000    0.000000
   4  2           0.00000    0.00000    0.00000    0.00000    0.00000    1.00000
       0.00000    0.00000    0.00000    3.00000    0.00000    0.00000    0.00000
       0.00000    0.00000    0.00000    0.00000    0.00000    0.00000    0.00000
       0.00000    0.00000
  1033.00000     -645703.601      347.739234     -89.8590000     -.170069000E-01
 -.686666667E-09  45.0000000
 1     0.000000000   0.00
  3000.00000     -694844.777      829.834770     -155.000000         0.000000000
     0.000000000     0.000000000
 1     0.000000000   0.00
  1.00000      3.00000         0.000000     0.000000     0.000000
  2.40000
 NdI3                            0.000000    0.000000
   4  3           0.00000    0.00000    0.00000    1.00000    0.00000    0.00000
       0.00000    0.00000    0.00000    3.00000    0.00000    0.00000    0.00000
       0.00000    0.00000    0.00000    0.00000    0.00000    0.00000    0.00000
       0.00000    0.00000
  847.000000     -630208.067      609.064934     -133.254000     0.381544500E-01
 -.133965583E-04  828850.000
 1     0.000000000   0.00
  1060.00000     -625575.417      517.877196     -117.000000         0.000000000
     0.000000000     0.000000000
 1     0.000000000   0.00
  3000.00000     -666915.417      828.552139     -156.000000         0.000000000
     0.000000000     0.000000000
 1     0.000000000   0.00
  1.00000      3.00000         0.000000     0.000000     0.000000
  2.40000
 LaI3                            0.000000    0.000000
   4  2           0.00000    0.00000    0.00000    0.00000    0.00000    0.00000
       1.00000    0.00000    0.00000    3.00000    0.00000    0.00000    0.00000
       0.00000    0.00000    0.00000    0.00000    0.00000    0.00000    0.00000
       0.00000    0.00000
  1051.00000     -653000.298      382.866677     -93.9630100     -.115618000E-01
 0.233333333E-09 -6340.00000
 1     0.000000000   0.00
  3000.00000     -701238.605      820.399481     -152.000000         0.000000000
     0.000000000     0.000000000
 1     0.000000000   0.00
  1.00000      3.00000         0.000000     0.000000     0.000000
  2.40000
 Be[CN=IV]I2                     0.000000    0.000000
   4  3           0.00000    0.00000    0.00000    0.00000    0.00000    0.00000
       0.00000    0.00000    0.00000    2.00000    0.00000    0.00000    0.00000
       0.00000    0.00000    0.00000    0.00000    0.00000    0.00000    0.00000
       1.00000    0.00000
  400.000000     -123391.941      205.075813     -45.8597475     -.387605859E-01
     0.000000000     0.000000000
 1     0.000000000   0.00
  1500.00000     -144033.549      643.252312     -112.968000         0.000000000
     0.000000000     0.000000000
 1     0.000000000   0.00
  5000.00000     -64581.5487      202.917655     -60.0000000         0.000000000
     0.000000000     0.000000000
 1     0.000000000   0.00
  1.00000      2.00000         0.000000     0.000000     0.000000
  2.40000
 U[CN=VI]I4                      0.000000    0.000000
   4  1           0.00000    1.00000    0.00000    0.00000    0.00000    0.00000
       0.00000    0.00000    0.00000    4.00000    0.00000    0.00000    0.00000
       0.00000    0.00000    0.00000    0.00000    0.00000    0.00000    0.00000
       0.00000    0.00000
  5000.00000     -433745.109      816.750605     -165.707320         0.000000000
     0.000000000     0.000000000
 1     0.000000000   0.00
  1.00000      4.00000         0.000000     0.000000     0.000000
  2.40000
 U[CN=VI]F4                      0.000000    0.000000
   4  1           0.00000    1.00000    0.00000    0.00000    0.00000    0.00000
       0.00000    0.00000    0.00000    0.00000    0.00000    0.00000    0.00000
       0.00000    0.00000    0.00000    0.00000    0.00000    0.00000    4.00000
       0.00000    0.00000
  4000.10000     -1866756.70      1054.93810     -174.740000         0.000000000
     0.000000000     0.000000000
 1     0.000000000   0.00
  1.00000      4.00000         0.000000     0.000000     0.000000
  2.40000
 RbI                             0.000000    0.000000
   4  3           0.00000    0.00000    0.00000    0.00000    0.00000    0.00000
       0.00000    0.00000    0.00000    1.00000    0.00000    0.00000    0.00000
       1.00000    0.00000    0.00000    0.00000    0.00000    0.00000    0.00000
       0.00000    0.00000
  929.000000     -323946.807      141.158660     -41.5229500     -.124368100E-01
 0.134506400E-08 -162303.850
 1     0.000000000   0.00
  3400.00000     -341970.983      357.786545     -72.1000000     0.108637750E-16
 -.467984000E-21 0.742255000E-08
 1     0.000000000   0.00
  3400.00001     -341970.983      357.786545     -72.1000000         0.000000000
     0.000000000     0.000000000
 1     0.000000000   0.00
  1.00000      1.00000         0.000000     0.000000     0.000000
  2.40000
 Zr[Dimer]F8                     0.000000    0.000000
   4  1           0.00000    0.00000    0.00000    0.00000    0.00000    0.00000
       0.00000    0.00000    0.00000    0.00000    2.00000    0.00000    0.00000
       0.00000    0.00000    0.00000    0.00000    0.00000    0.00000    8.00000
       0.00000    0.00000
  2500.00000     -3763136.69      1341.36971     -247.200000         0.000000000
     0.000000000     0.000000000
 1     0.000000000   0.00
  1.00000      8.00000         0.000000     0.000000     0.000000
  2.40000
 Zr[CN=VI]F4                     0.000000    0.000000
   4  1           0.00000    0.00000    0.00000    0.00000    0.00000    0.00000
       0.00000    0.00000    0.00000    0.00000    1.00000    0.00000    0.00000
       0.00000    0.00000    0.00000    0.00000    0.00000    0.00000    4.00000
       0.00000    0.00000
  2500.00000     -1802493.34      670.684855     -123.600000         0.000000000
     0.000000000     0.000000000
 1     0.000000000   0.00
  1.00000      4.00000         0.000000     0.000000     0.000000
  2.40000
 Zr[CN=VII]F4                    0.000000    0.000000
   4  1           0.00000    0.00000    0.00000    0.00000    0.00000    0.00000
       0.00000    0.00000    0.00000    0.00000    1.00000    0.00000    0.00000
       0.00000    0.00000    0.00000    0.00000    0.00000    0.00000    4.00000
       0.00000    0.00000
  2500.00000     -1723418.34      670.684855     -123.600000         0.000000000
     0.000000000     0.000000000
 1     0.000000000   0.00
  1.00000      4.00000         0.000000     0.000000     0.000000
  2.40000
 CrF3                            0.000000    0.000000
   4  1           0.00000    0.00000    0.00000    0.00000    0.00000    0.00000
       0.00000    0.00000    0.00000    0.00000    0.00000    0.00000    0.00000
       0.00000    0.00000    0.00000    1.00000    0.00000    0.00000    3.00000
       0.00000    0.00000
  2500.00000     -1162798.52      786.759449     -130.000000         0.000000000
     0.000000000     0.000000000
 1     0.000000000   0.00
  1.00000      3.00000         0.000000     0.000000     0.000000
  2.40000
 FeF2                            0.000000    0.000000
   4  1           0.00000    0.00000    0.00000    0.00000    0.00000    0.00000
       0.00000    0.00000    0.00000    0.00000    0.00000    0.00000    0.00000
       0.00000    0.00000    1.00000    0.00000    0.00000    0.00000    2.00000
       0.00000    0.00000
  4000.00000     -710515.000      571.359672     -100.000000         0.000000000
     0.000000000     0.000000000
 1     0.000000000   0.00
  1.00000      2.00000         0.000000     0.000000     0.000000
  2.40000
 PrF3                            0.000000    0.000000
   4  1           0.00000    0.00000    0.00000    0.00000    1.00000    0.00000
       0.00000    0.00000    0.00000    0.00000    0.00000    0.00000    0.00000
       0.00000    0.00000    0.00000    0.00000    0.00000    0.00000    3.00000
       0.00000    0.00000
  1800.00000     -1694175.27      755.056505     -130.760000         0.000000000
     0.000000000     0.000000000
 1     0.000000000   0.00
  1.00000      3.00000         0.000000     0.000000     0.000000
  2.40000
 U[Dimer]I8                      0.000000    0.000000
   4  1           0.00000    2.00000    0.00000    0.00000    0.00000    0.00000
       0.00000    0.00000    0.00000    8.00000    0.00000    0.00000    0.00000
       0.00000    0.00000    0.00000    0.00000    0.00000    0.00000    0.00000
       0.00000    0.00000
  5000.00000     -1067490.22      1633.50121     -331.414640         0.000000000
     0.000000000     0.000000000
 1     0.000000000   0.00
  1.00000      8.00000         0.000000     0.000000     0.000000
  2.40000
 U[CN=VII]I4                     0.000000    0.000000
   4  1           0.00000    1.00000    0.00000    0.00000    0.00000    0.00000
       0.00000    0.00000    0.00000    4.00000    0.00000    0.00000    0.00000
       0.00000    0.00000    0.00000    0.00000    0.00000    0.00000    0.00000
       0.00000    0.00000
  5000.00000     -433745.109      816.750605     -165.707320         0.000000000
     0.000000000     0.000000000
 1     0.000000000   0.00
  1.00000      4.00000         0.000000     0.000000     0.000000
  2.40000
 UI3                             0.000000    0.000000
   4  1           0.00000    1.00000    0.00000    0.00000    0.00000    0.00000
       0.00000    0.00000    0.00000    3.00000    0.00000    0.00000    0.00000
       0.00000    0.00000    0.00000    0.00000    0.00000    0.00000    0.00000
       0.00000    0.00000
  5000.00000      10000.0000         0.000000000     0.000000000     0.000000000
     0.000000000     0.000000000
 1     0.000000000   0.00
  1.00000      3.00000         0.000000     0.000000     0.000000
  2.40000
 Be[Dimer]I4                     0.000000    0.000000
   4  3           0.00000    0.00000    0.00000    0.00000    0.00000    0.00000
       0.00000    0.00000    0.00000    4.00000    0.00000    0.00000    0.00000
       0.00000    0.00000    0.00000    0.00000    0.00000    0.00000    0.00000
       2.00000    0.00000
  400.000000     -396783.883      410.151625     -91.7194950     -.775211717E-01
     0.000000000     0.000000000
 1     0.000000000   0.00
  1500.00000     -438067.097      1286.50462     -225.936000         0.000000000
     0.000000000     0.000000000
 1     0.000000000   0.00
  5000.00000     -279163.097      405.835309     -120.000000         0.000000000
     0.000000000     0.000000000
 1     0.000000000   0.00
  1.00000      4.00000         0.000000     0.000000     0.000000
  2.40000
 Zr[Dimer]I8                     0.000000    0.000000
   4  2           0.00000    0.00000    0.00000    0.00000    0.00000    0.00000
       0.00000    0.00000    0.00000    8.00000    2.00000    0.00000    0.00000
       0.00000    0.00000    0.00000    0.00000    0.00000    0.00000    0.00000
       0.00000    0.00000
  773.000000     -987073.041      1081.02044     -246.547000     -.161765100E-01
 -.436017667E-10  257462.300
 1     0.000000000   0.00
  1000.00000     -1025790.10      1541.01375     -310.000000         0.000000000
     0.000000000     0.000000000
 1     0.000000000   0.00
  1.00000      8.00000         0.000000     0.000000     0.000000
  2.40000
 Zr[CN=VI]I4                     0.000000    0.000000
   4  2           0.00000    0.00000    0.00000    0.00000    0.00000    0.00000
       0.00000    0.00000    0.00000    4.00000    1.00000    0.00000    0.00000
       0.00000    0.00000    0.00000    0.00000    0.00000    0.00000    0.00000
       0.00000    0.00000
  773.000000     -393536.521      540.510219     -123.273500     -.808825500E-02
 -.218008833E-10  128731.150
 1     0.000000000   0.00
  5000.00000     -412895.049      770.506876     -155.000000         0.000000000
     0.000000000     0.000000000
 1     0.000000000   0.00
  1.00000      4.00000         0.000000     0.000000     0.000000
  2.40000
 Zr[CN=VII]I4                    0.000000    0.000000
   4  2           0.00000    0.00000    0.00000    0.00000    0.00000    0.00000
       0.00000    0.00000    0.00000    4.00000    1.00000    0.00000    0.00000
       0.00000    0.00000    0.00000    0.00000    0.00000    0.00000    0.00000
       0.00000    0.00000
  773.000000     -393536.521      540.510219     -123.273500     -.808825500E-02
 -.218008833E-10  128731.150
 1     0.000000000   0.00
  5000.00000     -412895.049      770.506876     -155.000000         0.000000000
     0.000000000     0.000000000
 1     0.000000000   0.00
  1.00000      4.00000         0.000000     0.000000     0.000000
  2.40000
 CrF2                            0.000000    0.000000
   4  1           0.00000    0.00000    0.00000    0.00000    0.00000    0.00000
       0.00000    0.00000    0.00000    0.00000    0.00000    0.00000    0.00000
       0.00000    0.00000    0.00000    1.00000    0.00000    0.00000    2.00000
       0.00000    0.00000
  4000.00000     -803174.028      597.550530     -100.000000         0.000000000
     0.000000000     0.000000000
 1     0.000000000   0.00
  1.00000      2.00000         0.000000     0.000000     0.000000
  2.40000
 YF3                             0.000000    0.000000
   4  1           0.00000    0.00000    0.00000    0.00000    0.00000    0.00000
       0.00000    0.00000    0.00000    0.00000    0.00000    1.00000    0.00000
       0.00000    0.00000    0.00000    0.00000    0.00000    0.00000    3.00000
       0.00000    0.00000
  2000.00000     -1730428.62      812.561671     -133.679000         0.000000000
     0.000000000     0.000000000
 1     0.000000000   0.00
  1.00000      3.00000         0.000000     0.000000     0.000000
  2.40000
 CrI3                            0.000000    0.000000
   4  2           0.00000    0.00000    0.00000    0.00000    0.00000    0.00000
       0.00000    0.00000    0.00000    3.00000    0.00000    0.00000    0.00000
       0.00000    0.00000    0.00000    1.00000    0.00000    0.00000    0.00000
       0.00000    0.00000
  1130.00000     -167746.124      374.930810     -92.8309800     -.120222800E-01
 0.894192833E-10 -19.3554650
 1     0.000000000   0.00
  2500.00000     -194396.159      646.227038     -130.000000         0.000000000
     0.000000000     0.000000000
 1     0.000000000   0.00
  1.00000      3.00000         0.000000     0.000000     0.000000
  2.40000
 FeI2                            0.000000    0.000000
   4  3           0.00000    0.00000    0.00000    0.00000    0.00000    0.00000
       0.00000    0.00000    0.00000    2.00000    0.00000    0.00000    0.00000
       0.00000    0.00000    1.00000    0.00000    0.00000    0.00000    0.00000
       0.00000    0.00000
  650.000000     -100247.256      353.600196     -82.9840000     -.119830000E-02
 0.200333333E-08 -125.000000
 1     0.000000000   0.00
  867.000000     -108852.866      456.842560     -97.0000100         0.000000000
     0.000000000     0.000000000
 1     0.000000000   0.00
  2000.00000     -115788.857      518.962794     -105.000000         0.000000000
     0.000000000     0.000000000
 1     0.000000000   0.00
  1.00000      2.00000         0.000000     0.000000     0.000000
  2.40000
 PrI3                            0.000000    0.000000
   4  2           0.00000    0.00000    0.00000    0.00000    1.00000    0.00000
       0.00000    0.00000    0.00000    3.00000    0.00000    0.00000    0.00000
       0.00000    0.00000    0.00000    0.00000    0.00000    0.00000    0.00000
       0.00000    0.00000
  1011.00000     -640336.536      342.833530     -89.7490000     -.188704500E-01
 -.198333333E-09  60.0000000
 1     0.000000000   0.00
  3000.00000     -687016.885      821.379595     -155.000000         0.000000000
     0.000000000     0.000000000
 1     0.000000000   0.00
  1.00000      3.00000         0.000000     0.000000     0.000000
  2.40000
 CrI2                            0.000000    0.000000
   4  2           0.00000    0.00000    0.00000    0.00000    0.00000    0.00000
       0.00000    0.00000    0.00000    2.00000    0.00000    0.00000    0.00000
       0.00000    0.00000    0.00000    1.00000    0.00000    0.00000    0.00000
       0.00000    0.00000
  1140.00000     -136831.530      354.142758     -82.5781200     -.238198300E-02
 0.119933750E-08 -121.527400
 1     0.000000000   0.00
  4000.00000     -153600.615      488.767328     -100.000000         0.000000000
     0.000000000     0.000000000
 1     0.000000000   0.00
  1.00000      2.00000         0.000000     0.000000     0.000000
  2.40000
 YI3                             0.000000    0.000000
   4  1           0.00000    0.00000    0.00000    0.00000    0.00000    0.00000
       0.00000    0.00000    0.00000    3.00000    0.00000    1.00000    0.00000
       0.00000    0.00000    0.00000    0.00000    0.00000    0.00000    0.00000
       0.00000    0.00000
  6000.00000      10000.0000         0.000000000     0.000000000     0.000000000
     0.000000000     0.000000000
 1     0.000000000   0.00
  1.00000      3.00000         0.000000     0.000000     0.000000
  2.40000
  27   2
 Li[1+]                   Be[CN=IV]                U[Dimer]
 Th[4+]                   U[3+]                    Na[1+]
 Pu[3+]                   Rb[1+]                   La[3+]
 Cs[1+]                   K[1+]                    Ce[3+]
 Nd[3+]                   Be[Dimer]                Ni[2+]
 Sr[2+]                   U[CN=VI]                 U[CN=VII]
 Ba[2+]                   Zr[Dimer]                Zr[CN=VI]
 Zr[CN=VII]               Cr[3+]                   Fe[2+]
 Pr[3+]                   Cr[2+]                   Y[3+]
 F                        I
  1.00000      2.00000      8.00000      4.00000      3.00000      1.00000
  3.00000      1.00000      3.00000      1.00000      1.00000      3.00000
  3.00000      4.00000      2.00000      2.00000      4.00000      4.00000
  2.00000      8.00000      4.00000      4.00000      3.00000      2.00000
  3.00000      2.00000      3.00000
   1   2   3   3   4   1   4   1   4   1   1   4   4   2   5   2   3   3   2   3
   3   3   4   5   4   5   4
  1.00000      1.00000
   1   1
   1   2   3   4   5   6   7   8   9  10  11  12  13  14  15  18  11   1   6  16
  19  10  16  19  15   4   7  12  13   9   2  17  17   8  20  21  22  23  24  25
   3  18   5  14  20  21  22  26  27  23  24  25  26  27
   1   1   1   1   1   1   1   1   1   1   1   1   1   1   1   1   2   2   2   1
   1   2   2   2   2   2   2   2   2   2   2   2   1   2   1   1   1   1   1   1
   2   2   2   2   2   2   2   1   1   2   2   2   2   2
   1   1  28  28  6.00000000      6.00000000      6.00000000      6.00000000
   2   2  28  28  4.80000000      4.80000000      2.40000000      2.40000000
   3   3  28  28  6.00000000      6.00000000     0.750000000     0.750000000
   4   4  28  28  6.00000000      6.00000000      1.50000000      1.50000000
   5   5  28  28  6.00000000      6.00000000      2.00000000      2.00000000
   6   6  28  28  6.00000000      6.00000000      6.00000000      6.00000000
   7   7  28  28  6.00000000      6.00000000      2.00000000      2.00000000
   8   8  28  28  6.00000000      6.00000000      6.00000000      6.00000000
   9   9  28  28  6.00000000      6.00000000      2.00000000      2.00000000
  10  10  28  28  6.00000000      6.00000000      6.00000000      6.00000000
  11  11  28  28  6.00000000      6.00000000      6.00000000      6.00000000
  12  12  28  28  6.00000000      6.00000000      2.00000000      2.00000000
  13  13  28  28  6.00000000      6.00000000      2.00000000      2.00000000
  14  14  28  28  6.00000000      6.00000000      1.50000000      1.50000000
  15  15  28  28  6.00000000      6.00000000      3.00000000      3.00000000
  18  18  28  28  6.00000000      6.00000000      1.50000000      1.50000000
  11  11  29  29  6.00000000      6.00000000      6.00000000      6.00000000
   1   1  29  29  6.00000000      6.00000000      6.00000000      6.00000000
   6   6  29  29  6.00000000      6.00000000      6.00000000      6.00000000
  16  16  28  28  6.00000000      6.00000000      3.00000000      3.00000000
  19  19  28  28  6.00000000      6.00000000      3.00000000      3.00000000
  10  10  29  29  6.00000000      6.00000000      6.00000000      6.00000000
  16  16  29  29  6.00000000      6.00000000      3.00000000      3.00000000
  19  19  29  29  6.00000000      6.00000000      3.00000000      3.00000000
  15  15  29  29  6.00000000      6.00000000      3.00000000      3.00000000
   4   4  29  29  6.00000000      6.00000000      1.50000000      1.50000000
   7   7  29  29  6.00000000      6.00000000      2.00000000      2.00000000
  12  12  29  29  6.00000000      6.00000000      2.00000000      2.00000000
  13  13  29  29  6.00000000      6.00000000      2.00000000      2.00000000
   9   9  29  29  6.00000000      6.00000000      2.00000000      2.00000000
   2   2  29  29  4.80000000      4.80000000      2.40000000      2.40000000
  17  17  29  29  6.00000000      6.00000000      1.50000000      1.50000000
  17  17  28  28  6.00000000      6.00000000      1.50000000      1.50000000
   8   8  29  29  6.00000000      6.00000000      6.00000000      6.00000000
  20  20  28  28  6.00000000      6.00000000     0.750000000     0.750000000
  21  21  28  28  6.00000000      6.00000000      1.50000000      1.50000000
  22  22  28  28  6.00000000      6.00000000      1.50000000      1.50000000
  23  23  28  28  6.00000000      6.00000000      2.00000000      2.00000000
  24  24  28  28  6.00000000      6.00000000      3.00000000      3.00000000
  25  25  28  28  6.00000000      6.00000000      2.00000000      2.00000000
   3   3  29  29  6.00000000      6.00000000     0.750000000     0.750000000
  18  18  29  29  6.00000000      6.00000000      1.50000000      1.50000000
   5   5  29  29  6.00000000      6.00000000      2.00000000      2.00000000
  14  14  29  29  6.00000000      6.00000000      1.50000000      1.50000000
  20  20  29  29  6.00000000      6.00000000     0.750000000     0.750000000
  21  21  29  29  6.00000000      6.00000000      1.50000000      1.50000000
  22  22  29  29  6.00000000      6.00000000      1.50000000      1.50000000
  26  26  28  28  6.00000000      6.00000000      3.00000000      3.00000000
  27  27  28  28  6.00000000      6.00000000      2.00000000      2.00000000
  23  23  29  29  6.00000000      6.00000000      2.00000000      2.00000000
  24  24  29  29  6.00000000      6.00000000      3.00000000      3.00000000
  25  25  29  29  6.00000000      6.00000000      2.00000000      2.00000000
  26  26  29  29  6.00000000      6.00000000      3.00000000      3.00000000
  27  27  29  29  6.00000000      6.00000000      2.00000000      2.00000000
   1   2  28  28  3.00000000      6.00000000      3.00000000      3.00000000
   1   3  28  28  3.50000000      6.00000000      1.23529412      1.23529412
   1   4  28  28  2.00000000      6.00000000      1.71428571      1.71428571
   2   4  28  28  1.00000000      6.00000000     0.750000000     0.750000000
   3   4  28  28  6.00000000      6.00000000      1.50000000      1.50000000
   1   5  28  28  2.00000000      6.00000000      2.00000000      2.00000000
   4   6  28  28  6.00000000      2.00000000      1.71428571      1.71428571
   3   6  28  28  6.00000000      3.00000000      1.20000000      1.20000000
   5   6  28  28  6.00000000      2.00000000      2.00000000      2.00000000
   2   6  28  28  6.00000000      3.00000000      3.00000000      3.00000000
   1   7  28  28  2.00000000      6.00000000      2.00000000      2.00000000
   6   7  28  28  2.00000000      6.00000000      2.00000000      2.00000000
   4   7  28  28  3.00000000      6.00000000      1.09090909      1.09090909
   3   7  28  28  6.00000000      6.00000000      1.09090909      1.09090909
   1   8  28  28  6.00000000      6.00000000      6.00000000      6.00000000
   1   9  28  28  2.00000000      6.00000000      2.00000000      2.00000000
   6   8  28  28  6.00000000      6.00000000      6.00000000      6.00000000
   6   9  28  28  2.00000000      6.00000000      2.00000000      2.00000000
   8   9  28  28  2.00000000      6.00000000      2.00000000      2.00000000
   1  10  28  28  3.00000000      6.00000000      4.00000000      4.00000000
   6  10  28  28  6.00000000      6.00000000      6.00000000      6.00000000
   4  10  28  28  6.00000000      3.00000000      2.00000000      2.00000000
   7  11  28  28  6.00000000      3.00000000      2.40000000      2.40000000
   1  12  28  28  2.00000000      6.00000000      2.00000000      2.00000000
   4  12  28  28  3.00000000      6.00000000      1.09090909      1.09090909
   7   8  28  28  6.00000000      2.00000000      2.00000000      2.00000000
   9  11  28  28  6.00000000      3.00000000      2.40000000      2.40000000
   1  13  28  28  3.00000000      6.00000000      2.40000000      2.40000000
   6  12  28  28  3.00000000      6.00000000      2.40000000      2.40000000
   3  11  28  28  6.00000000      4.00000000      1.26315789      1.26315789
   6  14  28  28  2.00000000      6.00000000      1.71428571      1.71428571
   1  15  28  28  3.00000000      6.00000000      3.00000000      3.00000000
   6  15  28  28  2.00000000      6.00000000      2.40000000      2.40000000
  11  15  28  28  3.00000000      6.00000000      3.00000000      3.00000000
   2  11  28  28  6.00000000      3.00000000      3.00000000      3.00000000
  11  14  28  28  2.00000000      6.00000000      1.71428571      1.71428571
   2  14  28  28  4.80000000      6.00000000      1.84615385      1.84615385
   6  13  28  28  3.00000000      6.00000000      2.40000000      2.40000000
   1  14  28  28  2.00000000      6.00000000      1.71428571      1.71428571
   5  10  28  28  6.00000000      2.00000000      2.00000000      2.00000000
  11  18  28  28  3.00000000      6.00000000      2.00000000      2.00000000
   6  18  28  28  2.00000000      6.00000000      1.71428571      1.71428571
  11  19  28  28  3.00000000      6.00000000      3.00000000      3.00000000
   6  19  28  28  3.00000000      6.00000000      3.00000000      3.00000000
   1  18  28  28  2.00000000      6.00000000      1.71428571      1.71428571
   3  10  28  28  6.00000000      3.00000000      1.20000000      1.20000000
  10  17  28  28  4.00000000      6.00000000      2.18181818      2.18181818
  10  18  28  28  2.00000000      6.00000000      1.71428571      1.71428571
  10  11  29  29  6.00000000      6.00000000      6.00000000      6.00000000
   1  10  29  29  4.00000000      6.00000000      4.80000000      4.80000000
  11  11  28  29  6.00000000      6.00000000      6.00000000      6.00000000
   1  11  29  29  6.00000000      6.00000000      6.00000000      6.00000000
   1  16  28  28  6.00000000      6.00000000      4.00000000      4.00000000
   1  20  28  28  4.50000000      6.00000000      1.28561417      1.28561417
   1  21  28  28  4.00000000      6.00000000      2.18181818      2.18181818
   1  22  28  28  2.00000000      6.00000000      1.71428571      1.71428571
   1  23  28  28  2.00000000      6.00000000      2.00000000      2.00000000
   1  24  28  28  3.00000000      6.00000000      3.00000000      3.00000000
   1  25  28  28  2.00000000      6.00000000      2.00000000      2.00000000
  14  20  28  28  4.00000000      6.00000000     0.857142857     0.857142857
  14  22  28  28  4.00000000      6.00000000      1.20000000      1.20000000
  14  21  28  28  6.00000000      4.00000000      1.20000000      1.20000000
   1  17  28  28  3.00000000      6.00000000      2.00000000      2.00000000
   3  14  28  28  6.00000000      6.00000000      1.00000000      1.00000000
   2   3  28  28  2.00000000      6.00000000     0.857142857     0.857142857
   3  20  28  28  6.00000000      3.00000000     0.500000000     0.500000000
   3  22  28  28  4.00000000      6.00000000     0.750000000     0.750000000
  18  20  28  28  6.00000000      4.00000000     0.750000000     0.750000000
  12  14  28  28  6.00000000      6.00000000      1.71428571      1.71428571
   7  14  28  28  6.00000000      6.00000000      1.71428571      1.71428571
   2  10  28  28  6.00000000      3.00000000      3.00000000      3.00000000
  10  14  28  28  3.00000000      6.00000000      2.00000000      2.00000000
   6  17  28  28  3.00000000      6.00000000      2.00000000      2.00000000
   6  24  28  28  3.00000000      6.00000000      3.00000000      3.00000000
  23  26  28  28  6.00000000      3.00000000      1.71428571      1.71428571
   6  23  28  28  4.00000000      6.00000000      2.66666667      2.66666667
  10  22  28  28  2.00000000      6.00000000      1.71428571      1.71428571
  10  21  28  28  4.30000000      6.00000000      2.22413793      2.22413793
  10  20  28  28  4.00000000      6.00000000      1.26315789      1.26315789
   4  14  28  28  6.00000000      6.00000000      1.50000000      1.50000000
   9  20  28  28  6.00000000      6.00000000      1.09090909      1.09090909
   9  21  28  28  4.00000000      6.00000000      1.41187984      1.41187984
   9  22  28  28  6.00000000      6.00000000      1.71428571      1.71428571
  13  14  28  28  6.00000000      6.00000000      1.71428571      1.71428571
  11  23  28  28  6.00000000      6.00000000      3.00000000      3.00000000
   7  10  28  28  6.00000000      2.00000000      2.00000000      2.00000000
   1  27  28  28  2.00000000      6.00000000      2.00000000      2.00000000
  14  14  28  29  6.00000000      6.00000000      1.50000000      1.50000000
   3   5  28  28  6.00000000      3.00000000     0.857142857     0.857142857
   3
 G   1   2  28  28   0   0   0   0
     0.000000000   1.00     0.000000000   2.00     0.000000000   3.00
     0.000000000   0.00     0.000000000   0.00     0.000000000   0.00
   0   0 -39995.0000      29.0900000     -4.00000000         0.000000000
     0.000000000     0.000000000
   3
 G   1   2  28  28   1   0   0   0
     0.000000000   1.00     0.000000000   2.00     0.000000000   3.00
     0.000000000   0.00     0.000000000   0.00     0.000000000   0.00
   0   0  545.000000         0.000000000     0.000000000     0.000000000
     0.000000000     0.000000000
   3
 G   1   3  28  28   0   0   0   0
     0.000000000   1.00     0.000000000   2.00     0.000000000   3.00
     0.000000000   0.00     0.000000000   0.00     0.000000000   0.00
   0   0 -18050.0000         0.000000000     0.000000000     0.000000000
     0.000000000     0.000000000
   3
 G   2   3  28  28   0   0   0   0
     0.000000000   1.00     0.000000000   2.00     0.000000000   3.00
     0.000000000   0.00     0.000000000   0.00     0.000000000   0.00
   0   0 -64000.0000         0.000000000     0.000000000     0.000000000
     0.000000000     0.000000000
   3
 G   1   2  28  28   0   0   1   0
     0.000000000   1.00     0.000000000   2.00     0.000000000   3.00
     0.000000000   0.00     0.000000000   0.00     0.000000000   0.00
   3   0  2093.00000         0.000000000     0.000000000     0.000000000
     0.000000000     0.000000000
   3
 G   1   4  28  28   0   0   0   0
     0.000000000   1.00     0.000000000   2.00     0.000000000   3.00
     0.000000000   0.00     0.000000000   0.00     0.000000000   0.00
   0   0 -15583.0000      3.70000000         0.000000000     0.000000000
     0.000000000     0.000000000
   3
 G   1   4  28  28   2   0   0   0
     0.000000000   1.00     0.000000000   2.00     0.000000000   3.00
     0.000000000   0.00     0.000000000   0.00     0.000000000   0.00
   0   0     0.000000000 -3.00000000         0.000000000     0.000000000
     0.000000000     0.000000000
   3
 G   1   4  28  28   0   1   0   0
     0.000000000   1.00     0.000000000   2.00     0.000000000   3.00
     0.000000000   0.00     0.000000000   0.00     0.000000000   0.00
   0   0 -2250.00000         0.000000000     0.000000000     0.000000000
     0.000000000     0.000000000
   3
 G   2   4  28  28   0   0   0   0
     0.000000000   1.00     0.000000000   2.00     0.000000000   3.00
     0.000000000   0.00     0.000000000   0.00     0.000000000   0.00
   0   0 -138500.000         0.000000000     0.000000000     0.000000000
     0.000000000     0.000000000
   3
 G   1   5  28  28   0   0   0   0
     0.000000000   1.00     0.000000000   2.00     0.000000000   3.00
     0.000000000   0.00     0.000000000   0.00     0.000000000   0.00
   0   0 -2950.00000      4.60000000         0.000000000     0.000000000
     0.000000000     0.000000000
   3
 G   1   5  28  28   0   1   0   0
     0.000000000   1.00     0.000000000   2.00     0.000000000   3.00
     0.000000000   0.00     0.000000000   0.00     0.000000000   0.00
   0   0 -6700.00000      7.20000000         0.000000000     0.000000000
     0.000000000     0.000000000
   3
 G   5   6  28  28   0   0   0   0
     0.000000000   1.00     0.000000000   2.00     0.000000000   3.00
     0.000000000   0.00     0.000000000   0.00     0.000000000   0.00
   0   0 -13500.0000      3.00000000         0.000000000     0.000000000
     0.000000000     0.000000000
   3
 G   5   6  28  28   1   0   0   0
     0.000000000   1.00     0.000000000   2.00     0.000000000   3.00
     0.000000000   0.00     0.000000000   0.00     0.000000000   0.00
   0   0 -6500.00000      9.00000000         0.000000000     0.000000000
     0.000000000     0.000000000
   3
 G   4   6  28  28   0   0   0   0
     0.000000000   1.00     0.000000000   2.00     0.000000000   3.00
     0.000000000   0.00     0.000000000   0.00     0.000000000   0.00
   0   0 -28274.0000         0.000000000     0.000000000     0.000000000
     0.000000000     0.000000000
   3
 G   4   6  28  28   0   2   0   0
     0.000000000   1.00     0.000000000   2.00     0.000000000   3.00
     0.000000000   0.00     0.000000000   0.00     0.000000000   0.00
   0   0     0.000000000 -3.00000000         0.000000000     0.000000000
     0.000000000     0.000000000
   3
 G   4   6  28  28   1   0   0   0
     0.000000000   1.00     0.000000000   2.00     0.000000000   3.00
     0.000000000   0.00     0.000000000   0.00     0.000000000   0.00
   0   0 -10200.0000         0.000000000     0.000000000     0.000000000
     0.000000000     0.000000000
   3
 G   3   6  28  28   0   0   0   0
     0.000000000   1.00     0.000000000   2.00     0.000000000   3.00
     0.000000000   0.00     0.000000000   0.00     0.000000000   0.00
   0   0 -35700.0000         0.000000000     0.000000000     0.000000000
     0.000000000     0.000000000
   3
 G   2   6  28  28   0   0   1   0
     0.000000000   1.00     0.000000000   2.00     0.000000000   3.00
     0.000000000   0.00     0.000000000   0.00     0.000000000   0.00
   3   0 -2093.00000         0.000000000     0.000000000     0.000000000
     0.000000000     0.000000000
   3
 G   2   3  28  28   0   0   1   0
     0.000000000   1.00     0.000000000   2.00     0.000000000   3.00
     0.000000000   0.00     0.000000000   0.00     0.000000000   0.00
   6   0 -18836.0000         0.000000000     0.000000000     0.000000000
     0.000000000     0.000000000
   3
 G   1   6  28  28   0   0   1   0
     0.000000000   1.00     0.000000000   2.00     0.000000000   3.00
     0.000000000   0.00     0.000000000   0.00     0.000000000   0.00
   3   0  12550.0000         0.000000000     0.000000000     0.000000000
     0.000000000     0.000000000
   3
 G   1   3  28  28   0   0   1   0
     0.000000000   1.00     0.000000000   2.00     0.000000000   3.00
     0.000000000   0.00     0.000000000   0.00     0.000000000   0.00
   6   0  4200.00000         0.000000000     0.000000000     0.000000000
     0.000000000     0.000000000
   3
 G   3   6  28  28   0   0   1   0
     0.000000000   1.00     0.000000000   2.00     0.000000000   3.00
     0.000000000   0.00     0.000000000   0.00     0.000000000   0.00
   1   0  2100.00000         0.000000000     0.000000000     0.000000000
     0.000000000     0.000000000
   3
 G   3   4  28  28   0   0   1   0
     0.000000000   1.00     0.000000000   2.00     0.000000000   3.00
     0.000000000   0.00     0.000000000   0.00     0.000000000   0.00
   6   0  3770.00000         0.000000000     0.000000000     0.000000000
     0.000000000     0.000000000
   3
 G   3   7  28  28   0   0   0   0
     0.000000000   1.00     0.000000000   2.00     0.000000000   3.00
     0.000000000   0.00     0.000000000   0.00     0.000000000   0.00
   0   0 -10000.0000         0.000000000     0.000000000     0.000000000
     0.000000000     0.000000000
   3
 G   3   7  28  28   0   1   0   0
     0.000000000   1.00     0.000000000   2.00     0.000000000   3.00
     0.000000000   0.00     0.000000000   0.00     0.000000000   0.00
   0   0 -800.000000         0.000000000     0.000000000     0.000000000
     0.000000000     0.000000000
   3
 G   1   7  28  28   0   0   0   0
     0.000000000   1.00     0.000000000   2.00     0.000000000   3.00
     0.000000000   0.00     0.000000000   0.00     0.000000000   0.00
   0   0 -4950.00000      1.60000000         0.000000000     0.000000000
     0.000000000     0.000000000
   3
 G   1   7  28  28   0   1   0   0
     0.000000000   1.00     0.000000000   2.00     0.000000000   3.00
     0.000000000   0.00     0.000000000   0.00     0.000000000   0.00
   0   0 -6700.00000      3.00000000         0.000000000     0.000000000
     0.000000000     0.000000000
   3
 G   1   4  28  28   0   0   1   0
     0.000000000   1.00     0.000000000   2.00     0.000000000   3.00
     0.000000000   0.00     0.000000000   0.00     0.000000000   0.00
   7   0 -7953.00000         0.000000000     0.000000000     0.000000000
     0.000000000     0.000000000
   3
 G   1   3  28  28   0   0   1   0
     0.000000000   1.00     0.000000000   2.00     0.000000000   3.00
     0.000000000   0.00     0.000000000   0.00     0.000000000   0.00
   7   0 -6698.00000         0.000000000     0.000000000     0.000000000
     0.000000000     0.000000000
   3
 G   4   7  28  28   0   0   1   0
     0.000000000   1.00     0.000000000   2.00     0.000000000   3.00
     0.000000000   0.00     0.000000000   0.00     0.000000000   0.00
   1   0  20930.0000         0.000000000     0.000000000     0.000000000
     0.000000000     0.000000000
   3
 G   3   7  28  28   0   0   1   0
     0.000000000   1.00     0.000000000   2.00     0.000000000   3.00
     0.000000000   0.00     0.000000000   0.00     0.000000000   0.00
   1   0  16744.0000         0.000000000     0.000000000     0.000000000
     0.000000000     0.000000000
   3
 G   6   7  28  28   0   0   0   0
     0.000000000   1.00     0.000000000   2.00     0.000000000   3.00
     0.000000000   0.00     0.000000000   0.00     0.000000000   0.00
   0   0 -16000.0000      3.50000000         0.000000000     0.000000000
     0.000000000     0.000000000
   3
 G   6   7  28  28   1   0   0   0
     0.000000000   1.00     0.000000000   2.00     0.000000000   3.00
     0.000000000   0.00     0.000000000   0.00     0.000000000   0.00
   0   0     0.000000000 -1.80000000         0.000000000     0.000000000
     0.000000000     0.000000000
   3
 G   6   7  28  28   0   1   0   0
     0.000000000   1.00     0.000000000   2.00     0.000000000   3.00
     0.000000000   0.00     0.000000000   0.00     0.000000000   0.00
   0   0 -6500.00000         0.000000000     0.000000000     0.000000000
     0.000000000     0.000000000
   3
 G   1   2  28  28   0   0   1   0
     0.000000000   1.00     0.000000000   2.00     0.000000000   3.00
     0.000000000   0.00     0.000000000   0.00     0.000000000   0.00
   7   0  2092.00000         0.000000000     0.000000000     0.000000000
     0.000000000     0.000000000
   3
 G   2   6  28  28   0   0   1   0
     0.000000000   1.00     0.000000000   2.00     0.000000000   3.00
     0.000000000   0.00     0.000000000   0.00     0.000000000   0.00
   7   0 -5858.00000         0.000000000     0.000000000     0.000000000
     0.000000000     0.000000000
   3
 G   1   8  28  28   0   0   0   0
     0.000000000   1.00     0.000000000   2.00     0.000000000   3.00
     0.000000000   0.00     0.000000000   0.00     0.000000000   0.00
   0   0 -4217.10000         0.000000000     0.000000000     0.000000000
     0.000000000     0.000000000
   3
 G   1   8  28  28   0   1   0   0
     0.000000000   1.00     0.000000000   2.00     0.000000000   3.00
     0.000000000   0.00     0.000000000   0.00     0.000000000   0.00
   0   0 -1442.58000         0.000000000     0.000000000     0.000000000
     0.000000000     0.000000000
   3
 G   1   8  28  28   1   0   0   0
     0.000000000   1.00     0.000000000   2.00     0.000000000   3.00
     0.000000000   0.00     0.000000000   0.00     0.000000000   0.00
   0   0 -452.220000         0.000000000     0.000000000     0.000000000
     0.000000000     0.000000000
   3
 G   1   9  28  28   0   0   0   0
     0.000000000   1.00     0.000000000   2.00     0.000000000   3.00
     0.000000000   0.00     0.000000000   0.00     0.000000000   0.00
   0   0 -3711.58000     -.620000000         0.000000000     0.000000000
     0.000000000     0.000000000
   3
 G   1   9  28  28   0   1   0   0
     0.000000000   1.00     0.000000000   2.00     0.000000000   3.00
     0.000000000   0.00     0.000000000   0.00     0.000000000   0.00
   0   0 -7871.99000         0.000000000     0.000000000     0.000000000
     0.000000000     0.000000000
   3
 G   6   8  28  28   0   0   0   0
     0.000000000   1.00     0.000000000   2.00     0.000000000   3.00
     0.000000000   0.00     0.000000000   0.00     0.000000000   0.00
   0   0  301.860000         0.000000000     0.000000000     0.000000000
     0.000000000     0.000000000
   3
 G   6   8  28  28   0   1   0   0
     0.000000000   1.00     0.000000000   2.00     0.000000000   3.00
     0.000000000   0.00     0.000000000   0.00     0.000000000   0.00
   0   0 -323.560000         0.000000000     0.000000000     0.000000000
     0.000000000     0.000000000
   3
 G   6   8  28  28   1   0   0   0
     0.000000000   1.00     0.000000000   2.00     0.000000000   3.00
     0.000000000   0.00     0.000000000   0.00     0.000000000   0.00
   0   0  367.330000         0.000000000     0.000000000     0.000000000
     0.000000000     0.000000000
   3
 G   6   9  28  28   0   0   0   0
     0.000000000   1.00     0.000000000   2.00     0.000000000   3.00
     0.000000000   0.00     0.000000000   0.00     0.000000000   0.00
   0   0 -13374.9100     -.541000000         0.000000000     0.000000000
     0.000000000     0.000000000
   3
 G   6   9  28  28   0   1   0   0
     0.000000000   1.00     0.000000000   2.00     0.000000000   3.00
     0.000000000   0.00     0.000000000   0.00     0.000000000   0.00
   0   0 -14439.7000         0.000000000     0.000000000     0.000000000
     0.000000000     0.000000000
   3
 G   6   9  28  28   1   0   0   0
     0.000000000   1.00     0.000000000   2.00     0.000000000   3.00
     0.000000000   0.00     0.000000000   0.00     0.000000000   0.00
   0   0 -579.590000         0.000000000     0.000000000     0.000000000
     0.000000000     0.000000000
   3
 G   8   9  28  28   0   0   0   0
     0.000000000   1.00     0.000000000   2.00     0.000000000   3.00
     0.000000000   0.00     0.000000000   0.00     0.000000000   0.00
   0   0 -31587.2700      9.48000000         0.000000000     0.000000000
     0.000000000     0.000000000
   3
 G   8   9  28  28   1   0   0   0
     0.000000000   1.00     0.000000000   2.00     0.000000000   3.00
     0.000000000   0.00     0.000000000   0.00     0.000000000   0.00
   0   0  10973.9500     -7.86680000         0.000000000     0.000000000
     0.000000000     0.000000000
   3
 G   8   9  28  28   0   1   0   0
     0.000000000   1.00     0.000000000   2.00     0.000000000   3.00
     0.000000000   0.00     0.000000000   0.00     0.000000000   0.00
   0   0  33334.0000     -45.2400000         0.000000000     0.000000000
     0.000000000     0.000000000
   3
 G   1   6  28  28   0   0   1   0
     0.000000000   1.00     0.000000000   2.00     0.000000000   3.00
     0.000000000   0.00     0.000000000   0.00     0.000000000   0.00
   9   0 -9565.50000         0.000000000     0.000000000     0.000000000
     0.000000000     0.000000000
   3
 G   1   6  28  28   0   0   1   0
     0.000000000   1.00     0.000000000   2.00     0.000000000   3.00
     0.000000000   0.00     0.000000000   0.00     0.000000000   0.00
   8   0 -6125.50000         0.000000000     0.000000000     0.000000000
     0.000000000     0.000000000
   3
 G   1   6  28  28   0   0   1   0
     0.000000000   1.00     0.000000000   2.00     0.000000000   3.00
     0.000000000   0.00     0.000000000   0.00     0.000000000   0.00
   7   0 -9565.50000         0.000000000     0.000000000     0.000000000
     0.000000000     0.000000000
   3
 G   7   8  28  28   0   0   0   0
     0.000000000   1.00     0.000000000   2.00     0.000000000   3.00
     0.000000000   0.00     0.000000000   0.00     0.000000000   0.00
   0   0 -31587.2700      9.48000000         0.000000000     0.000000000
     0.000000000     0.000000000
   3
 G   7   8  28  28   0   1   0   0
     0.000000000   1.00     0.000000000   2.00     0.000000000   3.00
     0.000000000   0.00     0.000000000   0.00     0.000000000   0.00
   0   0  7373.95000     -7.86680000         0.000000000     0.000000000
     0.000000000     0.000000000
   3
 G   7   8  28  28   1   0   0   0
     0.000000000   1.00     0.000000000   2.00     0.000000000   3.00
     0.000000000   0.00     0.000000000   0.00     0.000000000   0.00
   0   0  33334.0000     -45.2400000         0.000000000     0.000000000
     0.000000000     0.000000000
   3
 G   1  11  28  28   0   0   0   0
     0.000000000   1.00     0.000000000   2.00     0.000000000   3.00
     0.000000000   0.00     0.000000000   0.00     0.000000000   0.00
   0   0 -12197.3000      45.0800000     -5.33700000         0.000000000
     0.000000000     0.000000000
   3
 G   1  11  28  28   1   0   0   0
     0.000000000   1.00     0.000000000   2.00     0.000000000   3.00
     0.000000000   0.00     0.000000000   0.00     0.000000000   0.00
   0   0 -366.700000         0.000000000     0.000000000     0.000000000
     0.000000000     0.000000000
   3
 G   6  11  28  28   0   0   0   0
     0.000000000   1.00     0.000000000   2.00     0.000000000   3.00
     0.000000000   0.00     0.000000000   0.00     0.000000000   0.00
   0   0 -137.099000      1.16670000         0.000000000     0.000000000
     0.000000000     0.000000000
   3
 G   6  11  28  28   1   0   0   0
     0.000000000   1.00     0.000000000   2.00     0.000000000   3.00
     0.000000000   0.00     0.000000000   0.00     0.000000000   0.00
   0   0  52.7366000     -.807900000         0.000000000     0.000000000
     0.000000000     0.000000000
   3
 G   8  11  28  28   0   0   0   0
     0.000000000   1.00     0.000000000   2.00     0.000000000   3.00
     0.000000000   0.00     0.000000000   0.00     0.000000000   0.00
   0   0 -800.000000         0.000000000     0.000000000     0.000000000
     0.000000000     0.000000000
   3
 G   9  11  28  28   0   0   0   0
     0.000000000   1.00     0.000000000   2.00     0.000000000   3.00
     0.000000000   0.00     0.000000000   0.00     0.000000000   0.00
   0   0 -14853.2000         0.000000000     0.000000000     0.000000000
     0.000000000     0.000000000
   3
 G   9  11  28  28   0   1   0   0
     0.000000000   1.00     0.000000000   2.00     0.000000000   3.00
     0.000000000   0.00     0.000000000   0.00     0.000000000   0.00
   0   0     0.000000000 -4.18400000         0.000000000     0.000000000
     0.000000000     0.000000000
   3
 G   9  11  28  28   1   0   0   0
     0.000000000   1.00     0.000000000   2.00     0.000000000   3.00
     0.000000000   0.00     0.000000000   0.00     0.000000000   0.00
   0   0 -7112.80000     -4.18400000         0.000000000     0.000000000
     0.000000000     0.000000000
   3
 G   1   6  28  28   1   0   1   0
     0.000000000   1.00     0.000000000   2.00     0.000000000   3.00
     0.000000000   0.00     0.000000000   0.00     0.000000000   0.00
  11   0 -8400.00000         0.000000000     0.000000000     0.000000000
     0.000000000     0.000000000
   3
 G   1  11  28  28   0   0   1   0
     0.000000000   1.00     0.000000000   2.00     0.000000000   3.00
     0.000000000   0.00     0.000000000   0.00     0.000000000   0.00
   8   0 -4125.50000         0.000000000     0.000000000     0.000000000
     0.000000000     0.000000000
   3
 G   7  11  28  28   0   0   0   0
     0.000000000   1.00     0.000000000   2.00     0.000000000   3.00
     0.000000000   0.00     0.000000000   0.00     0.000000000   0.00
   0   0 -14853.2000         0.000000000     0.000000000     0.000000000
     0.000000000     0.000000000
   3
 G   7  11  28  28   0   1   0   0
     0.000000000   1.00     0.000000000   2.00     0.000000000   3.00
     0.000000000   0.00     0.000000000   0.00     0.000000000   0.00
   0   0     0.000000000 -4.18400000         0.000000000     0.000000000
     0.000000000     0.000000000
   3
 G   7  11  28  28   1   0   0   0
     0.000000000   1.00     0.000000000   2.00     0.000000000   3.00
     0.000000000   0.00     0.000000000   0.00     0.000000000   0.00
   0   0 -7112.80000     -4.18400000         0.000000000     0.000000000
     0.000000000     0.000000000
   3
 G   4  12  28  28   0   0   0   0
     0.000000000   1.00     0.000000000   2.00     0.000000000   3.00
     0.000000000   0.00     0.000000000   0.00     0.000000000   0.00
   0   0  335.000000     -6.28000000         0.000000000     0.000000000
     0.000000000     0.000000000
   3
 G   4  12  28  28   0   1   0   0
     0.000000000   1.00     0.000000000   2.00     0.000000000   3.00
     0.000000000   0.00     0.000000000   0.00     0.000000000   0.00
   0   0  2092.00000         0.000000000     0.000000000     0.000000000
     0.000000000     0.000000000
   3
 G   1   4  28  28   0   0   1   0
     0.000000000   1.00     0.000000000   2.00     0.000000000   3.00
     0.000000000   0.00     0.000000000   0.00     0.000000000   0.00
  12   0 -9623.00000         0.000000000     0.000000000     0.000000000
     0.000000000     0.000000000
   3
 G   4  12  28  28   0   0   1   0
     0.000000000   1.00     0.000000000   2.00     0.000000000   3.00
     0.000000000   0.00     0.000000000   0.00     0.000000000   0.00
   1   0  17573.0000         0.000000000     0.000000000     0.000000000
     0.000000000     0.000000000
   3
 Q   4   7  28  28   0   0   0   0
     0.000000000   1.00     0.000000000   2.00     0.000000000   3.00
     0.000000000   0.00     0.000000000   0.00     0.000000000   0.00
   0   0  335.000000     -6.28000000         0.000000000     0.000000000
     0.000000000     0.000000000
   3
 Q   4   7  28  28   0   1   0   0
     0.000000000   1.00     0.000000000   2.00     0.000000000   3.00
     0.000000000   0.00     0.000000000   0.00     0.000000000   0.00
   0   0  2093.00000         0.000000000     0.000000000     0.000000000
     0.000000000     0.000000000
   3
 G   3   5  28  28   0   0   0   0
     0.000000000   1.00     0.000000000   2.00     0.000000000   3.00
     0.000000000   0.00     0.000000000   0.00     0.000000000   0.00
   0   0 -2700.00000         0.000000000     0.000000000     0.000000000
     0.000000000     0.000000000
   3
 G   3   5  28  28   0   1   0   0
     0.000000000   1.00     0.000000000   2.00     0.000000000   3.00
     0.000000000   0.00     0.000000000   0.00     0.000000000   0.00
   0   0 -5500.00000         0.000000000     0.000000000     0.000000000
     0.000000000     0.000000000
   3
 G   4  10  28  28   0   0   0   0
     0.000000000   1.00     0.000000000   2.00     0.000000000   3.00
     0.000000000   0.00     0.000000000   0.00     0.000000000   0.00
   0   0 -39329.6000         0.000000000     0.000000000     0.000000000
     0.000000000     0.000000000
   3
 G   4  10  28  28   1   0   0   0
     0.000000000   1.00     0.000000000   2.00     0.000000000   3.00
     0.000000000   0.00     0.000000000   0.00     0.000000000   0.00
   0   0  2928.80000         0.000000000     0.000000000     0.000000000
     0.000000000     0.000000000
   3
 G   4  10  28  28   0   1   0   0
     0.000000000   1.00     0.000000000   2.00     0.000000000   3.00
     0.000000000   0.00     0.000000000   0.00     0.000000000   0.00
   0   0 -10234.0000         0.000000000     0.000000000     0.000000000
     0.000000000     0.000000000
   3
 G   1  13  28  28   0   0   0   0
     0.000000000   1.00     0.000000000   2.00     0.000000000   3.00
     0.000000000   0.00     0.000000000   0.00     0.000000000   0.00
   0   0 -5000.00000         0.000000000     0.000000000     0.000000000
     0.000000000     0.000000000
   3
 G   1  13  28  28   0   1   0   0
     0.000000000   1.00     0.000000000   2.00     0.000000000   3.00
     0.000000000   0.00     0.000000000   0.00     0.000000000   0.00
   0   0 -6700.00000      4.50000000         0.000000000     0.000000000
     0.000000000     0.000000000
   3
 G   1  12  28  28   0   0   0   0
     0.000000000   1.00     0.000000000   2.00     0.000000000   3.00
     0.000000000   0.00     0.000000000   0.00     0.000000000   0.00
   0   0 -182.256000     -4.75114000         0.000000000     0.000000000
     0.000000000     0.000000000
   3
 G   1  12  28  28   0   1   0   0
     0.000000000   1.00     0.000000000   2.00     0.000000000   3.00
     0.000000000   0.00     0.000000000   0.00     0.000000000   0.00
   0   0 -378.907000         0.000000000     0.000000000     0.000000000
     0.000000000     0.000000000
   3
 G   1  12  28  28   1   0   0   0
     0.000000000   1.00     0.000000000   2.00     0.000000000   3.00
     0.000000000   0.00     0.000000000   0.00     0.000000000   0.00
   0   0  316.670000         0.000000000     0.000000000     0.000000000
     0.000000000     0.000000000
   3
 G   1   6  28  28   0   0   0   0
     0.000000000   1.00     0.000000000   2.00     0.000000000   3.00
     0.000000000   0.00     0.000000000   0.00     0.000000000   0.00
   0   0 -6010.30000      22.2700000     -2.60900000         0.000000000
     0.000000000     0.000000000
   3
 G   1   6  28  28   0   1   0   0
     0.000000000   1.00     0.000000000   2.00     0.000000000   3.00
     0.000000000   0.00     0.000000000   0.00     0.000000000   0.00
   0   0  141.900000         0.000000000     0.000000000     0.000000000
     0.000000000     0.000000000
   3
 G   6  12  28  28   0   0   0   0
     0.000000000   1.00     0.000000000   2.00     0.000000000   3.00
     0.000000000   0.00     0.000000000   0.00     0.000000000   0.00
   0   0 -12087.0000     -5.00000000         0.000000000     0.000000000
     0.000000000     0.000000000
   3
 G   6  12  28  28   1   0   0   0
     0.000000000   1.00     0.000000000   2.00     0.000000000   3.00
     0.000000000   0.00     0.000000000   0.00     0.000000000   0.00
   0   0  3895.00000         0.000000000     0.000000000     0.000000000
     0.000000000     0.000000000
   3
 G   6  12  28  28   2   0   0   0
     0.000000000   1.00     0.000000000   2.00     0.000000000   3.00
     0.000000000   0.00     0.000000000   0.00     0.000000000   0.00
   0   0 -3400.00000         0.000000000     0.000000000     0.000000000
     0.000000000     0.000000000
   3
 G   6  12  28  28   0   0   1   0
     0.000000000   1.00     0.000000000   2.00     0.000000000   3.00
     0.000000000   0.00     0.000000000   0.00     0.000000000   0.00
   1   0 -1536.98000         0.000000000     0.000000000     0.000000000
     0.000000000     0.000000000
   3
 G   1  12  28  28   0   0   1   0
     0.000000000   1.00     0.000000000   2.00     0.000000000   3.00
     0.000000000   0.00     0.000000000   0.00     0.000000000   0.00
   6   0  690.160000         0.000000000     0.000000000     0.000000000
     0.000000000     0.000000000
   3
 G   1   6  28  28   0   0   1   0
     0.000000000   1.00     0.000000000   2.00     0.000000000   3.00
     0.000000000   0.00     0.000000000   0.00     0.000000000   0.00
  12   0  436.230000         0.000000000     0.000000000     0.000000000
     0.000000000     0.000000000
   3
 G   6  12  28  28   1   0   1   0
     0.000000000   1.00     0.000000000   2.00     0.000000000   3.00
     0.000000000   0.00     0.000000000   0.00     0.000000000   0.00
   1   0 -348.300000         0.000000000     0.000000000     0.000000000
     0.000000000     0.000000000
   3
 G   1  12  28  28   1   0   1   0
     0.000000000   1.00     0.000000000   2.00     0.000000000   3.00
     0.000000000   0.00     0.000000000   0.00     0.000000000   0.00
   6   0  26.5120000         0.000000000     0.000000000     0.000000000
     0.000000000     0.000000000
   3
 G   1   6  28  28   1   0   1   0
     0.000000000   1.00     0.000000000   2.00     0.000000000   3.00
     0.000000000   0.00     0.000000000   0.00     0.000000000   0.00
  12   0  826.850000         0.000000000     0.000000000     0.000000000
     0.000000000     0.000000000
   3
 G   3  11  28  28   0   0   0   0
     0.000000000   1.00     0.000000000   2.00     0.000000000   3.00
     0.000000000   0.00     0.000000000   0.00     0.000000000   0.00
   0   0 -52800.0000      15.8000000         0.000000000     0.000000000
     0.000000000  6000000.00
   3
 G   3  11  28  28   0   1   0   0
     0.000000000   1.00     0.000000000   2.00     0.000000000   3.00
     0.000000000   0.00     0.000000000   0.00     0.000000000   0.00
   0   0 -36000.0000         0.000000000     0.000000000     0.000000000
     0.000000000     0.000000000
   3
 G   3  11  28  28   1   0   0   0
     0.000000000   1.00     0.000000000   2.00     0.000000000   3.00
     0.000000000   0.00     0.000000000   0.00     0.000000000   0.00
   0   0 -18500.0000      13.0000000         0.000000000     0.000000000
     0.000000000     0.000000000
   3
 G   4   6  28  28   0   1   1   0
     0.000000000   1.00     0.000000000   2.00     0.000000000   3.00
     0.000000000   0.00     0.000000000   0.00     0.000000000   0.00
   1   0 -13000.0000         0.000000000     0.000000000     0.000000000
     0.000000000     0.000000000
   3
 G   1   6  28  28   1   0   1   0
     0.000000000   1.00     0.000000000   2.00     0.000000000   3.00
     0.000000000   0.00     0.000000000   0.00     0.000000000   0.00
   4   0  38000.0000         0.000000000     0.000000000     0.000000000
     0.000000000     0.000000000
   3
 G   1   4  28  28   0   0   1   0
     0.000000000   1.00     0.000000000   2.00     0.000000000   3.00
     0.000000000   0.00     0.000000000   0.00     0.000000000   0.00
   6   0  4000.00000         0.000000000     0.000000000     0.000000000
     0.000000000     0.000000000
   3
 G   6  14  28  28   0   0   0   0
     0.000000000   1.00     0.000000000   2.00     0.000000000   3.00
     0.000000000   0.00     0.000000000   0.00     0.000000000   0.00
   0   0 -40490.0000     -4.03000000         0.000000000     0.000000000
     0.000000000     0.000000000
   3
 G   6  14  28  28   0   2   0   0
     0.000000000   1.00     0.000000000   2.00     0.000000000   3.00
     0.000000000   0.00     0.000000000   0.00     0.000000000   0.00
   0   0  14644.0000     -9.20480000         0.000000000     0.000000000
     0.000000000     0.000000000
   3
 G   6  14  28  28   0   4   0   0
     0.000000000   1.00     0.000000000   2.00     0.000000000   3.00
     0.000000000   0.00     0.000000000   0.00     0.000000000   0.00
   0   0  9204.80000         0.000000000     0.000000000     0.000000000
     0.000000000     0.000000000
   3
 G  11  15  28  28   0   0   0   0
     0.000000000   1.00     0.000000000   2.00     0.000000000   3.00
     0.000000000   0.00     0.000000000   0.00     0.000000000   0.00
   0   0 -17573.0000         0.000000000     0.000000000     0.000000000
     0.000000000     0.000000000
   3
 G  11  15  28  28   0   1   0   0
     0.000000000   1.00     0.000000000   2.00     0.000000000   3.00
     0.000000000   0.00     0.000000000   0.00     0.000000000   0.00
   0   0 -15899.0000         0.000000000     0.000000000     0.000000000
     0.000000000     0.000000000
   3
 G   6  15  28  28   0   0   0   0
     0.000000000   1.00     0.000000000   2.00     0.000000000   3.00
     0.000000000   0.00     0.000000000   0.00     0.000000000   0.00
   0   0 -18410.0000         0.000000000     0.000000000     0.000000000
     0.000000000     0.000000000
   3
 G   6  15  28  28   0   1   0   0
     0.000000000   1.00     0.000000000   2.00     0.000000000   3.00
     0.000000000   0.00     0.000000000   0.00     0.000000000   0.00
   0   0 -18828.0000         0.000000000     0.000000000     0.000000000
     0.000000000     0.000000000
   3
 G   1  15  28  28   0   0   0   0
     0.000000000   1.00     0.000000000   2.00     0.000000000   3.00
     0.000000000   0.00     0.000000000   0.00     0.000000000   0.00
   0   0 -15668.0000      6.70000000         0.000000000     0.000000000
     0.000000000     0.000000000
   3
 G   1  15  28  28   1   0   0   0
     0.000000000   1.00     0.000000000   2.00     0.000000000   3.00
     0.000000000   0.00     0.000000000   0.00     0.000000000   0.00
   0   0     0.000000000     0.000000000     0.000000000     0.000000000
     0.000000000     0.000000000
   3
 G   1  15  28  28   0   1   0   0
     0.000000000   1.00     0.000000000   2.00     0.000000000   3.00
     0.000000000   0.00     0.000000000   0.00     0.000000000   0.00
   0   0 -2000.00000         0.000000000     0.000000000     0.000000000
     0.000000000     0.000000000
   3
 G   2  11  28  28   0   0   0   0
     0.000000000   1.00     0.000000000   2.00     0.000000000   3.00
     0.000000000   0.00     0.000000000   0.00     0.000000000   0.00
   0   0 -58764.2000      8.36800000         0.000000000     0.000000000
     0.000000000     0.000000000
   3
 G   2  11  28  28   0   1   0   0
     0.000000000   1.00     0.000000000   2.00     0.000000000   3.00
     0.000000000   0.00     0.000000000   0.00     0.000000000   0.00
   0   0 -689.000000         0.000000000     0.000000000     0.000000000
     0.000000000     0.000000000
   3
 G  11  14  28  28   0   0   0   0
     0.000000000   1.00     0.000000000   2.00     0.000000000   3.00
     0.000000000   0.00     0.000000000   0.00     0.000000000   0.00
   0   0 -58500.0000         0.000000000     0.000000000     0.000000000
     0.000000000     0.000000000
   3
 G  11  14  28  28   0   1   0   0
     0.000000000   1.00     0.000000000   2.00     0.000000000   3.00
     0.000000000   0.00     0.000000000   0.00     0.000000000   0.00
   0   0 -7000.00000     -8.36800000         0.000000000     0.000000000
     0.000000000     0.000000000
   3
 G  11  14  28  28   0   2   0   0
     0.000000000   1.00     0.000000000   2.00     0.000000000   3.00
     0.000000000   0.00     0.000000000   0.00     0.000000000   0.00
   0   0  10000.0000         0.000000000     0.000000000     0.000000000
     0.000000000     0.000000000
   3
 G  11  14  28  28   0   4   0   0
     0.000000000   1.00     0.000000000   2.00     0.000000000   3.00
     0.000000000   0.00     0.000000000   0.00     0.000000000   0.00
   0   0  10041.6000         0.000000000     0.000000000     0.000000000
     0.000000000     0.000000000
   3
 G   2   6  28  28   0   0   0   0
     0.000000000   1.00     0.000000000   2.00     0.000000000   3.00
     0.000000000   0.00     0.000000000   0.00     0.000000000   0.00
   0   0 -48000.0000         0.000000000     0.000000000     0.000000000
     0.000000000     0.000000000
   3
 G   2   6  28  28   0   1   0   0
     0.000000000   1.00     0.000000000   2.00     0.000000000   3.00
     0.000000000   0.00     0.000000000   0.00     0.000000000   0.00
   0   0 -7300.00000         0.000000000     0.000000000     0.000000000
     0.000000000     0.000000000
   3
 G   2   6  28  28   0   2   0   0
     0.000000000   1.00     0.000000000   2.00     0.000000000   3.00
     0.000000000   0.00     0.000000000   0.00     0.000000000   0.00
   0   0  5300.00000         0.000000000     0.000000000     0.000000000
     0.000000000     0.000000000
   3
 G   6  13  28  28   0   0   0   0
     0.000000000   1.00     0.000000000   2.00     0.000000000   3.00
     0.000000000   0.00     0.000000000   0.00     0.000000000   0.00
   0   0 -8000.00000     -8.00000000         0.000000000     0.000000000
     0.000000000     0.000000000
   3
 G   6  13  28  28   1   0   0   0
     0.000000000   1.00     0.000000000   2.00     0.000000000   3.00
     0.000000000   0.00     0.000000000   0.00     0.000000000   0.00
   0   0 -5500.00000         0.000000000     0.000000000     0.000000000
     0.000000000     0.000000000
   3
 G   6  13  28  28   0   1   0   0
     0.000000000   1.00     0.000000000   2.00     0.000000000   3.00
     0.000000000   0.00     0.000000000   0.00     0.000000000   0.00
   0   0 -10000.0000      4.00000000         0.000000000     0.000000000
     0.000000000     0.000000000
   3
 G   1  14  28  28   0   0   0   0
     0.000000000   1.00     0.000000000   2.00     0.000000000   3.00
     0.000000000   0.00     0.000000000   0.00     0.000000000   0.00
   0   0 -12308.0000     -8.54000000         0.000000000 -.450000000E-02
     0.000000000     0.000000000
   3
 G   1  14  28  28   0   1   0   0
     0.000000000   1.00     0.000000000   2.00     0.000000000   3.00
     0.000000000   0.00     0.000000000   0.00     0.000000000   0.00
   0   0  14850.0000     -19.0000000         0.000000000     0.000000000
     0.000000000     0.000000000
   3
 G   1  14  28  28   0   2   0   0
     0.000000000   1.00     0.000000000   2.00     0.000000000   3.00
     0.000000000   0.00     0.000000000   0.00     0.000000000   0.00
   0   0  22000.0000     -11.0000000         0.000000000     0.000000000
     0.000000000     0.000000000
   3
 G   3  14  28  28   0   1   0   0
     0.000000000   1.00     0.000000000   2.00     0.000000000   3.00
     0.000000000   0.00     0.000000000   0.00     0.000000000   0.00
   0   0  2600.00000         0.000000000     0.000000000     0.000000000
     0.000000000     0.000000000
   3
 G   4  14  28  28   0   0   0   0
     0.000000000   1.00     0.000000000   2.00     0.000000000   3.00
     0.000000000   0.00     0.000000000   0.00     0.000000000   0.00
   0   0  2000.00000      2.00000000         0.000000000     0.000000000
     0.000000000     0.000000000
   3
 G   6  10  28  28   0   0   0   0
     0.000000000   1.00     0.000000000   2.00     0.000000000   3.00
     0.000000000   0.00     0.000000000   0.00     0.000000000   0.00
   0   0  200.000000     0.700000000         0.000000000     0.000000000
     0.000000000     0.000000000
   3
 G   6  10  28  28   0   1   0   0
     0.000000000   1.00     0.000000000   2.00     0.000000000   3.00
     0.000000000   0.00     0.000000000   0.00     0.000000000   0.00
   0   0     0.000000000 -1.00000000         0.000000000     0.000000000
     0.000000000     0.000000000
   3
 G   1  10  28  28   0   0   0   0
     0.000000000   1.00     0.000000000   2.00     0.000000000   3.00
     0.000000000   0.00     0.000000000   0.00     0.000000000   0.00
   0   0 -5500.00000     -.300000000         0.000000000     0.000000000
     0.000000000     0.000000000
   3
 G   1  10  28  28   0   1   0   0
     0.000000000   1.00     0.000000000   2.00     0.000000000   3.00
     0.000000000   0.00     0.000000000   0.00     0.000000000   0.00
   0   0 -2800.00000     -3.40000000         0.000000000     0.000000000
     0.000000000     0.000000000
   3
 G   1  10  28  28   1   0   0   0
     0.000000000   1.00     0.000000000   2.00     0.000000000   3.00
     0.000000000   0.00     0.000000000   0.00     0.000000000   0.00
   0   0     0.000000000  2.30000000         0.000000000     0.000000000
     0.000000000     0.000000000
   3
 G  10  11  28  28   0   0   0   0
     0.000000000   1.00     0.000000000   2.00     0.000000000   3.00
     0.000000000   0.00     0.000000000   0.00     0.000000000   0.00
   0   0  650.000000     0.300000000         0.000000000     0.000000000
     0.000000000     0.000000000
   3
 G   5  10  28  28   0   0   0   0
     0.000000000   1.00     0.000000000   2.00     0.000000000   3.00
     0.000000000   0.00     0.000000000   0.00     0.000000000   0.00
   0   0 -34000.0000         0.000000000     0.000000000     0.000000000
     0.000000000     0.000000000
   3
 G   5  10  28  28   1   0   0   0
     0.000000000   1.00     0.000000000   2.00     0.000000000   3.00
     0.000000000   0.00     0.000000000   0.00     0.000000000   0.00
   0   0 -11500.0000      12.0000000         0.000000000     0.000000000
     0.000000000     0.000000000
   3
 G  11  18  28  28   0   0   0   0
     0.000000000   1.00     0.000000000   2.00     0.000000000   3.00
     0.000000000   0.00     0.000000000   0.00     0.000000000   0.00
   0   0 -62500.0000         0.000000000     0.000000000 -.400000000E-03
     0.000000000     0.000000000
   3
 G  11  18  28  28   1   0   0   0
     0.000000000   1.00     0.000000000   2.00     0.000000000   3.00
     0.000000000   0.00     0.000000000   0.00     0.000000000   0.00
   0   0 -10500.0000         0.000000000     0.000000000     0.000000000
     0.000000000     0.000000000
   3
 G  11  18  28  28   0   1   0   0
     0.000000000   1.00     0.000000000   2.00     0.000000000   3.00
     0.000000000   0.00     0.000000000   0.00     0.000000000   0.00
   0   0     0.000000000     0.000000000     0.000000000     0.000000000
     0.000000000     0.000000000
   3
 G   6  18  28  28   0   0   0   0
     0.000000000   1.00     0.000000000   2.00     0.000000000   3.00
     0.000000000   0.00     0.000000000   0.00     0.000000000   0.00
   0   0 -63900.0000         0.000000000     0.000000000     0.000000000
     0.000000000     0.000000000
   3
 G   6  18  28  28   1   0   0   0
     0.000000000   1.00     0.000000000   2.00     0.000000000   3.00
     0.000000000   0.00     0.000000000   0.00     0.000000000   0.00
   0   0 -3500.00000         0.000000000     0.000000000     0.000000000
     0.000000000     0.000000000
   3
 G  11  19  28  28   0   0   0   0
     0.000000000   1.00     0.000000000   2.00     0.000000000   3.00
     0.000000000   0.00     0.000000000   0.00     0.000000000   0.00
   0   0 -700.000000         0.000000000     0.000000000     0.000000000
     0.000000000     0.000000000
   3
 G  11  19  28  28   0   1   0   0
     0.000000000   1.00     0.000000000   2.00     0.000000000   3.00
     0.000000000   0.00     0.000000000   0.00     0.000000000   0.00
   0   0     0.000000000     0.000000000     0.000000000     0.000000000
     0.000000000     0.000000000
   3
 G  11  19  28  28   0   2   0   0
     0.000000000   1.00     0.000000000   2.00     0.000000000   3.00
     0.000000000   0.00     0.000000000   0.00     0.000000000   0.00
   0   0     0.000000000     0.000000000     0.000000000     0.000000000
     0.000000000     0.000000000
   3
 G  11  19  28  28   1   0   0   0
     0.000000000   1.00     0.000000000   2.00     0.000000000   3.00
     0.000000000   0.00     0.000000000   0.00     0.000000000   0.00
   0   0     0.000000000     0.000000000     0.000000000     0.000000000
     0.000000000     0.000000000
   3
 G   6  19  28  28   0   0   0   0
     0.000000000   1.00     0.000000000   2.00     0.000000000   3.00
     0.000000000   0.00     0.000000000   0.00     0.000000000   0.00
   0   0 -2670.00000      1.72110000         0.000000000     0.000000000
     0.000000000     0.000000000
   3
 G   6  19  28  28   0   1   0   0
     0.000000000   1.00     0.000000000   2.00     0.000000000   3.00
     0.000000000   0.00     0.000000000   0.00     0.000000000   0.00
   0   0  150.000000         0.000000000     0.000000000     0.000000000
     0.000000000     0.000000000
   3
 G   6  19  28  28   0   2   0   0
     0.000000000   1.00     0.000000000   2.00     0.000000000   3.00
     0.000000000   0.00     0.000000000   0.00     0.000000000   0.00
   0   0 -1160.00000         0.000000000     0.000000000     0.000000000
     0.000000000     0.000000000
   3
 G   6  19  28  28   1   0   0   0
     0.000000000   1.00     0.000000000   2.00     0.000000000   3.00
     0.000000000   0.00     0.000000000   0.00     0.000000000   0.00
   0   0  700.000000         0.000000000     0.000000000     0.000000000
     0.000000000     0.000000000
   3
 G  11  16  28  28   0   0   0   0
     0.000000000   1.00     0.000000000   2.00     0.000000000   3.00
     0.000000000   0.00     0.000000000   0.00     0.000000000   0.00
   0   0 -8266.30000      5.71420000         0.000000000     0.000000000
     0.000000000     0.000000000
   3
 G  11  16  28  28   0   1   0   0
     0.000000000   1.00     0.000000000   2.00     0.000000000   3.00
     0.000000000   0.00     0.000000000   0.00     0.000000000   0.00
   0   0  876.200000         0.000000000     0.000000000     0.000000000
     0.000000000     0.000000000
   3
 G   6  16  28  28   0   0   0   0
     0.000000000   1.00     0.000000000   2.00     0.000000000   3.00
     0.000000000   0.00     0.000000000   0.00     0.000000000   0.00
   0   0 -4561.70000      2.84000000         0.000000000     0.000000000
     0.000000000     0.000000000
   3
 G   6  16  28  28   0   1   0   0
     0.000000000   1.00     0.000000000   2.00     0.000000000   3.00
     0.000000000   0.00     0.000000000   0.00     0.000000000   0.00
   0   0  3017.60000         0.000000000     0.000000000     0.000000000
     0.000000000     0.000000000
   3
 G   4  18  28  28   0   0   0   0
     0.000000000   1.00     0.000000000   2.00     0.000000000   3.00
     0.000000000   0.00     0.000000000   0.00     0.000000000   0.00
   0   0 -30500.0000         0.000000000     0.000000000     0.000000000
     0.000000000     0.000000000
   3
 G  11  11  28  29   0   1   0   0
     0.000000000   1.00     0.000000000   2.00     0.000000000   3.00
     0.000000000   0.00     0.000000000   0.00     0.000000000   0.00
   0   0 -970.000000         0.000000000     0.000000000     0.000000000
     0.000000000     0.000000000
   3
 G  11  11  28  29   1   0   0   0
     0.000000000   1.00     0.000000000   2.00     0.000000000   3.00
     0.000000000   0.00     0.000000000   0.00     0.000000000   0.00
   0   0  1120.00000         0.000000000     0.000000000     0.000000000
     0.000000000     0.000000000
   3
 G   1   1  28  29   1   0   0   0
     0.000000000   1.00     0.000000000   2.00     0.000000000   3.00
     0.000000000   0.00     0.000000000   0.00     0.000000000   0.00
   0   0  900.000000      2.15000000         0.000000000     0.000000000
     0.000000000     0.000000000
   3
 G   1   1  28  29   0   1   0   0
     0.000000000   1.00     0.000000000   2.00     0.000000000   3.00
     0.000000000   0.00     0.000000000   0.00     0.000000000   0.00
   0   0 -975.000000      1.05000000         0.000000000     0.000000000
     0.000000000     0.000000000
   3
 G   6   6  28  29   0   0   0   0
     0.000000000   1.00     0.000000000   2.00     0.000000000   3.00
     0.000000000   0.00     0.000000000   0.00     0.000000000   0.00
   0   0  700.000000     0.150000000         0.000000000     0.000000000
     0.000000000     0.000000000
   3
 G   6   6  28  29   1   0   0   0
     0.000000000   1.00     0.000000000   2.00     0.000000000   3.00
     0.000000000   0.00     0.000000000   0.00     0.000000000   0.00
   0   0  2800.00000         0.000000000     0.000000000     0.000000000
     0.000000000     0.000000000
   3
 G   1  18  28  28   0   0   0   0
     0.000000000   1.00     0.000000000   2.00     0.000000000   3.00
     0.000000000   0.00     0.000000000   0.00     0.000000000   0.00
   0   0 -46150.0000         0.000000000     0.000000000     0.000000000
     0.000000000     0.000000000
   3
 G  10  18  28  28   0   0   0   0
     0.000000000   1.00     0.000000000   2.00     0.000000000   3.00
     0.000000000   0.00     0.000000000   0.00     0.000000000   0.00
   0   0 -85000.0000         0.000000000     0.000000000     0.000000000
     0.000000000     0.000000000
   3
 G  10  18  28  28   2   0   0   0
     0.000000000   1.00     0.000000000   2.00     0.000000000   3.00
     0.000000000   0.00     0.000000000   0.00     0.000000000   0.00
   0   0 -11000.0000         0.000000000     0.000000000     0.000000000
     0.000000000     0.000000000
   3
 G  10  17  28  28   0   0   0   0
     0.000000000   1.00     0.000000000   2.00     0.000000000   3.00
     0.000000000   0.00     0.000000000   0.00     0.000000000   0.00
   0   0 -77900.0000         0.000000000     0.000000000     0.000000000
     0.000000000     0.000000000
   3
 G  10  17  28  28   1   0   0   0
     0.000000000   1.00     0.000000000   2.00     0.000000000   3.00
     0.000000000   0.00     0.000000000   0.00     0.000000000   0.00
   0   0 -14000.0000         0.000000000     0.000000000     0.000000000
     0.000000000     0.000000000
   3
 G   3  10  28  28   0   0   0   0
     0.000000000   1.00     0.000000000   2.00     0.000000000   3.00
     0.000000000   0.00     0.000000000   0.00     0.000000000   0.00
   0   0 -60600.0000         0.000000000     0.000000000     0.000000000
     0.000000000     0.000000000
   3
 G   3  10  28  28   1   0   0   0
     0.000000000   1.00     0.000000000   2.00     0.000000000   3.00
     0.000000000   0.00     0.000000000   0.00     0.000000000   0.00
   0   0     0.000000000     0.000000000     0.000000000     0.000000000
     0.000000000     0.000000000
   3
 G   1  10  28  28   0   0   1   0
     0.000000000   1.00     0.000000000   2.00     0.000000000   3.00
     0.000000000   0.00     0.000000000   0.00     0.000000000   0.00
  11   0 -12000.0000         0.000000000     0.000000000     0.000000000
     0.000000000     0.000000000
   3
 G   1   6  28  28   0   0   1   0
     0.000000000   1.00     0.000000000   2.00     0.000000000   3.00
     0.000000000   0.00     0.000000000   0.00     0.000000000   0.00
  10   0 -2500.00000         0.000000000     0.000000000     0.000000000
     0.000000000     0.000000000
   3
 G  10  11  29  29   0   0   0   0
     0.000000000   1.00     0.000000000   2.00     0.000000000   3.00
     0.000000000   0.00     0.000000000   0.00     0.000000000   0.00
   0   0 -20.0000000      3.40000000         0.000000000     0.000000000
     0.000000000     0.000000000
   3
 G  10  11  29  29   1   0   0   0
     0.000000000   1.00     0.000000000   2.00     0.000000000   3.00
     0.000000000   0.00     0.000000000   0.00     0.000000000   0.00
   0   0     0.000000000 -1.00000000         0.000000000     0.000000000
     0.000000000     0.000000000
   3
 G   1  10  29  29   0   0   0   0
     0.000000000   1.00     0.000000000   2.00     0.000000000   3.00
     0.000000000   0.00     0.000000000   0.00     0.000000000   0.00
   0   0 -7000.00000     0.600000000         0.000000000     0.000000000
     0.000000000     0.000000000
   3
 G   1  10  29  29   0   1   0   0
     0.000000000   1.00     0.000000000   2.00     0.000000000   3.00
     0.000000000   0.00     0.000000000   0.00     0.000000000   0.00
   0   0 -1000.00000         0.000000000     0.000000000     0.000000000
     0.000000000     0.000000000
   4
 R   1  10  28  29   0   0   0   0
     0.000000000   1.00     0.000000000   2.00     0.000000000   3.00
     0.000000000   0.00     0.000000000   0.00     0.000000000   0.00
   0   0 -3800.00000         0.000000000     0.000000000     0.000000000
     0.000000000     0.000000000
   3
 G  10  10  28  29   0   0   0   0
     0.000000000   1.00     0.000000000   2.00     0.000000000   3.00
     0.000000000   0.00     0.000000000   0.00     0.000000000   0.00
   0   0 -1050.00000     -2.00000000         0.000000000     0.000000000
     0.000000000     0.000000000
   3
 G  10  10  28  29   0   1   0   0
     0.000000000   1.00     0.000000000   2.00     0.000000000   3.00
     0.000000000   0.00     0.000000000   0.00     0.000000000   0.00
   0   0 -850.000000     -.100000000         0.000000000     0.000000000
     0.000000000     0.000000000
   4
 R   1  11  28  29   0   0   0   0
     0.000000000   1.00     0.000000000   2.00     0.000000000   3.00
     0.000000000   0.00     0.000000000   0.00     0.000000000   0.00
   0   0 -4250.00000         0.000000000     0.000000000     0.000000000
     0.000000000     0.000000000
   3
 G   1  11  29  29   0   0   0   0
     0.000000000   1.00     0.000000000   2.00     0.000000000   3.00
     0.000000000   0.00     0.000000000   0.00     0.000000000   0.00
   0   0 -4000.00000     0.400000000         0.000000000     0.000000000
     0.000000000     0.000000000
   3
 G   1   6  29  29   0   0   0   0
     0.000000000   1.00     0.000000000   2.00     0.000000000   3.00
     0.000000000   0.00     0.000000000   0.00     0.000000000   0.00
   0   0 -1320.00000      1.30000000         0.000000000     0.000000000
     0.000000000     0.000000000
   3
 G   1   6  29  29   1   0   0   0
     0.000000000   1.00     0.000000000   2.00     0.000000000   3.00
     0.000000000   0.00     0.000000000   0.00     0.000000000   0.00
   0   0 -275.000000         0.000000000     0.000000000     0.000000000
     0.000000000     0.000000000
   4
 R   1   6  28  29   0   0   0   0
     0.000000000   1.00     0.000000000   2.00     0.000000000   3.00
     0.000000000   0.00     0.000000000   0.00     0.000000000   0.00
   0   0 -2650.00000         0.000000000     0.000000000     0.000000000
     0.000000000     0.000000000
   3
 G   6  10  29  29   0   0   0   0
     0.000000000   1.00     0.000000000   2.00     0.000000000   3.00
     0.000000000   0.00     0.000000000   0.00     0.000000000   0.00
   0   0 -1800.00000     -1.15000000         0.000000000     0.000000000
     0.000000000     0.000000000
   3
 G   6  10  29  29   1   0   0   0
     0.000000000   1.00     0.000000000   2.00     0.000000000   3.00
     0.000000000   0.00     0.000000000   0.00     0.000000000   0.00
   0   0     0.000000000  1.70000000         0.000000000     0.000000000
     0.000000000     0.000000000
   4
 R   6  10  28  29   0   0   0   0
     0.000000000   1.00     0.000000000   2.00     0.000000000   3.00
     0.000000000   0.00     0.000000000   0.00     0.000000000   0.00
   0   0 -500.000000         0.000000000     0.000000000     0.000000000
     0.000000000     0.000000000
   4
 R   6  11  28  29   0   0   0   0
     0.000000000   1.00     0.000000000   2.00     0.000000000   3.00
     0.000000000   0.00     0.000000000   0.00     0.000000000   0.00
   0   0 -2500.00000         0.000000000     0.000000000     0.000000000
     0.000000000     0.000000000
   3
 G   6  11  29  29   0   0   0   0
     0.000000000   1.00     0.000000000   2.00     0.000000000   3.00
     0.000000000   0.00     0.000000000   0.00     0.000000000   0.00
   0   0 -730.000000      1.00000000         0.000000000     0.000000000
     0.000000000     0.000000000
   3
 G   6  11  29  29   1   0   0   0
     0.000000000   1.00     0.000000000   2.00     0.000000000   3.00
     0.000000000   0.00     0.000000000   0.00     0.000000000   0.00
   0   0 -150.000000         0.000000000     0.000000000     0.000000000
     0.000000000     0.000000000
   3
 G   7  18  28  28   0   0   0   0
     0.000000000   1.00     0.000000000   2.00     0.000000000   3.00
     0.000000000   0.00     0.000000000   0.00     0.000000000   0.00
   0   0 -35000.0000         0.000000000     0.000000000     0.000000000
     0.000000000     0.000000000
   3
 G   1   6  28  28   1   0   0   0
     0.000000000   1.00     0.000000000   2.00     0.000000000   3.00
     0.000000000   0.00     0.000000000   0.00     0.000000000   0.00
   0   0 -81.4000000         0.000000000     0.000000000     0.000000000
     0.000000000     0.000000000
   3
 G   1  11  28  28   0   1   0   0
     0.000000000   1.00     0.000000000   2.00     0.000000000   3.00
     0.000000000   0.00     0.000000000   0.00     0.000000000   0.00
   0   0  211.000000         0.000000000     0.000000000     0.000000000
     0.000000000     0.000000000
   3
 G   1  16  28  28   0   0   0   0
     0.000000000   1.00     0.000000000   2.00     0.000000000   3.00
     0.000000000   0.00     0.000000000   0.00     0.000000000   0.00
   0   0 -3898.20000      2.83360000         0.000000000     0.000000000
     0.000000000     0.000000000
   3
 G   1  19  28  28   0   0   0   0
     0.000000000   1.00     0.000000000   2.00     0.000000000   3.00
     0.000000000   0.00     0.000000000   0.00     0.000000000   0.00
   0   0 -2950.00000     0.600000000         0.000000000     0.000000000
     0.000000000     0.000000000
   3
 G   1  20  28  28   0   0   0   0
     0.000000000   1.00     0.000000000   2.00     0.000000000   3.00
     0.000000000   0.00     0.000000000   0.00     0.000000000   0.00
   0   0 -20777.3000     -13.3200000         0.000000000     0.000000000
     0.000000000     0.000000000
   3
 G   1  20  28  28   0   2   0   0
     0.000000000   1.00     0.000000000   2.00     0.000000000   3.00
     0.000000000   0.00     0.000000000   0.00     0.000000000   0.00
   0   0     0.000000000 -5.00000000         0.000000000     0.000000000
     0.000000000     0.000000000
   3
 G   1  21  28  28   0   0   0   0
     0.000000000   1.00     0.000000000   2.00     0.000000000   3.00
     0.000000000   0.00     0.000000000   0.00     0.000000000   0.00
   0   0 -57313.0000      6.80000000         0.000000000     0.000000000
     0.000000000     0.000000000
   3
 G   1  21  28  28   1   0   0   0
     0.000000000   1.00     0.000000000   2.00     0.000000000   3.00
     0.000000000   0.00     0.000000000   0.00     0.000000000   0.00
   0   0     0.000000000  2.50000000         0.000000000     0.000000000
     0.000000000     0.000000000
   3
 G   1  22  28  28   0   0   0   0
     0.000000000   1.00     0.000000000   2.00     0.000000000   3.00
     0.000000000   0.00     0.000000000   0.00     0.000000000   0.00
   0   0 -90528.9000      94.0800000     -12.4000000         0.000000000
     0.000000000     0.000000000
   3
 G   1  22  28  28   1   0   0   0
     0.000000000   1.00     0.000000000   2.00     0.000000000   3.00
     0.000000000   0.00     0.000000000   0.00     0.000000000   0.00
   0   0     0.000000000     0.000000000     0.000000000     0.000000000
     0.000000000     0.000000000
   3
 G   1  23  28  28   0   0   0   0
     0.000000000   1.00     0.000000000   2.00     0.000000000   3.00
     0.000000000   0.00     0.000000000   0.00     0.000000000   0.00
   0   0 -13000.0000     -3.50000000         0.000000000     0.000000000
     0.000000000     0.000000000
   3
 G   1  23  28  28   1   0   0   0
     0.000000000   1.00     0.000000000   2.00     0.000000000   3.00
     0.000000000   0.00     0.000000000   0.00     0.000000000   0.00
   0   0 -5000.00000         0.000000000     0.000000000     0.000000000
     0.000000000     0.000000000
   3
 G   1  23  28  28   0   1   0   0
     0.000000000   1.00     0.000000000   2.00     0.000000000   3.00
     0.000000000   0.00     0.000000000   0.00     0.000000000   0.00
   0   0 -8500.00000         0.000000000     0.000000000     0.000000000
     0.000000000     0.000000000
   3
 G   1  24  28  28   0   0   0   0
     0.000000000   1.00     0.000000000   2.00     0.000000000   3.00
     0.000000000   0.00     0.000000000   0.00     0.000000000   0.00
   0   0 -3800.00000         0.000000000     0.000000000     0.000000000
     0.000000000     0.000000000
   3
 G   1  25  28  28   0   0   0   0
     0.000000000   1.00     0.000000000   2.00     0.000000000   3.00
     0.000000000   0.00     0.000000000   0.00     0.000000000   0.00
   0   0 -5350.00000         0.000000000     0.000000000     0.000000000
     0.000000000     0.000000000
   3
 G   1  25  28  28   0   1   0   0
     0.000000000   1.00     0.000000000   2.00     0.000000000   3.00
     0.000000000   0.00     0.000000000   0.00     0.000000000   0.00
   0   0 -8200.00000      1.80000000         0.000000000     0.000000000
     0.000000000     0.000000000
   3
 G  11  11  28  29   0   0   0   0
     0.000000000   1.00     0.000000000   2.00     0.000000000   3.00
     0.000000000   0.00     0.000000000   0.00     0.000000000   0.00
   0   0     0.000000000 -.500000000         0.000000000     0.000000000
     0.000000000     0.000000000
   3
 G  14  20  28  28   0   0   0   0
     0.000000000   1.00     0.000000000   2.00     0.000000000   3.00
     0.000000000   0.00     0.000000000   0.00     0.000000000   0.00
   0   0 -11500.0000         0.000000000     0.000000000     0.000000000
     0.000000000     0.000000000
   3
 G  14  20  28  28   1   0   0   0
     0.000000000   1.00     0.000000000   2.00     0.000000000   3.00
     0.000000000   0.00     0.000000000   0.00     0.000000000   0.00
   0   0  10200.0000         0.000000000     0.000000000     0.000000000
     0.000000000     0.000000000
   3
 G  14  20  28  28   0   1   0   0
     0.000000000   1.00     0.000000000   2.00     0.000000000   3.00
     0.000000000   0.00     0.000000000   0.00     0.000000000   0.00
   0   0 -5000.00000         0.000000000     0.000000000     0.000000000
     0.000000000     0.000000000
   3
 G  14  21  28  28   0   0   0   0
     0.000000000   1.00     0.000000000   2.00     0.000000000   3.00
     0.000000000   0.00     0.000000000   0.00     0.000000000   0.00
   0   0 -26000.0000         0.000000000     0.000000000     0.000000000
     0.000000000     0.000000000
   3
 G  14  22  28  28   0   0   0   0
     0.000000000   1.00     0.000000000   2.00     0.000000000   3.00
     0.000000000   0.00     0.000000000   0.00     0.000000000   0.00
   0   0 -52000.0000         0.000000000     0.000000000     0.000000000
     0.000000000     0.000000000
   3
 G   3  14  28  28   1   0   0   0
     0.000000000   1.00     0.000000000   2.00     0.000000000   3.00
     0.000000000   0.00     0.000000000   0.00     0.000000000   0.00
   0   0 -1600.00000         0.000000000     0.000000000     0.000000000
     0.000000000     0.000000000
   3
 G  14  18  28  28   0   0   0   0
     0.000000000   1.00     0.000000000   2.00     0.000000000   3.00
     0.000000000   0.00     0.000000000   0.00     0.000000000   0.00
   0   0 -23000.0000         0.000000000     0.000000000     0.000000000
     0.000000000     0.000000000
   3
 G   3  20  28  28   0   0   0   0
     0.000000000   1.00     0.000000000   2.00     0.000000000   3.00
     0.000000000   0.00     0.000000000   0.00     0.000000000   0.00
   0   0 -20000.0000     -15.0000000         0.000000000     0.000000000
     0.000000000     0.000000000
   3
 G   3  20  28  28   0   2   0   0
     0.000000000   1.00     0.000000000   2.00     0.000000000   3.00
     0.000000000   0.00     0.000000000   0.00     0.000000000   0.00
   0   0 -12000.0000         0.000000000     0.000000000     0.000000000
     0.000000000     0.000000000
   3
 G  18  20  28  28   0   0   0   0
     0.000000000   1.00     0.000000000   2.00     0.000000000   3.00
     0.000000000   0.00     0.000000000   0.00     0.000000000   0.00
   0   0 -45000.0000         0.000000000     0.000000000     0.000000000
     0.000000000     0.000000000
   3
 G  18  20  28  28   0   1   0   0
     0.000000000   1.00     0.000000000   2.00     0.000000000   3.00
     0.000000000   0.00     0.000000000   0.00     0.000000000   0.00
   0   0 -29000.0000         0.000000000     0.000000000     0.000000000
     0.000000000     0.000000000
   3
 G   3  22  28  28   0   0   0   0
     0.000000000   1.00     0.000000000   2.00     0.000000000   3.00
     0.000000000   0.00     0.000000000   0.00     0.000000000   0.00
   0   0 -69000.0000         0.000000000     0.000000000     0.000000000
     0.000000000     0.000000000
   3
 G   2  12  28  28   0   0   0   0
     0.000000000   1.00     0.000000000   2.00     0.000000000   3.00
     0.000000000   0.00     0.000000000   0.00     0.000000000   0.00
   0   0 -33500.0000         0.000000000     0.000000000     0.000000000
     0.000000000     0.000000000
   3
 G  12  14  28  28   0   0   0   0
     0.000000000   1.00     0.000000000   2.00     0.000000000   3.00
     0.000000000   0.00     0.000000000   0.00     0.000000000   0.00
   0   0 -4500.00000         0.000000000     0.000000000     0.000000000
     0.000000000     0.000000000
   3
 G   2   7  28  28   0   0   0   0
     0.000000000   1.00     0.000000000   2.00     0.000000000   3.00
     0.000000000   0.00     0.000000000   0.00     0.000000000   0.00
   0   0 -20000.0000         0.000000000     0.000000000     0.000000000
     0.000000000     0.000000000
   3
 G   7  14  28  28   0   0   0   0
     0.000000000   1.00     0.000000000   2.00     0.000000000   3.00
     0.000000000   0.00     0.000000000   0.00     0.000000000   0.00
   0   0 -2500.00000         0.000000000     0.000000000     0.000000000
     0.000000000     0.000000000
   3
 G   2   9  28  28   0   0   0   0
     0.000000000   1.00     0.000000000   2.00     0.000000000   3.00
     0.000000000   0.00     0.000000000   0.00     0.000000000   0.00
   0   0 -20000.0000         0.000000000     0.000000000     0.000000000
     0.000000000     0.000000000
   3
 G   9  14  28  28   0   0   0   0
     0.000000000   1.00     0.000000000   2.00     0.000000000   3.00
     0.000000000   0.00     0.000000000   0.00     0.000000000   0.00
   0   0 -2500.00000         0.000000000     0.000000000     0.000000000
     0.000000000     0.000000000
   3
 G  10  14  28  28   0   0   0   0
     0.000000000   1.00     0.000000000   2.00     0.000000000   3.00
     0.000000000   0.00     0.000000000   0.00     0.000000000   0.00
   0   0 -56800.0000         0.000000000     0.000000000     0.000000000
     0.000000000     0.000000000
   3
 G  10  14  28  28   1   0   0   0
     0.000000000   1.00     0.000000000   2.00     0.000000000   3.00
     0.000000000   0.00     0.000000000   0.00     0.000000000   0.00
   0   0 -25000.0000         0.000000000     0.000000000     0.000000000
     0.000000000     0.000000000
   3
 G  10  14  28  28   0   1   0   0
     0.000000000   1.00     0.000000000   2.00     0.000000000   3.00
     0.000000000   0.00     0.000000000   0.00     0.000000000   0.00
   0   0 -10500.0000         0.000000000     0.000000000     0.000000000
     0.000000000     0.000000000
   3
 G  10  14  28  28   0   3   0   0
     0.000000000   1.00     0.000000000   2.00     0.000000000   3.00
     0.000000000   0.00     0.000000000   0.00     0.000000000   0.00
   0   0  16000.0000         0.000000000     0.000000000     0.000000000
     0.000000000     0.000000000
   3
 G   2  10  28  28   0   0   0   0
     0.000000000   1.00     0.000000000   2.00     0.000000000   3.00
     0.000000000   0.00     0.000000000   0.00     0.000000000   0.00
   0   0 -72000.0000      8.00000000         0.000000000     0.000000000
     0.000000000     0.000000000
   3
 G   2  10  28  28   0   4   0   0
     0.000000000   1.00     0.000000000   2.00     0.000000000   3.00
     0.000000000   0.00     0.000000000   0.00     0.000000000   0.00
   0   0 -1500.00000         0.000000000     0.000000000     0.000000000
     0.000000000     0.000000000
   3
 G   1   3  28  28   1   1   1   0
     0.000000000   1.00     0.000000000   2.00     0.000000000   3.00
     0.000000000   0.00     0.000000000   0.00     0.000000000   0.00
  14   0  22000.0000         0.000000000     0.000000000     0.000000000
     0.000000000     0.000000000
   3
 G   1  14  28  28   1   1   1   0
     0.000000000   1.00     0.000000000   2.00     0.000000000   3.00
     0.000000000   0.00     0.000000000   0.00     0.000000000   0.00
  21   0 -120000.000         0.000000000     0.000000000     0.000000000
     0.000000000     0.000000000
   3
 G   1  14  28  28   0   0   1   0
     0.000000000   1.00     0.000000000   2.00     0.000000000   3.00
     0.000000000   0.00     0.000000000   0.00     0.000000000   0.00
   9   0 -15000.0000         0.000000000     0.000000000     0.000000000
     0.000000000     0.000000000
   3
 G   1  22  28  28   0   0   1   0
     0.000000000   1.00     0.000000000   2.00     0.000000000   3.00
     0.000000000   0.00     0.000000000   0.00     0.000000000   0.00
   9   0 -44000.0000         0.000000000     0.000000000     0.000000000
     0.000000000     0.000000000
   3
 G   1  10  28  28   1   1   1   0
     0.000000000   1.00     0.000000000   2.00     0.000000000   3.00
     0.000000000   0.00     0.000000000   0.00     0.000000000   0.00
  14   0  9000.00000         0.000000000     0.000000000     0.000000000
     0.000000000     0.000000000
   3
 G   1  17  28  28   0   0   0   0
     0.000000000   1.00     0.000000000   2.00     0.000000000   3.00
     0.000000000   0.00     0.000000000   0.00     0.000000000   0.00
   0   0 -48600.0000         0.000000000     0.000000000     0.000000000
     0.000000000     0.000000000
   3
 G   6  17  28  28   0   0   0   0
     0.000000000   1.00     0.000000000   2.00     0.000000000   3.00
     0.000000000   0.00     0.000000000   0.00     0.000000000   0.00
   0   0 -62100.0000         0.000000000     0.000000000     0.000000000
     0.000000000     0.000000000
   3
 G   6  24  28  28   0   0   0   0
     0.000000000   1.00     0.000000000   2.00     0.000000000   3.00
     0.000000000   0.00     0.000000000   0.00     0.000000000   0.00
   0   0 -13990.0000     -1.25000000         0.000000000     0.000000000
     0.000000000     0.000000000
   3
 G   6  24  28  28   0   1   0   0
     0.000000000   1.00     0.000000000   2.00     0.000000000   3.00
     0.000000000   0.00     0.000000000   0.00     0.000000000   0.00
   0   0 -10000.0000         0.000000000     0.000000000     0.000000000
     0.000000000     0.000000000
   3
 G   6  24  28  28   3   0   0   0
     0.000000000   1.00     0.000000000   2.00     0.000000000   3.00
     0.000000000   0.00     0.000000000   0.00     0.000000000   0.00
   0   0 -5800.00000         0.000000000     0.000000000     0.000000000
     0.000000000     0.000000000
   3
 G  23  26  28  28   0   0   0   0
     0.000000000   1.00     0.000000000   2.00     0.000000000   3.00
     0.000000000   0.00     0.000000000   0.00     0.000000000   0.00
   0   0 -6000.00000     0.500000000         0.000000000     0.000000000
     0.000000000     0.000000000
   3
 G  23  26  28  28   0   1   0   0
     0.000000000   1.00     0.000000000   2.00     0.000000000   3.00
     0.000000000   0.00     0.000000000   0.00     0.000000000   0.00
   0   0 -1000.00000         0.000000000     0.000000000     0.000000000
     0.000000000     0.000000000
   3
 G   6  23  28  28   0   0   0   0
     0.000000000   1.00     0.000000000   2.00     0.000000000   3.00
     0.000000000   0.00     0.000000000   0.00     0.000000000   0.00
   0   0 -29870.0000     -5.50000000         0.000000000     0.000000000
     0.000000000     0.000000000
   3
 G   6  23  28  28   1   0   0   0
     0.000000000   1.00     0.000000000   2.00     0.000000000   3.00
     0.000000000   0.00     0.000000000   0.00     0.000000000   0.00
   0   0  4700.00000     -16.0000000         0.000000000     0.000000000
     0.000000000     0.000000000
   3
 G   6  23  28  28   0   1   0   0
     0.000000000   1.00     0.000000000   2.00     0.000000000   3.00
     0.000000000   0.00     0.000000000   0.00     0.000000000   0.00
   0   0  4100.00000      3.30000000         0.000000000     0.000000000
     0.000000000     0.000000000
   3
 G   6  23  28  28   2   0   0   0
     0.000000000   1.00     0.000000000   2.00     0.000000000   3.00
     0.000000000   0.00     0.000000000   0.00     0.000000000   0.00
   0   0  1000.00000         0.000000000     0.000000000     0.000000000
     0.000000000     0.000000000
   3
 G   1  24  28  28   1   0   0   0
     0.000000000   1.00     0.000000000   2.00     0.000000000   3.00
     0.000000000   0.00     0.000000000   0.00     0.000000000   0.00
   0   0     0.000000000 -10.0000000         0.000000000     0.000000000
     0.000000000     0.000000000
   3
 G  10  21  28  28   0   0   0   0
     0.000000000   1.00     0.000000000   2.00     0.000000000   3.00
     0.000000000   0.00     0.000000000   0.00     0.000000000   0.00
   0   0 -82400.0000         0.000000000     0.000000000     0.000000000
     0.000000000     0.000000000
   3
 G  10  22  28  28   0   0   0   0
     0.000000000   1.00     0.000000000   2.00     0.000000000   3.00
     0.000000000   0.00     0.000000000   0.00     0.000000000   0.00
   0   0 -118000.000         0.000000000     0.000000000     0.000000000
     0.000000000     0.000000000
   3
 G  10  20  28  28   0   0   0   0
     0.000000000   1.00     0.000000000   2.00     0.000000000   3.00
     0.000000000   0.00     0.000000000   0.00     0.000000000   0.00
   0   0 -71500.0000         0.000000000     0.000000000     0.000000000
     0.000000000     0.000000000
   3
 G  10  21  28  28   1   0   0   0
     0.000000000   1.00     0.000000000   2.00     0.000000000   3.00
     0.000000000   0.00     0.000000000   0.00     0.000000000   0.00
   0   0 -15000.0000         0.000000000     0.000000000     0.000000000
     0.000000000     0.000000000
   3
 G  10  21  28  28   2   0   0   0
     0.000000000   1.00     0.000000000   2.00     0.000000000   3.00
     0.000000000   0.00     0.000000000   0.00     0.000000000   0.00
   0   0  6000.00000         0.000000000     0.000000000     0.000000000
     0.000000000     0.000000000
   3
 G  10  20  28  28   0   1   0   0
     0.000000000   1.00     0.000000000   2.00     0.000000000   3.00
     0.000000000   0.00     0.000000000   0.00     0.000000000   0.00
   0   0 -13000.0000         0.000000000     0.000000000     0.000000000
     0.000000000     0.000000000
   3
 G   1   2  28  28   0   0   1   0
     0.000000000   1.00     0.000000000   2.00     0.000000000   3.00
     0.000000000   0.00     0.000000000   0.00     0.000000000   0.00
   4   0 -15000.0000         0.000000000     0.000000000     0.000000000
     0.000000000     0.000000000
   3
 G   1   4  28  28   0   1   1   0
     0.000000000   1.00     0.000000000   2.00     0.000000000   3.00
     0.000000000   0.00     0.000000000   0.00     0.000000000   0.00
  14   0 -50000.0000         0.000000000     0.000000000     0.000000000
     0.000000000     0.000000000
   3
 G   9  21  28  28   0   0   0   0
     0.000000000   1.00     0.000000000   2.00     0.000000000   3.00
     0.000000000   0.00     0.000000000   0.00     0.000000000   0.00
   0   0 -45000.0000         0.000000000     0.000000000     0.000000000
     0.000000000     0.000000000
   3
 G   9  22  28  28   0   0   0   0
     0.000000000   1.00     0.000000000   2.00     0.000000000   3.00
     0.000000000   0.00     0.000000000   0.00     0.000000000   0.00
   0   0 -45000.0000         0.000000000     0.000000000     0.000000000
     0.000000000     0.000000000
   3
 G   9  20  28  28   0   0   0   0
     0.000000000   1.00     0.000000000   2.00     0.000000000   3.00
     0.000000000   0.00     0.000000000   0.00     0.000000000   0.00
   0   0 -34000.0000         0.000000000     0.000000000     0.000000000
     0.000000000     0.000000000
   3
 G   9  20  28  28   0   1   0   0
     0.000000000   1.00     0.000000000   2.00     0.000000000   3.00
     0.000000000   0.00     0.000000000   0.00     0.000000000   0.00
   0   0  1500.00000         0.000000000     0.000000000     0.000000000
     0.000000000     0.000000000
   3
 G  13  14  28  28   0   0   0   0
     0.000000000   1.00     0.000000000   2.00     0.000000000   3.00
     0.000000000   0.00     0.000000000   0.00     0.000000000   0.00
   0   0 -5500.00000         0.000000000     0.000000000     0.000000000
     0.000000000     0.000000000
   3
 G  13  14  28  28   1   0   0   0
     0.000000000   1.00     0.000000000   2.00     0.000000000   3.00
     0.000000000   0.00     0.000000000   0.00     0.000000000   0.00
   0   0 -13000.0000         0.000000000     0.000000000     0.000000000
     0.000000000     0.000000000
   3
 G  13  14  28  28   0   2   0   0
     0.000000000   1.00     0.000000000   2.00     0.000000000   3.00
     0.000000000   0.00     0.000000000   0.00     0.000000000   0.00
   0   0     0.000000000  5.00000000         0.000000000     0.000000000
     0.000000000     0.000000000
   3
 G  11  23  28  28   0   0   0   0
     0.000000000   1.00     0.000000000   2.00     0.000000000   3.00
     0.000000000   0.00     0.000000000   0.00     0.000000000   0.00
   0   0 -29600.0000     -5.00000000         0.000000000     0.000000000
     0.000000000     0.000000000
   3
 G  11  23  28  28   1   0   0   0
     0.000000000   1.00     0.000000000   2.00     0.000000000   3.00
     0.000000000   0.00     0.000000000   0.00     0.000000000   0.00
   0   0 -6800.00000     -6.00000000         0.000000000     0.000000000
     0.000000000     0.000000000
   3
 G  11  23  28  28   0   1   0   0
     0.000000000   1.00     0.000000000   2.00     0.000000000   3.00
     0.000000000   0.00     0.000000000   0.00     0.000000000   0.00
   0   0  15600.0000      3.25000000         0.000000000     0.000000000
     0.000000000     0.000000000
   3
 G  11  23  28  28   0   2   0   0
     0.000000000   1.00     0.000000000   2.00     0.000000000   3.00
     0.000000000   0.00     0.000000000   0.00     0.000000000   0.00
   0   0 -9800.00000     -4.00000000         0.000000000     0.000000000
     0.000000000     0.000000000
   3
 G   7  10  28  28   0   0   0   0
     0.000000000   1.00     0.000000000   2.00     0.000000000   3.00
     0.000000000   0.00     0.000000000   0.00     0.000000000   0.00
   0   0 -36500.0000         0.000000000     0.000000000     0.000000000
     0.000000000     0.000000000
   3
 G   7  10  28  28   1   0   0   0
     0.000000000   1.00     0.000000000   2.00     0.000000000   3.00
     0.000000000   0.00     0.000000000   0.00     0.000000000   0.00
   0   0 -18800.0000      8.50000000         0.000000000     0.000000000
     0.000000000     0.000000000
   3
 G   1  27  28  28   0   0   0   0
     0.000000000   1.00     0.000000000   2.00     0.000000000   3.00
     0.000000000   0.00     0.000000000   0.00     0.000000000   0.00
   0   0 -8400.00000     -2.70000000         0.000000000     0.000000000
     0.000000000     0.000000000
   3
 G   1  27  28  28   0   1   0   0
     0.000000000   1.00     0.000000000   2.00     0.000000000   3.00
     0.000000000   0.00     0.000000000   0.00     0.000000000   0.00
   0   0 -16300.0000      3.20000000         0.000000000     0.000000000
     0.000000000     0.000000000
   3
 G   1  27  28  28   1   0   0   0
     0.000000000   1.00     0.000000000   2.00     0.000000000   3.00
     0.000000000   0.00     0.000000000   0.00     0.000000000   0.00
   0   0 -400.000000     -1.60000000         0.000000000     0.000000000
     0.000000000     0.000000000
   3
 G  23  26  28  28   1   0   0   0
     0.000000000   1.00     0.000000000   2.00     0.000000000   3.00
     0.000000000   0.00     0.000000000   0.00     0.000000000   0.00
   0   0  4500.00000         0.000000000     0.000000000     0.000000000
     0.000000000     0.000000000
   3
 G   8   8  28  29   0   0   0   0
     0.000000000   1.00     0.000000000   2.00     0.000000000   3.00
     0.000000000   0.00     0.000000000   0.00     0.000000000   0.00
   0   0 -1450.00000         0.000000000     0.000000000     0.000000000
     0.000000000     0.000000000
   3
 G   8   8  28  29   0   2   0   0
     0.000000000   1.00     0.000000000   2.00     0.000000000   3.00
     0.000000000   0.00     0.000000000   0.00     0.000000000   0.00
   0   0     0.000000000  1.90000000         0.000000000     0.000000000
     0.000000000     0.000000000
   3
 G   8   8  28  29   2   0   0   0
     0.000000000   1.00     0.000000000   2.00     0.000000000   3.00
     0.000000000   0.00     0.000000000   0.00     0.000000000   0.00
   0   0     0.000000000  4.10000000         0.000000000     0.000000000
     0.000000000     0.000000000
   3
 G  14  14  28  29   0   0   0   0
     0.000000000   1.00     0.000000000   2.00     0.000000000   3.00
     0.000000000   0.00     0.000000000   0.00     0.000000000   0.00
   0   0  3000.00000         0.000000000     0.000000000     0.000000000
     0.000000000     0.000000000
   3
 G   3   5  28  28   1   0   0   0
     0.000000000   1.00     0.000000000   2.00     0.000000000   3.00
     0.000000000   0.00     0.000000000   0.00     0.000000000   0.00
   0   0 -6300.00000         0.000000000     0.000000000     0.000000000
     0.000000000     0.000000000
   3
 G   5  17  28  28   0   0   0   0
     0.000000000   1.00     0.000000000   2.00     0.000000000   3.00
     0.000000000   0.00     0.000000000   0.00     0.000000000   0.00
   0   0 -20000.0000         0.000000000     0.000000000     0.000000000
     0.000000000     0.000000000
   3
 G   5  18  28  28   0   0   0   0
     0.000000000   1.00     0.000000000   2.00     0.000000000   3.00
     0.000000000   0.00     0.000000000   0.00     0.000000000   0.00
   0   0 -20000.0000         0.000000000     0.000000000     0.000000000
     0.000000000     0.000000000
   3
 G   1  18  28  28   0   0   1   0
     0.000000000   1.00     0.000000000   2.00     0.000000000   3.00
     0.000000000   0.00     0.000000000   0.00     0.000000000   0.00
   5   0 -25000.0000         0.000000000     0.000000000     0.000000000
     0.000000000     0.000000000
   3
 G   1  17  28  28   0   0   1   0
     0.000000000   1.00     0.000000000   2.00     0.000000000   3.00
     0.000000000   0.00     0.000000000   0.00     0.000000000   0.00
   5   0 -20000.0000         0.000000000     0.000000000     0.000000000
     0.000000000     0.000000000
  -1
    1   10   11K        1   10K        1   11K       10   11   28
 MSFL
 SUBQ
  54 143
 LiF                             0.000000    0.000000
   4  1           0.00000    0.00000    0.00000    0.00000    0.00000    0.00000
       0.00000    0.00000    0.00000    0.00000    0.00000    0.00000    0.00000
       0.00000    0.00000    0.00000    0.00000    0.00000    0.00000    1.00000
       0.00000    1.00000
  2500.00000     -617789.909      386.915780     -64.1830000         0.000000000
     0.000000000     0.000000000
 1     0.000000000   0.00
  1.00000      1.00000         0.000000     0.000000     0.000000
  2.40000
 Be[CN=IV]F2                     0.000000    0.000000
   4  2           0.00000    0.00000    0.00000    0.00000    0.00000    0.00000
       0.00000    0.00000    0.00000    0.00000    0.00000    0.00000    0.00000
       0.00000    0.00000    0.00000    0.00000    0.00000    0.00000    2.00000
       1.00000    0.00000
  2000.00000     -972101.922      400.891551     -66.5685000     -.790250000E-02
     0.000000000 -36975.7500
 1     0.000000000   0.00
  2000.00001     -1003785.87      641.324335     -98.1969879         0.000000000
     0.000000000     0.000000000
 1     0.000000000   0.00
  1.00000      2.00000         0.000000     0.000000     0.000000
  2.40000
 U[Dimer]F8                      0.000000    0.000000
   4  1           0.00000    2.00000    0.00000    0.00000    0.00000    0.00000
       0.00000    0.00000    0.00000    0.00000    0.00000    0.00000    0.00000
       0.00000    0.00000    0.00000    0.00000    0.00000    0.00000    8.00000
       0.00000    0.00000
  4000.10000     -3933513.40      2109.87620     -349.480000         0.000000000
     0.000000000     0.000000000
 1     0.000000000   0.00
  1.00000      8.00000         0.000000     0.000000     0.000000
  2.40000
 ThF4                            0.000000    0.000000
   4  1           0.00000    0.00000    1.00000    0.00000    0.00000    0.00000
       0.00000    0.00000    0.00000    0.00000    0.00000    0.00000    0.00000
       0.00000    0.00000    0.00000    0.00000    0.00000    0.00000    4.00000
       0.00000    0.00000
  4000.10000     -2154339.50      1037.35440     -170.000000         0.000000000
     0.000000000     0.000000000
 1     0.000000000   0.00
  1.00000      4.00000         0.000000     0.000000     0.000000
  2.40000
 UF3                             0.000000    0.000000
   4  1           0.00000    1.00000    0.00000    0.00000    0.00000    0.00000
       0.00000    0.00000    0.00000    0.00000    0.00000    0.00000    0.00000
       0.00000    0.00000    0.00000    0.00000    0.00000    0.00000    3.00000
       0.00000    0.00000
  3200.00000     -1553960.72      803.331960     -134.000000         0.000000000
     0.000000000     0.000000000
 1     0.000000000   0.00
  1.00000      3.00000         0.000000     0.000000     0.000000
  2.40000
 NaF                             0.000000    0.000000
   4  1           0.00000    0.00000    0.00000    0.00000    0.00000    0.00000
       0.00000    0.00000    0.00000    0.00000    0.00000    0.00000    0.00000
       0.00000    0.00000    0.00000    0.00000    0.00000    1.00000    1.00000
       0.00000    0.00000
  4000.10000     -579635.237      436.582552     -73.0360000         0.000000000
     0.000000000     0.000000000
 1     0.000000000   0.00
  1.00000      1.00000         0.000000     0.000000     0.000000
  2.40000
 PuF3                            0.000000    0.000000
   4  1           1.00000    0.00000    0.00000    0.00000    0.00000    0.00000
       0.00000    0.00000    0.00000    0.00000    0.00000    0.00000    0.00000
       0.00000    0.00000    0.00000    0.00000    0.00000    0.00000    3.00000
       0.00000    0.00000
  4000.10000     -1607572.50      761.357570     -130.000000         0.000000000
     0.000000000     0.000000000
 1     0.000000000   0.00
  1.00000      3.00000         0.000000     0.000000     0.000000
  2.40000
 RbF                             0.000000    0.000000
   4  1           0.00000    0.00000    0.00000    0.00000    0.00000    0.00000
       0.00000    0.00000    0.00000    0.00000    0.00000    0.00000    0.00000
       1.00000    0.00000    0.00000    0.00000    0.00000    0.00000    1.00000
       0.00000    0.00000
  4000.10000     -563538.650      390.426370     -71.0000000         0.000000000
     0.000000000     0.000000000
 1     0.000000000   0.00
  1.00000      1.00000         0.000000     0.000000     0.000000
  2.40000
 LaF3                            0.000000    0.000000
   4  1           0.00000    0.00000    0.00000    0.00000    0.00000    0.00000
       1.00000    0.00000    0.00000    0.00000    0.00000    0.00000    0.00000
       0.00000    0.00000    0.00000    0.00000    0.00000    0.00000    3.00000
       0.00000    0.00000
  3000.10000     -1674170.00      806.536630     -135.000000         0.000000000
     0.000000000     0.000000000
 1     0.000000000   0.00
  1.00000      3.00000         0.000000     0.000000     0.000000
  2.40000
 CsF                             0.000000    0.000000
   4  2           0.00000    0.00000    0.00000    0.00000    0.00000    0.00000
       0.00000    0.00000    1.00000    0.00000    0.00000    0.00000    0.00000
       0.00000    0.00000    0.00000    0.00000    0.00000    0.00000    1.00000
       0.00000    0.00000
  1400.00000     -556078.554      364.388624     -70.5600000         0.000000000
     0.000000000     0.000000000
 1     0.000000000   0.00
  1400.00001     -556078.554      364.388624     -70.5600000         0.000000000
     0.000000000     0.000000000
 1     0.000000000   0.00
  1.00000      1.00000         0.000000     0.000000     0.000000
  2.40000
 KF                              0.000000    0.000000
   4  1           0.00000    0.00000    0.00000    0.00000    0.00000    0.00000
       0.00000    0.00000    0.00000    0.00000    0.00000    0.00000    0.00000
       0.00000    0.00000    0.00000    0.00000    1.00000    0.00000    1.00000
       0.00000    0.00000
  2500.00000     -572959.333      400.935748     -70.4850000         0.000000000
     0.000000000     0.000000000
 1     0.000000000   0.00
  1.00000      1.00000         0.000000     0.000000     0.000000
  2.40000
 CeF3                            0.000000    0.000000
   4  1           0.00000    0.00000    0.00000    0.00000    0.00000    1.00000
       0.00000    0.00000    0.00000    0.00000    0.00000    0.00000    0.00000
       0.00000    0.00000    0.00000    0.00000    0.00000    0.00000    3.00000
       0.00000    0.00000
  4000.10000     -1689873.40      758.034110     -130.610000         0.000000000
     0.000000000     0.000000000
 1     0.000000000   0.00
  1.00000      3.00000         0.000000     0.000000     0.000000
  2.40000
 NdF3                            0.000000    0.000000
   4  2           0.00000    0.00000    0.00000    1.00000    0.00000    0.00000
       0.00000    0.00000    0.00000    0.00000    0.00000    0.00000    0.00000
       0.00000    0.00000    0.00000    0.00000    0.00000    0.00000    3.00000
       0.00000    0.00000
  1649.00000     -1659334.00      545.603184     -103.386700     -.833440000E-03
 -.173225000E-05  550585.000
 1     0.000000000   0.00
  2500.00000     -1755360.75      1112.31094     -172.820000         0.000000000
     0.000000000     0.000000000
 1     0.000000000   0.00
  1.00000      3.00000         0.000000     0.000000     0.000000
  2.40000
 Be[Dimer]F4                     0.000000    0.000000
   4  3           0.00000    0.00000    0.00000    0.00000    0.00000    0.00000
       0.00000    0.00000    0.00000    0.00000    0.00000    0.00000    0.00000
       0.00000    0.00000    0.00000    0.00000    0.00000    0.00000    4.00000
       2.00000    0.00000
  2000.00000     -2094203.84      801.783103     -133.137000     -.158050000E-01
     0.000000000 -73951.5000
 1     0.000000000   0.00
  2001.00000     -2094203.84      801.783103     -133.137000     -.158050000E-01
     0.000000000 -73951.5000
 1     0.000000000   0.00
  2001.00001     -2157634.91      1282.92023     -196.425549         0.000000000
     0.000000000     0.000000000
 1     0.000000000   0.00
  1.00000      4.00000         0.000000     0.000000     0.000000
  2.40000
 NiF2                            0.000000    0.000000
   4  1           0.00000    0.00000    0.00000    0.00000    0.00000    0.00000
       0.00000    0.00000    0.00000    0.00000    0.00000    0.00000    0.00000
       0.00000    1.00000    0.00000    0.00000    0.00000    0.00000    2.00000
       0.00000    0.00000
  2000.00000     -645970.000      595.259672     -100.000000         0.000000000
     0.000000000     0.000000000
 1     0.000000000   0.00
  1.00000      2.00000         0.000000     0.000000     0.000000
  2.40000
 U[CN=VII]F4                     0.000000    0.000000
   4  1           0.00000    1.00000    0.00000    0.00000    0.00000    0.00000
       0.00000    0.00000    0.00000    0.00000    0.00000    0.00000    0.00000
       0.00000    0.00000    0.00000    0.00000    0.00000    0.00000    4.00000
       0.00000    0.00000
  4000.10000     -1866756.70      1054.93810     -174.740000         0.000000000
     0.000000000     0.000000000
 1     0.000000000   0.00
  1.00000      4.00000         0.000000     0.000000     0.000000
  2.40000
 KI                              0.000000    0.000000
   4  2           0.00000    0.00000    0.00000    0.00000    0.00000    0.00000
       0.00000    0.00000    0.00000    1.00000    0.00000    0.00000    0.00000
       0.00000    0.00000    0.00000    0.00000    1.00000    0.00000    0.00000
       0.00000    0.00000
  953.700000     -318489.530      165.752851     -43.5380000     -.111980000E-01
     0.000000000 -114900.000
 1     0.000000000   0.00
  3300.00000     -333408.375      349.439415     -69.6080000         0.000000000
     0.000000000     0.000000000
 1     0.000000000   0.00
  1.00000      1.00000         0.000000     0.000000     0.000000
  2.40000
 LiI                             0.000000    0.000000
   4  1           0.00000    0.00000    0.00000    0.00000    0.00000    0.00000
       0.00000    0.00000    0.00000    1.00000    0.00000    0.00000    0.00000
       0.00000    0.00000    0.00000    0.00000    0.00000    0.00000    0.00000
       0.00000    1.00000
  742.000000     -277542.636      323.395862     -63.1784000         0.000000000
     0.000000000     0.000000000
 1     0.000000000   0.00
  1.00000      1.00000         0.000000     0.000000     0.000000
  2.40000
 NaI                             0.000000    0.000000
   4  2           0.00000    0.00000    0.00000    0.00000    0.00000    0.00000
       0.00000    0.00000    0.00000    1.00000    0.00000    0.00000    0.00000
       0.00000    0.00000    0.00000    0.00000    0.00000    1.00000    0.00000
       0.00000    0.00000
  934.000000     -278425.428      182.440253     -44.7646160     -.110666800E-01
     0.000000000  15.2751564
 1     0.000000000   0.00
  2000.00000     -289641.899      336.943788     -67.1100000         0.000000000
     0.000000000     0.000000000
 1     0.000000000   0.00
  1.00000      1.00000         0.000000     0.000000     0.000000
  2.40000
 SrF2                            0.000000    0.000000
   4  2           0.00000    0.00000    0.00000    0.00000    0.00000    0.00000
       0.00000    0.00000    0.00000    0.00000    0.00000    0.00000    1.00000
       0.00000    0.00000    0.00000    0.00000    0.00000    0.00000    2.00000
       0.00000    0.00000
  1200.00000     -1062068.65      3817.37143     -490.817624     0.173468470
 -.242148377E-04 -2251196.00
 1 -26309.7293       0.50
  3500.00000     -1217503.09      581.456393     -99.0480000         0.000000000
     0.000000000     0.000000000
 1     0.000000000   0.00
  1.00000      2.00000         0.000000     0.000000     0.000000
  2.40000
 BaF2                            0.000000    0.000000
   4  1           0.00000    0.00000    0.00000    0.00000    0.00000    0.00000
       0.00000    1.00000    0.00000    0.00000    0.00000    0.00000    0.00000
       0.00000    0.00000    0.00000    0.00000    0.00000    0.00000    2.00000
       0.00000    0.00000
  6000.00000     -1225763.50      636.315140     -107.654000         0.000000000
     0.000000000     0.000000000
 1     0.000000000   0.00
  1.00000      2.00000         0.000000     0.000000     0.000000
  2.40000
 CsI                             0.000000    0.000000
   4  3           0.00000    0.00000    0.00000    0.00000    0.00000    0.00000
       0.00000    0.00000    1.00000    1.00000    0.00000    0.00000    0.00000
       0.00000    0.00000    0.00000    0.00000    0.00000    0.00000    0.00000
       0.00000    0.00000
  905.000000     -335834.734      148.410910     -43.8152100     -.109211000E-01
 -.415961000E-06 -100123.850
 1     0.000000000   0.00
  1051.00000     -262970.967     -1313.47822      185.657000     -.246545000
 0.389750000E-04     0.000000000
 1     0.000000000   0.00
  2500.00000     -354313.223      365.792170     -74.2680000         0.000000000
     0.000000000     0.000000000
 1     0.000000000   0.00
  1.00000      1.00000         0.000000     0.000000     0.000000
  2.40000
 SrI2                            0.000000    0.000000
   4  2           0.00000    0.00000    0.00000    0.00000    0.00000    0.00000
       0.00000    0.00000    0.00000    2.00000    0.00000    0.00000    1.00000
       0.00000    0.00000    0.00000    0.00000    0.00000    0.00000    0.00000
       0.00000    0.00000
  499.990000     -570773.999      303.044591     -69.7694895     -.137390504E-01
     0.000000000     0.000000000
 1     0.000000000   0.00
  2600.00000     -587473.727      579.833747     -110.039000         0.000000000
     0.000000000     0.000000000
 1     0.000000000   0.00
  1.00000      2.00000         0.000000     0.000000     0.000000
  2.40000
 BaI2                            0.000000    0.000000
   4  2           0.00000    0.00000    0.00000    0.00000    0.00000    0.00000
       0.00000    1.00000    0.00000    2.00000    0.00000    0.00000    0.00000
       0.00000    0.00000    0.00000    0.00000    0.00000    0.00000    0.00000
       0.00000    0.00000
  699.990000     -608097.892      301.435102     -71.5409807     -.998701200E-02
     0.000000000     0.000000000
 1     0.000000000   0.00
  2800.00000     -632202.895      600.271644     -112.968000         0.000000000
     0.000000000     0.000000000
 1     0.000000000   0.00
  1.00000      2.00000         0.000000     0.000000     0.000000
  2.40000
 NiI2                            0.000000    0.000000
   4  2           0.00000    0.00000    0.00000    0.00000    0.00000    0.00000
       0.00000    0.00000    0.00000    2.00000    0.00000    0.00000    0.00000
       0.00000    1.00000    0.00000    0.00000    0.00000    0.00000    0.00000
       0.00000    0.00000
  1073.00000     -72851.1574      340.614060     -77.6010100     -.470420000E-02
 -.323333333E-09  133605.000
 1     0.000000000   0.00
  2000.00000     -96584.3622      548.996685     -105.000000         0.000000000
     0.000000000     0.000000000
 1     0.000000000   0.00
  1.00000      2.00000         0.000000     0.000000     0.000000
  2.40000
 ThI4                            0.000000    0.000000
   4  3           0.00000    0.00000    1.00000    0.00000    0.00000    0.00000
       0.00000    0.00000    0.00000    4.00000    0.00000    0.00000    0.00000
       0.00000    0.00000    0.00000    0.00000    0.00000    0.00000    0.00000
       0.00000    0.00000
  839.000000     -657956.107      562.825859     -129.601000     -.659535000E-02
 0.220266667E-07  305075.000
 1     0.000000000   0.00
  1200.00000     -691312.812      908.035825     -175.728000     -.150000000E-06
 0.100000000E-10 -50.0000000
 1     0.000000000   0.00
  1200.00001     -691313.125      908.038318     -175.728343         0.000000000
     0.000000000     0.000000000
 1     0.000000000   0.00
  1.00000      4.00000         0.000000     0.000000     0.000000
  2.40000
 PuI3                            0.000000    0.000000
   4  3           1.00000    0.00000    0.00000    0.00000    0.00000    0.00000
       0.00000    0.00000    0.00000    3.00000    0.00000    0.00000    0.00000
       0.00000    0.00000    0.00000    0.00000    0.00000    0.00000    0.00000
       0.00000    0.00000
  1050.00000     -562118.356      451.924096     -105.683000     -.102989500E-01
 0.131833333E-08 -70.0000000
 1     0.000000000   0.00
  1500.00000     -589168.683      721.295508     -142.256000         0.000000000
 -.333333333E-11  40.0000000
 1     0.000000000   0.00
  1500.00001     -589168.621      721.295547     -142.256009         0.000000000
     0.000000000     0.000000000
 1     0.000000000   0.00
  1.00000      3.00000         0.000000     0.000000     0.000000
  2.40000
 CeI3                            0.000000    0.000000
   4  2           0.00000    0.00000    0.00000    0.00000    0.00000    1.00000
       0.00000    0.00000    0.00000    3.00000    0.00000    0.00000    0.00000
       0.00000    0.00000    0.00000    0.00000    0.00000    0.00000    0.00000
       0.00000    0.00000
  1033.00000     -645703.601      347.739234     -89.8590000     -.170069000E-01
 -.686666667E-09  45.0000000
 1     0.000000000   0.00
  3000.00000     -694844.777      829.834770     -155.000000         0.000000000
     0.000000000     0.000000000
 1     0.000000000   0.00
  1.00000      3.00000         0.000000     0.000000     0.000000
  2.40000
 NdI3                            0.000000    0.000000
   4  3           0.00000    0.00000    0.00000    1.00000    0.00000    0.00000
       0.00000    0.00000    0.00000    3.00000    0.00000    0.00000    0.00000
       0.00000    0.00000    0.00000    0.00000    0.00000    0.00000    0.00000
       0.00000    0.00000
  847.000000     -630208.067      609.064934     -133.254000     0.381544500E-01
 -.133965583E-04  828850.000
 1     0.000000000   0.00
  1060.00000     -625575.417      517.877196     -117.000000         0.000000000
     0.000000000     0.000000000
 1     0.000000000   0.00
  3000.00000     -666915.417      828.552139     -156.000000         0.000000000
     0.000000000     0.000000000
 1     0.000000000   0.00
  1.00000      3.00000         0.000000     0.000000     0.000000
  2.40000
 LaI3                            0.000000    0.000000
   4  2           0.00000    0.00000    0.00000    0.00000    0.00000    0.00000
       1.00000    0.00000    0.00000    3.00000    0.00000    0.00000    0.00000
       0.00000    0.00000    0.00000    0.00000    0.00000    0.00000    0.00000
       0.00000    0.00000
  1051.00000     -653000.298      382.866677     -93.9630100     -.115618000E-01
 0.233333333E-09 -6340.00000
 1     0.000000000   0.00
  3000.00000     -701238.605      820.399481     -152.000000         0.000000000
     0.000000000     0.000000000
 1     0.000000000   0.00
  1.00000      3.00000         0.000000     0.000000     0.000000
  2.40000
 Be[CN=IV]I2                     0.000000    0.000000
   4  3           0.00000    0.00000    0.00000    0.00000    0.00000    0.00000
       0.00000    0.00000    0.00000    2.00000    0.00000    0.00000    0.00000
       0.00000    0.00000    0.00000    0.00000    0.00000    0.00000    0.00000
       1.00000    0.00000
  400.000000     -123391.941      205.075813     -45.8597475     -.387605859E-01
     0.000000000     0.000000000
 1     0.000000000   0.00
  1500.00000     -144033.549      643.252312     -112.968000         0.000000000
     0.000000000     0.000000000
 1     0.000000000   0.00
  5000.00000     -64581.5487      202.917655     -60.0000000         0.000000000
     0.000000000     0.000000000
 1     0.000000000   0.00
  1.00000      2.00000         0.000000     0.000000     0.000000
  2.40000
 U[CN=VI]I4                      0.000000    0.000000
   4  1           0.00000    1.00000    0.00000    0.00000    0.00000    0.00000
       0.00000    0.00000    0.00000    4.00000    0.00000    0.00000    0.00000
       0.00000    0.00000    0.00000    0.00000    0.00000    0.00000    0.00000
       0.00000    0.00000
  5000.00000     -433745.109      816.750605     -165.707320         0.000000000
     0.000000000     0.000000000
 1     0.000000000   0.00
  1.00000      4.00000         0.000000     0.000000     0.000000
  2.40000
 U[CN=VI]F4                      0.000000    0.000000
   4  1           0.00000    1.00000    0.00000    0.00000    0.00000    0.00000
       0.00000    0.00000    0.00000    0.00000    0.00000    0.00000    0.00000
       0.00000    0.00000    0.00000    0.00000    0.00000    0.00000    4.00000
       0.00000    0.00000
  4000.10000     -1866756.70      1054.93810     -174.740000         0.000000000
     0.000000000     0.000000000
 1     0.000000000   0.00
  1.00000      4.00000         0.000000     0.000000     0.000000
  2.40000
 RbI                             0.000000    0.000000
   4  3           0.00000    0.00000    0.00000    0.00000    0.00000    0.00000
       0.00000    0.00000    0.00000    1.00000    0.00000    0.00000    0.00000
       1.00000    0.00000    0.00000    0.00000    0.00000    0.00000    0.00000
       0.00000    0.00000
  929.000000     -323946.807      141.158660     -41.5229500     -.124368100E-01
 0.134506400E-08 -162303.850
 1     0.000000000   0.00
  3400.00000     -341970.983      357.786545     -72.1000000     0.108637750E-16
 -.467984000E-21 0.742255000E-08
 1     0.000000000   0.00
  3400.00001     -341970.983      357.786545     -72.1000000         0.000000000
     0.000000000     0.000000000
 1     0.000000000   0.00
  1.00000      1.00000         0.000000     0.000000     0.000000
  2.40000
 Zr[Dimer]F8                     0.000000    0.000000
   4  1           0.00000    0.00000    0.00000    0.00000    0.00000    0.00000
       0.00000    0.00000    0.00000    0.00000    2.00000    0.00000    0.00000
       0.00000    0.00000    0.00000    0.00000    0.00000    0.00000    8.00000
       0.00000    0.00000
  2500.00000     -3763136.69      1341.36971     -247.200000         0.000000000
     0.000000000     0.000000000
 1     0.000000000   0.00
  1.00000      8.00000         0.000000     0.000000     0.000000
  2.40000
 Zr[CN=VI]F4                     0.000000    0.000000
   4  1           0.00000    0.00000    0.00000    0.00000    0.00000    0.00000
       0.00000    0.00000    0.00000    0.00000    1.00000    0.00000    0.00000
       0.00000    0.00000    0.00000    0.00000    0.00000    0.00000    4.00000
       0.00000    0.00000
  2500.00000     -1802493.34      670.684855     -123.600000         0.000000000
     0.000000000     0.000000000
 1     0.000000000   0.00
  1.00000      4.00000         0.000000     0.000000     0.000000
  2.40000
 Zr[CN=VII]F4                    0.000000    0.000000
   4  1           0.00000    0.00000    0.00000    0.00000    0.00000    0.00000
       0.00000    0.00000    0.00000    0.00000    1.00000    0.00000    0.00000
       0.00000    0.00000    0.00000    0.00000    0.00000    0.00000    4.00000
       0.00000    0.00000
  2500.00000     -1723418.34      670.684855     -123.600000         0.000000000
     0.000000000     0.000000000
 1     0.000000000   0.00
  1.00000      4.00000         0.000000     0.000000     0.000000
  2.40000
 CrF3                            0.000000    0.000000
   4  1           0.00000    0.00000    0.00000    0.00000    0.00000    0.00000
       0.00000    0.00000    0.00000    0.00000    0.00000    0.00000    0.00000
       0.00000    0.00000    0.00000    1.00000    0.00000    0.00000    3.00000
       0.00000    0.00000
  2500.00000     -1162798.52      786.759449     -130.000000         0.000000000
     0.000000000     0.000000000
 1     0.000000000   0.00
  1.00000      3.00000         0.000000     0.000000     0.000000
  2.40000
 FeF2                            0.000000    0.000000
   4  1           0.00000    0.00000    0.00000    0.00000    0.00000    0.00000
       0.00000    0.00000    0.00000    0.00000    0.00000    0.00000    0.00000
       0.00000    0.00000    1.00000    0.00000    0.00000    0.00000    2.00000
       0.00000    0.00000
  4000.00000     -710515.000      571.359672     -100.000000         0.000000000
     0.000000000     0.000000000
 1     0.000000000   0.00
  1.00000      2.00000         0.000000     0.000000     0.000000
  2.40000
 PrF3                            0.000000    0.000000
   4  1           0.00000    0.00000    0.00000    0.00000    1.00000    0.00000
       0.00000    0.00000    0.00000    0.00000    0.00000    0.00000    0.00000
       0.00000    0.00000    0.00000    0.00000    0.00000    0.00000    3.00000
       0.00000    0.00000
  1800.00000     -1694175.27      755.056505     -130.760000         0.000000000
     0.000000000     0.000000000
 1     0.000000000   0.00
  1.00000      3.00000         0.000000     0.000000     0.000000
  2.40000
 U[Dimer]I8                      0.000000    0.000000
   4  1           0.00000    2.00000    0.00000    0.00000    0.00000    0.00000
       0.00000    0.00000    0.00000    8.00000    0.00000    0.00000    0.00000
       0.00000    0.00000    0.00000    0.00000    0.00000    0.00000    0.00000
       0.00000    0.00000
  5000.00000     -1067490.22      1633.50121     -331.414640         0.000000000
     0.000000000     0.000000000
 1     0.000000000   0.00
  1.00000      8.00000         0.000000     0.000000     0.000000
  2.40000
 U[CN=VII]I4                     0.000000    0.000000
   4  1           0.00000    1.00000    0.00000    0.00000    0.00000    0.00000
       0.00000    0.00000    0.00000    4.00000    0.00000    0.00000    0.00000
       0.00000    0.00000    0.00000    0.00000    0.00000    0.00000    0.00000
       0.00000    0.00000
  5000.00000     -433745.109      816.750605     -165.707320         0.000000000
     0.000000000     0.000000000
 1     0.000000000   0.00
  1.00000      4.00000         0.000000     0.000000     0.000000
  2.40000
 UI3                             0.000000    0.000000
   4  1           0.00000    1.00000    0.00000    0.00000    0.00000    0.00000
       0.00000    0.00000    0.00000    3.00000    0.00000    0.00000    0.00000
       0.00000    0.00000    0.00000    0.00000    0.00000    0.00000    0.00000
       0.00000    0.00000
  5000.00000      10000.0000         0.000000000     0.000000000     0.000000000
     0.000000000     0.000000000
 1     0.000000000   0.00
  1.00000      3.00000         0.000000     0.000000     0.000000
  2.40000
 Be[Dimer]I4                     0.000000    0.000000
   4  3           0.00000    0.00000    0.00000    0.00000    0.00000    0.00000
       0.00000    0.00000    0.00000    4.00000    0.00000    0.00000    0.00000
       0.00000    0.00000    0.00000    0.00000    0.00000    0.00000    0.00000
       2.00000    0.00000
  400.000000     -396783.883      410.151625     -91.7194950     -.775211717E-01
     0.000000000     0.000000000
 1     0.000000000   0.00
  1500.00000     -438067.097      1286.50462     -225.936000         0.000000000
     0.000000000     0.000000000
 1     0.000000000   0.00
  5000.00000     -279163.097      405.835309     -120.000000         0.000000000
     0.000000000     0.000000000
 1     0.000000000   0.00
  1.00000      4.00000         0.000000     0.000000     0.000000
  2.40000
 Zr[Dimer]I8                     0.000000    0.000000
   4  2           0.00000    0.00000    0.00000    0.00000    0.00000    0.00000
       0.00000    0.00000    0.00000    8.00000    2.00000    0.00000    0.00000
       0.00000    0.00000    0.00000    0.00000    0.00000    0.00000    0.00000
       0.00000    0.00000
  773.000000     -987073.041      1081.02044     -246.547000     -.161765100E-01
 -.436017667E-10  257462.300
 1     0.000000000   0.00
  1000.00000     -1025790.10      1541.01375     -310.000000         0.000000000
     0.000000000     0.000000000
 1     0.000000000   0.00
  1.00000      8.00000         0.000000     0.000000     0.000000
  2.40000
 Zr[CN=VI]I4                     0.000000    0.000000
   4  2           0.00000    0.00000    0.00000    0.00000    0.00000    0.00000
       0.00000    0.00000    0.00000    4.00000    1.00000    0.00000    0.00000
       0.00000    0.00000    0.00000    0.00000    0.00000    0.00000    0.00000
       0.00000    0.00000
  773.000000     -393536.521      540.510219     -123.273500     -.808825500E-02
 -.218008833E-10  128731.150
 1     0.000000000   0.00
  5000.00000     -412895.049      770.506876     -155.000000         0.000000000
     0.000000000     0.000000000
 1     0.000000000   0.00
  1.00000      4.00000         0.000000     0.000000     0.000000
  2.40000
 Zr[CN=VII]I4                    0.000000    0.000000
   4  2           0.00000    0.00000    0.00000    0.00000    0.00000    0.00000
       0.00000    0.00000    0.00000    4.00000    1.00000    0.00000    0.00000
       0.00000    0.00000    0.00000    0.00000    0.00000    0.00000    0.00000
       0.00000    0.00000
  773.000000     -393536.521      540.510219     -123.273500     -.808825500E-02
 -.218008833E-10  128731.150
 1     0.000000000   0.00
  5000.00000     -412895.049      770.506876     -155.000000         0.000000000
     0.000000000     0.000000000
 1     0.000000000   0.00
  1.00000      4.00000         0.000000     0.000000     0.000000
  2.40000
 CrF2                            0.000000    0.000000
   4  1           0.00000    0.00000    0.00000    0.00000    0.00000    0.00000
       0.00000    0.00000    0.00000    0.00000    0.00000    0.00000    0.00000
       0.00000    0.00000    0.00000    1.00000    0.00000    0.00000    2.00000
       0.00000    0.00000
  4000.00000     -803174.028      597.550530     -100.000000         0.000000000
     0.000000000     0.000000000
 1     0.000000000   0.00
  1.00000      2.00000         0.000000     0.000000     0.000000
  2.40000
 YF3                             0.000000    0.000000
   4  1           0.00000    0.00000    0.00000    0.00000    0.00000    0.00000
       0.00000    0.00000    0.00000    0.00000    0.00000    1.00000    0.00000
       0.00000    0.00000    0.00000    0.00000    0.00000    0.00000    3.00000
       0.00000    0.00000
  2000.00000     -1730428.62      812.561671     -133.679000         0.000000000
     0.000000000     0.000000000
 1     0.000000000   0.00
  1.00000      3.00000         0.000000     0.000000     0.000000
  2.40000
 CrI3                            0.000000    0.000000
   4  2           0.00000    0.00000    0.00000    0.00000    0.00000    0.00000
       0.00000    0.00000    0.00000    3.00000    0.00000    0.00000    0.00000
       0.00000    0.00000    0.00000    1.00000    0.00000    0.00000    0.00000
       0.00000    0.00000
  1130.00000     -167746.124      374.930810     -92.8309800     -.120222800E-01
 0.894192833E-10 -19.3554650
 1     0.000000000   0.00
  2500.00000     -194396.159      646.227038     -130.000000         0.000000000
     0.000000000     0.000000000
 1     0.000000000   0.00
  1.00000      3.00000         0.000000     0.000000     0.000000
  2.40000
 FeI2                            0.000000    0.000000
   4  3           0.00000    0.00000    0.00000    0.00000    0.00000    0.00000
       0.00000    0.00000    0.00000    2.00000    0.00000    0.00000    0.00000
       0.00000    0.00000    1.00000    0.00000    0.00000    0.00000    0.00000
       0.00000    0.00000
  650.000000     -100247.256      353.600196     -82.9840000     -.119830000E-02
 0.200333333E-08 -125.000000
 1     0.000000000   0.00
  867.000000     -108852.866      456.842560     -97.0000100         0.000000000
     0.000000000     0.000000000
 1     0.000000000   0.00
  2000.00000     -115788.857      518.962794     -105.000000         0.000000000
     0.000000000     0.000000000
 1     0.000000000   0.00
  1.00000      2.00000         0.000000     0.000000     0.000000
  2.40000
 PrI3                            0.000000    0.000000
   4  2           0.00000    0.00000    0.00000    0.00000    1.00000    0.00000
       0.00000    0.00000    0.00000    3.00000    0.00000    0.00000    0.00000
       0.00000    0.00000    0.00000    0.00000    0.00000    0.00000    0.00000
       0.00000    0.00000
  1011.00000     -640336.536      342.833530     -89.7490000     -.188704500E-01
 -.198333333E-09  60.0000000
 1     0.000000000   0.00
  3000.00000     -687016.885      821.379595     -155.000000         0.000000000
     0.000000000     0.000000000
 1     0.000000000   0.00
  1.00000      3.00000         0.000000     0.000000     0.000000
  2.40000
 CrI2                            0.000000    0.000000
   4  2           0.00000    0.00000    0.00000    0.00000    0.00000    0.00000
       0.00000    0.00000    0.00000    2.00000    0.00000    0.00000    0.00000
       0.00000    0.00000    0.00000    1.00000    0.00000    0.00000    0.00000
       0.00000    0.00000
  1140.00000     -136831.530      354.142758     -82.5781200     -.238198300E-02
 0.119933750E-08 -121.527400
 1     0.000000000   0.00
  4000.00000     -153600.615      488.767328     -100.000000         0.000000000
     0.000000000     0.000000000
 1     0.000000000   0.00
  1.00000      2.00000         0.000000     0.000000     0.000000
  2.40000
 YI3                             0.000000    0.000000
   4  1           0.00000    0.00000    0.00000    0.00000    0.00000    0.00000
       0.00000    0.00000    0.00000    3.00000    0.00000    1.00000    0.00000
       0.00000    0.00000    0.00000    0.00000    0.00000    0.00000    0.00000
       0.00000    0.00000
  6000.00000      10000.0000         0.000000000     0.000000000     0.000000000
     0.000000000     0.000000000
 1     0.000000000   0.00
  1.00000      3.00000         0.000000     0.000000     0.000000
  2.40000
  27   2
 Li[1+]                   Be[CN=IV]                U[Dimer]
 Th[4+]                   U[3+]                    Na[1+]
 Pu[3+]                   Rb[1+]                   La[3+]
 Cs[1+]                   K[1+]                    Ce[3+]
 Nd[3+]                   Be[Dimer]                Ni[2+]
 Sr[2+]                   U[CN=VI]                 U[CN=VII]
 Ba[2+]                   Zr[Dimer]                Zr[CN=VI]
 Zr[CN=VII]               Cr[3+]                   Fe[2+]
 Pr[3+]                   Cr[2+]                   Y[3+]
 F                        I
  1.00000      2.00000      8.00000      4.00000      3.00000      1.00000
  3.00000      1.00000      3.00000      1.00000      1.00000      3.00000
  3.00000      4.00000      2.00000      2.00000      4.00000      4.00000
  2.00000      8.00000      4.00000      4.00000      3.00000      2.00000
  3.00000      2.00000      3.00000
   1   2   3   3   4   1   4   1   4   1   1   4   4   2   5   2   3   3   2   3
   3   3   4   5   4   5   4
  1.00000      1.00000
   1   1
   1   2   3   4   5   6   7   8   9  10  11  12  13  14  15  18  11   1   6  16
  19  10  16  19  15   4   7  12  13   9   2  17  17   8  20  21  22  23  24  25
   3  18   5  14  20  21  22  26  27  23  24  25  26  27
   1   1   1   1   1   1   1   1   1   1   1   1   1   1   1   1   2   2   2   1
   1   2   2   2   2   2   2   2   2   2   2   2   1   2   1   1   1   1   1   1
   2   2   2   2   2   2   2   1   1   2   2   2   2   2
   1   1  28  28  6.00000000      6.00000000      6.00000000      6.00000000
   2   2  28  28  4.80000000      4.80000000      2.40000000      2.40000000
   3   3  28  28  6.00000000      6.00000000     0.750000000     0.750000000
   4   4  28  28  6.00000000      6.00000000      1.50000000      1.50000000
   5   5  28  28  6.00000000      6.00000000      2.00000000      2.00000000
   6   6  28  28  6.00000000      6.00000000      6.00000000      6.00000000
   7   7  28  28  6.00000000      6.00000000      2.00000000      2.00000000
   8   8  28  28  6.00000000      6.00000000      6.00000000      6.00000000
   9   9  28  28  6.00000000      6.00000000      2.00000000      2.00000000
  10  10  28  28  6.00000000      6.00000000      6.00000000      6.00000000
  11  11  28  28  6.00000000      6.00000000      6.00000000      6.00000000
  12  12  28  28  6.00000000      6.00000000      2.00000000      2.00000000
  13  13  28  28  6.00000000      6.00000000      2.00000000      2.00000000
  14  14  28  28  6.00000000      6.00000000      1.50000000      1.50000000
  15  15  28  28  6.00000000      6.00000000      3.00000000      3.00000000
  18  18  28  28  6.00000000      6.00000000      1.50000000      1.50000000
  11  11  29  29  6.00000000      6.00000000      6.00000000      6.00000000
   1   1  29  29  6.00000000      6.00000000      6.00000000      6.00000000
   6   6  29  29  6.00000000      6.00000000      6.00000000      6.00000000
  16  16  28  28  6.00000000      6.00000000      3.00000000      3.00000000
  19  19  28  28  6.00000000      6.00000000      3.00000000      3.00000000
  10  10  29  29  6.00000000      6.00000000      6.00000000      6.00000000
  16  16  29  29  6.00000000      6.00000000      3.00000000      3.00000000
  19  19  29  29  6.00000000      6.00000000      3.00000000      3.00000000
  15  15  29  29  6.00000000      6.00000000      3.00000000      3.00000000
   4   4  29  29  6.00000000      6.00000000      1.50000000      1.50000000
   7   7  29  29  6.00000000      6.00000000      2.00000000      2.00000000
  12  12  29  29  6.00000000      6.00000000      2.00000000      2.00000000
  13  13  29  29  6.00000000      6.00000000      2.00000000      2.00000000
   9   9  29  29  6.00000000      6.00000000      2.00000000      2.00000000
   2   2  29  29  4.80000000      4.80000000      2.40000000      2.40000000
  17  17  29  29  6.00000000      6.00000000      1.50000000      1.50000000
  17  17  28  28  6.00000000      6.00000000      1.50000000      1.50000000
   8   8  29  29  6.00000000      6.00000000      6.00000000      6.00000000
  20  20  28  28  6.00000000      6.00000000     0.750000000     0.750000000
  21  21  28  28  6.00000000      6.00000000      1.50000000      1.50000000
  22  22  28  28  6.00000000      6.00000000      1.50000000      1.50000000
  23  23  28  28  6.00000000      6.00000000      2.00000000      2.00000000
  24  24  28  28  6.00000000      6.00000000      3.00000000      3.00000000
  25  25  28  28  6.00000000      6.00000000      2.00000000      2.00000000
   3   3  29  29  6.00000000      6.00000000     0.750000000     0.750000000
  18  18  29  29  6.00000000      6.00000000      1.50000000      1.50000000
   5   5  29  29  6.00000000      6.00000000      2.00000000      2.00000000
  14  14  29  29  6.00000000      6.00000000      1.50000000      1.50000000
  20  20  29  29  6.00000000      6.00000000     0.750000000     0.750000000
  21  21  29  29  6.00000000      6.00000000      1.50000000      1.50000000
  22  22  29  29  6.00000000      6.00000000      1.50000000      1.50000000
  26  26  28  28  6.00000000      6.00000000      3.00000000      3.00000000
  27  27  28  28  6.00000000      6.00000000      2.00000000      2.00000000
  23  23  29  29  6.00000000      6.00000000      2.00000000      2.00000000
  24  24  29  29  6.00000000      6.00000000      3.00000000      3.00000000
  25  25  29  29  6.00000000      6.00000000      2.00000000      2.00000000
  26  26  29  29  6.00000000      6.00000000      3.00000000      3.00000000
  27  27  29  29  6.00000000      6.00000000      2.00000000      2.00000000
   1   2  28  28  3.00000000      6.00000000      3.00000000      3.00000000
   1   3  28  28  3.50000000      6.00000000      1.23529412      1.23529412
   1   4  28  28  2.00000000      6.00000000      1.71428571      1.71428571
   2   4  28  28  1.00000000      6.00000000     0.750000000     0.750000000
   3   4  28  28  6.00000000      6.00000000      1.50000000      1.50000000
   1   5  28  28  2.00000000      6.00000000      2.00000000      2.00000000
   4   6  28  28  6.00000000      2.00000000      1.71428571      1.71428571
   3   6  28  28  6.00000000      3.00000000      1.20000000      1.20000000
   5   6  28  28  6.00000000      2.00000000      2.00000000      2.00000000
   2   6  28  28  6.00000000      3.00000000      3.00000000      3.00000000
   1   7  28  28  2.00000000      6.00000000      2.00000000      2.00000000
   6   7  28  28  2.00000000      6.00000000      2.00000000      2.00000000
   4   7  28  28  3.00000000      6.00000000      1.09090909      1.09090909
   3   7  28  28  6.00000000      6.00000000      1.09090909      1.09090909
   1   8  28  28  6.00000000      6.00000000      6.00000000      6.00000000
   1   9  28  28  2.00000000      6.00000000      2.00000000      2.00000000
   6   8  28  28  6.00000000      6.00000000      6.00000000      6.00000000
   6   9  28  28  2.00000000      6.00000000      2.00000000      2.00000000
   8   9  28  28  2.00000000      6.00000000      2.00000000      2.00000000
   1  10  28  28  3.00000000      6.00000000      4.00000000      4.00000000
   6  10  28  28  6.00000000      6.00000000      6.00000000      6.00000000
   4  10  28  28  6.00000000      3.00000000      2.00000000      2.00000000
   7  11  28  28  6.00000000      3.00000000      2.40000000      2.40000000
   1  12  28  28  2.00000000      6.00000000      2.00000000      2.00000000
   4  12  28  28  3.00000000      6.00000000      1.09090909      1.09090909
   7   8  28  28  6.00000000      2.00000000      2.00000000      2.00000000
   9  11  28  28  6.00000000      3.00000000      2.40000000      2.40000000
   1  13  28  28  3.00000000      6.00000000      2.40000000      2.40000000
   6  12  28  28  3.00000000      6.00000000      2.40000000      2.40000000
   3  11  28  28  6.00000000      4.00000000      1.26315789      1.26315789
   6  14  28  28  2.00000000      6.00000000      1.71428571      1.71428571
   1  15  28  28  3.00000000      6.00000000      3.00000000      3.00000000
   6  15  28  28  2.00000000      6.00000000      2.40000000      2.40000000
  11  15  28  28  3.00000000      6.00000000      3.00000000      3.00000000
   2  11  28  28  6.00000000      3.00000000      3.00000000      3.00000000
  11  14  28  28  2.00000000      6.00000000      1.71428571      1.71428571
   2  14  28  28  4.80000000      6.00000000      1.84615385      1.84615385
   6  13  28  28  3.00000000      6.00000000      2.40000000      2.40000000
   1  14  28  28  2.00000000      6.00000000      1.71428571      1.71428571
   5  10  28  28  6.00000000      2.00000000      2.00000000      2.00000000
  11  18  28  28  3.00000000      6.00000000      2.00000000      2.00000000
   6  18  28  28  2.00000000      6.00000000      1.71428571      1.71428571
  11  19  28  28  3.00000000      6.00000000      3.00000000      3.00000000
   6  19  28  28  3.00000000      6.00000000      3.00000000      3.00000000
   1  18  28  28  2.00000000      6.00000000      1.71428571      1.71428571
   3  10  28  28  6.00000000      3.00000000      1.20000000      1.20000000
  10  17  28  28  4.00000000      6.00000000      2.18181818      2.18181818
  10  18  28  28  2.00000000      6.00000000      1.71428571      1.71428571
  10  11  29  29  6.00000000      6.00000000      6.00000000      6.00000000
   1  10  29  29  4.00000000      6.00000000      4.80000000      4.80000000
  11  11  28  29  6.00000000      6.00000000      6.00000000      6.00000000
   1  11  29  29  6.00000000      6.00000000      6.00000000      6.00000000
   1  16  28  28  6.00000000      6.00000000      4.00000000      4.00000000
   1  20  28  28  4.50000000      6.00000000      1.28561417      1.28561417
   1  21  28  28  4.00000000      6.00000000      2.18181818      2.18181818
   1  22  28  28  2.00000000      6.00000000      1.71428571      1.71428571
   1  23  28  28  2.00000000      6.00000000      2.00000000      2.00000000
   1  24  28  28  3.00000000      6.00000000      3.00000000      3.00000000
   1  25  28  28  2.00000000      6.00000000      2.00000000      2.00000000
  14  20  28  28  4.00000000      6.00000000     0.857142857     0.857142857
  14  22  28  28  4.00000000      6.00000000      1.20000000      1.20000000
  14  21  28  28  6.00000000      4.00000000      1.20000000      1.20000000
   1  17  28  28  3.00000000      6.00000000      2.00000000      2.00000000
   3  14  28  28  6.00000000      6.00000000      1.00000000      1.00000000
   2   3  28  28  2.00000000      6.00000000     0.857142857     0.857142857
   3  20  28  28  6.00000000      3.00000000     0.500000000     0.500000000
   3  22  28  28  4.00000000      6.00000000     0.750000000     0.750000000
  18  20  28  28  6.00000000      4.00000000     0.750000000     0.750000000
  12  14  28  28  6.00000000      6.00000000      1.71428571      1.71428571
   7  14  28  28  6.00000000      6.00000000      1.71428571      1.71428571
   2  10  28  28  6.00000000      3.00000000      3.00000000      3.00000000
  10  14  28  28  3.00000000      6.00000000      2.00000000      2.00000000
   6  17  28  28  3.00000000      6.00000000      2.00000000      2.00000000
   6  24  28  28  3.00000000      6.00000000      3.00000000      3.00000000
  23  26  28  28  6.00000000      3.00000000      1.71428571      1.71428571
   6  23  28  28  4.00000000      6.00000000      2.66666667      2.66666667
  10  22  28  28  2.00000000      6.00000000      1.71428571      1.71428571
  10  21  28  28  4.30000000      6.00000000      2.22413793      2.22413793
  10  20  28  28  4.00000000      6.00000000      1.26315789      1.26315789
   4  14  28  28  6.00000000      6.00000000      1.50000000      1.50000000
   9  20  28  28  6.00000000      6.00000000      1.09090909      1.09090909
   9  21  28  28  4.00000000      6.00000000      1.41187984      1.41187984
   9  22  28  28  6.00000000      6.00000000      1.71428571      1.71428571
  13  14  28  28  6.00000000      6.00000000      1.71428571      1.71428571
  11  23  28  28  6.00000000      6.00000000      3.00000000      3.00000000
   7  10  28  28  6.00000000      2.00000000      2.00000000      2.00000000
   1  27  28  28  2.00000000      6.00000000      2.00000000      2.00000000
  14  14  28  29  6.00000000      6.00000000      1.50000000      1.50000000
   3   5  28  28  6.00000000      3.00000000     0.857142857     0.857142857
   3
 G   1   2  28  28   0   0   0   0
     0.000000000   1.00     0.000000000   2.00     0.000000000   3.00
     0.000000000   0.00     0.000000000   0.00     0.000000000   0.00
   0   0 -39995.0000      29.0900000     -4.00000000         0.000000000
     0.000000000     0.000000000
   3
 G   1   2  28  28   1   0   0   0
     0.000000000   1.00     0.000000000   2.00     0.000000000   3.00
     0.000000000   0.00     0.000000000   0.00     0.000000000   0.00
   0   0  545.000000         0.000000000     0.000000000     0.000000000
     0.000000000     0.000000000
   3
 G   1   3  28  28   0   0   0   0
     0.000000000   1.00     0.000000000   2.00     0.000000000   3.00
     0.000000000   0.00     0.000000000   0.00     0.000000000   0.00
   0   0 -18050.0000         0.000000000     0.000000000     0.000000000
     0.000000000     0.000000000
   3
 G   2   3  28  28   0   0   0   0
     0.000000000   1.00     0.000000000   2.00     0.000000000   3.00
     0.000000000   0.00     0.000000000   0.00     0.000000000   0.00
   0   0 -64000.0000         0.000000000     0.000000000     0.000000000
     0.000000000     0.000000000
   3
 G   1   2  28  28   0   0   1   0
     0.000000000   1.00     0.000000000   2.00     0.000000000   3.00
     0.000000000   0.00     0.000000000   0.00     0.000000000   0.00
   3   0  2093.00000         0.000000000     0.000000000     0.000000000
     0.000000000     0.000000000
   3
 G   1   4  28  28   0   0   0   0
     0.000000000   1.00     0.000000000   2.00     0.000000000   3.00
     0.000000000   0.00     0.000000000   0.00     0.000000000   0.00
   0   0 -15583.0000      3.70000000         0.000000000     0.000000000
     0.000000000     0.000000000
   3
 G   1   4  28  28   2   0   0   0
     0.000000000   1.00     0.000000000   2.00     0.000000000   3.00
     0.000000000   0.00     0.000000000   0.00     0.000000000   0.00
   0   0     0.000000000 -3.00000000         0.000000000     0.000000000
     0.000000000     0.000000000
   3
 G   1   4  28  28   0   1   0   0
     0.000000000   1.00     0.000000000   2.00     0.000000000   3.00
     0.000000000   0.00     0.000000000   0.00     0.000000000   0.00
   0   0 -2250.00000         0.000000000     0.000000000     0.000000000
     0.000000000     0.000000000
   3
 G   2   4  28  28   0   0   0   0
     0.000000000   1.00     0.000000000   2.00     0.000000000   3.00
     0.000000000   0.00     0.000000000   0.00     0.000000000   0.00
   0   0 -138500.000         0.000000000     0.000000000     0.000000000
     0.000000000     0.000000000
   3
 G   1   5  28  28   0   0   0   0
     0.000000000   1.00     0.000000000   2.00     0.000000000   3.00
     0.000000000   0.00     0.000000000   0.00     0.000000000   0.00
   0   0 -2950.00000      4.60000000         0.000000000     0.000000000
     0.000000000     0.000000000
   3
 G   1   5  28  28   0   1   0   0
     0.000000000   1.00     0.000000000   2.00     0.000000000   3.00
     0.000000000   0.00     0.000000000   0.00     0.000000000   0.00
   0   0 -6700.00000      7.20000000         0.000000000     0.000000000
     0.000000000     0.000000000
   3
 G   5   6  28  28   0   0   0   0
     0.000000000   1.00     0.000000000   2.00     0.000000000   3.00
     0.000000000   0.00     0.000000000   0.00     0.000000000   0.00
   0   0 -13500.0000      3.00000000         0.000000000     0.000000000
     0.000000000     0.000000000
   3
 G   5   6  28  28   1   0   0   0
     0.000000000   1.00     0.000000000   2.00     0.000000000   3.00
     0.000000000   0.00     0.000000000   0.00     0.000000000   0.00
   0   0 -6500.00000      9.00000000         0.000000000     0.000000000
     0.000000000     0.000000000
   3
 G   4   6  28  28   0   0   0   0
     0.000000000   1.00     0.000000000   2.00     0.000000000   3.00
     0.000000000   0.00     0.000000000   0.00     0.000000000   0.00
   0   0 -28274.0000         0.000000000     0.000000000     0.000000000
     0.000000000     0.000000000
   3
 G   4   6  28  28   0   2   0   0
     0.000000000   1.00     0.000000000   2.00     0.000000000   3.00
     0.000000000   0.00     0.000000000   0.00     0.000000000   0.00
   0   0     0.000000000 -3.00000000         0.000000000     0.000000000
     0.000000000     0.000000000
   3
 G   4   6  28  28   1   0   0   0
     0.000000000   1.00     0.000000000   2.00     0.000000000   3.00
     0.000000000   0.00     0.000000000   0.00     0.000000000   0.00
   0   0 -10200.0000         0.000000000     0.000000000     0.000000000
     0.000000000     0.000000000
   3
 G   3   6  28  28   0   0   0   0
     0.000000000   1.00     0.000000000   2.00     0.000000000   3.00
     0.000000000   0.00     0.000000000   0.00     0.000000000   0.00
   0   0 -35700.0000         0.000000000     0.000000000     0.000000000
     0.000000000     0.000000000
   3
 G   2   6  28  28   0   0   1   0
     0.000000000   1.00     0.000000000   2.00     0.000000000   3.00
     0.000000000   0.00     0.000000000   0.00     0.000000000   0.00
   3   0 -2093.00000         0.000000000     0.000000000     0.000000000
     0.000000000     0.000000000
   3
 G   2   3  28  28   0   0   1   0
     0.000000000   1.00     0.000000000   2.00     0.000000000   3.00
     0.000000000   0.00     0.000000000   0.00     0.000000000   0.00
   6   0 -18836.0000         0.000000000     0.000000000     0.000000000
     0.000000000     0.000000000
   3
 G   1   6  28  28   0   0   1   0
     0.000000000   1.00     0.000000000   2.00     0.000000000   3.00
     0.000000000   0.00     0.000000000   0.00     0.000000000   0.00
   3   0  12550.0000         0.000000000     0.000000000     0.000000000
     0.000000000     0.000000000
   3
 G   1   3  28  28   0   0   1   0
     0.000000000   1.00     0.000000000   2.00     0.000000000   3.00
     0.000000000   0.00     0.000000000   0.00     0.000000000   0.00
   6   0  4200.00000         0.000000000     0.000000000     0.000000000
     0.000000000     0.000000000
   3
 G   3   6  28  28   0   0   1   0
     0.000000000   1.00     0.000000000   2.00     0.000000000   3.00
     0.000000000   0.00     0.000000000   0.00     0.000000000   0.00
   1   0  2100.00000         0.000000000     0.000000000     0.000000000
     0.000000000     0.000000000
   3
 G   3   4  28  28   0   0   1   0
     0.000000000   1.00     0.000000000   2.00     0.000000000   3.00
     0.000000000   0.00     0.000000000   0.00     0.000000000   0.00
   6   0  3770.00000         0.000000000     0.000000000     0.000000000
     0.000000000     0.000000000
   3
 G   3   7  28  28   0   0   0   0
     0.000000000   1.00     0.000000000   2.00     0.000000000   3.00
     0.000000000   0.00     0.000000000   0.00     0.000000000   0.00
   0   0 -10000.0000         0.000000000     0.000000000     0.000000000
     0.000000000     0.000000000
   3
 G   3   7  28  28   0   1   0   0
     0.000000000   1.00     0.000000000   2.00     0.000000000   3.00
     0.000000000   0.00     0.000000000   0.00     0.000000000   0.00
   0   0 -800.000000         0.000000000     0.000000000     0.000000000
     0.000000000     0.000000000
   3
 G   1   7  28  28   0   0   0   0
     0.000000000   1.00     0.000000000   2.00     0.000000000   3.00
     0.000000000   0.00     0.000000000   0.00     0.000000000   0.00
   0   0 -4950.00000      1.60000000         0.000000000     0.000000000
     0.000000000     0.000000000
   3
 G   1   7  28  28   0   1   0   0
     0.000000000   1.00     0.000000000   2.00     0.000000000   3.00
     0.000000000   0.00     0.000000000   0.00     0.000000000   0.00
   0   0 -6700.00000      3.00000000         0.000000000     0.000000000
     0.000000000     0.000000000
   3
 G   1   4  28  28   0   0   1   0
     0.000000000   1.00     0.000000000   2.00     0.000000000   3.00
     0.000000000   0.00     0.000000000   0.00     0.000000000   0.00
   7   0 -7953.00000         0.000000000     0.000000000     0.000000000
     0.000000000     0.000000000
   3
 G   1   3  28  28   0   0   1   0
     0.000000000   1.00     0.000000000   2.00     0.000000000   3.00
     0.000000000   0.00     0.000000000   0.00     0.000000000   0.00
   7   0 -6698.00000         0.000000000     0.000000000     0.000000000
     0.000000000     0.000000000
   3
 G   4   7  28  28   0   0   1   0
     0.000000000   1.00     0.000000000   2.00     0.000000000   3.00
     0.000000000   0.00     0.000000000   0.00     0.000000000   0.00
   1   0  20930.0000         0.000000000     0.000000000     0.000000000
     0.000000000     0.000000000
   3
 G   3   7  28  28   0   0   1   0
     0.000000000   1.00     0.000000000   2.00     0.000000000   3.00
     0.000000000   0.00     0.000000000   0.00     0.000000000   0.00
   1   0  16744.0000         0.000000000     0.000000000     0.000000000
     0.000000000     0.000000000
   3
 G   6   7  28  28   0   0   0   0
     0.000000000   1.00     0.000000000   2.00     0.000000000   3.00
     0.000000000   0.00     0.000000000   0.00     0.000000000   0.00
   0   0 -16000.0000      3.50000000         0.000000000     0.000000000
     0.000000000     0.000000000
   3
 G   6   7  28  28   1   0   0   0
     0.000000000   1.00     0.000000000   2.00     0.000000000   3.00
     0.000000000   0.00     0.000000000   0.00     0.000000000   0.00
   0   0     0.000000000 -1.80000000         0.000000000     0.000000000
     0.000000000     0.000000000
   3
 G   6   7  28  28   0   1   0   0
     0.000000000   1.00     0.000000000   2.00     0.000000000   3.00
     0.000000000   0.00     0.000000000   0.00     0.000000000   0.00
   0   0 -6500.00000         0.000000000     0.000000000     0.000000000
     0.000000000     0.000000000
   3
 G   1   2  28  28   0   0   1   0
     0.000000000   1.00     0.000000000   2.00     0.000000000   3.00
     0.000000000   0.00     0.000000000   0.00     0.000000000   0.00
   7   0  2092.00000         0.000000000     0.000000000     0.000000000
     0.000000000     0.000000000
   3
 G   2   6  28  28   0   0   1   0
     0.000000000   1.00     0.000000000   2.00     0.000000000   3.00
     0.000000000   0.00     0.000000000   0.00     0.000000000   0.00
   7   0 -5858.00000         0.000000000     0.000000000     0.000000000
     0.000000000     0.000000000
   3
 G   1   8  28  28   0   0   0   0
     0.000000000   1.00     0.000000000   2.00     0.000000000   3.00
     0.000000000   0.00     0.000000000   0.00     0.000000000   0.00
   0   0 -4217.10000         0.000000000     0.000000000     0.000000000
     0.000000000     0.000000000
   3
 G   1   8  28  28   0   1   0   0
     0.000000000   1.00     0.000000000   2.00     0.000000000   3.00
     0.000000000   0.00     0.000000000   0.00     0.000000000   0.00
   0   0 -1442.58000         0.000000000     0.000000000     0.000000000
     0.000000000     0.000000000
   3
 G   1   8  28  28   1   0   0   0
     0.000000000   1.00     0.000000000   2.00     0.000000000   3.00
     0.000000000   0.00     0.000000000   0.00     0.000000000   0.00
   0   0 -452.220000         0.000000000     0.000000000     0.000000000
     0.000000000     0.000000000
   3
 G   1   9  28  28   0   0   0   0
     0.000000000   1.00     0.000000000   2.00     0.000000000   3.00
     0.000000000   0.00     0.000000000   0.00     0.000000000   0.00
   0   0 -3711.58000     -.620000000         0.000000000     0.000000000
     0.000000000     0.000000000
   3
 G   1   9  28  28   0   1   0   0
     0.000000000   1.00     0.000000000   2.00     0.000000000   3.00
     0.000000000   0.00     0.000000000   0.00     0.000000000   0.00
   0   0 -7871.99000         0.000000000     0.000000000     0.000000000
     0.000000000     0.000000000
   3
 G   6   8  28  28   0   0   0   0
     0.000000000   1.00     0.000000000   2.00     0.000000000   3.00
     0.000000000   0.00     0.000000000   0.00     0.000000000   0.00
   0   0  301.860000         0.000000000     0.000000000     0.000000000
     0.000000000     0.000000000
   3
 G   6   8  28  28   0   1   0   0
     0.000000000   1.00     0.000000000   2.00     0.000000000   3.00
     0.000000000   0.00     0.000000000   0.00     0.000000000   0.00
   0   0 -323.560000         0.000000000     0.000000000     0.000000000
     0.000000000     0.000000000
   3
 G   6   8  28  28   1   0   0   0
     0.000000000   1.00     0.000000000   2.00     0.000000000   3.00
     0.000000000   0.00     0.000000000   0.00     0.000000000   0.00
   0   0  367.330000         0.000000000     0.000000000     0.000000000
     0.000000000     0.000000000
   3
 G   6   9  28  28   0   0   0   0
     0.000000000   1.00     0.000000000   2.00     0.000000000   3.00
     0.000000000   0.00     0.000000000   0.00     0.000000000   0.00
   0   0 -13374.9100     -.541000000         0.000000000     0.000000000
     0.000000000     0.000000000
   3
 G   6   9  28  28   0   1   0   0
     0.000000000   1.00     0.000000000   2.00     0.000000000   3.00
     0.000000000   0.00     0.000000000   0.00     0.000000000   0.00
   0   0 -14439.7000         0.000000000     0.000000000     0.000000000
     0.000000000     0.000000000
   3
 G   6   9  28  28   1   0   0   0
     0.000000000   1.00     0.000000000   2.00     0.000000000   3.00
     0.000000000   0.00     0.000000000   0.00     0.000000000   0.00
   0   0 -579.590000         0.000000000     0.000000000     0.000000000
     0.000000000     0.000000000
   3
 G   8   9  28  28   0   0   0   0
     0.000000000   1.00     0.000000000   2.00     0.000000000   3.00
     0.000000000   0.00     0.000000000   0.00     0.000000000   0.00
   0   0 -31587.2700      9.48000000         0.000000000     0.000000000
     0.000000000     0.000000000
   3
 G   8   9  28  28   1   0   0   0
     0.000000000   1.00     0.000000000   2.00     0.000000000   3.00
     0.000000000   0.00     0.000000000   0.00     0.000000000   0.00
   0   0  10973.9500     -7.86680000         0.000000000     0.000000000
     0.000000000     0.000000000
   3
 G   8   9  28  28   0   1   0   0
     0.000000000   1.00     0.000000000   2.00     0.000000000   3.00
     0.000000000   0.00     0.000000000   0.00     0.000000000   0.00
   0   0  33334.0000     -45.2400000         0.000000000     0.000000000
     0.000000000     0.000000000
   3
 G   1   6  28  28   0   0   1   0
     0.000000000   1.00     0.000000000   2.00     0.000000000   3.00
     0.000000000   0.00     0.000000000   0.00     0.000000000   0.00
   9   0 -9565.50000         0.000000000     0.000000000     0.000000000
     0.000000000     0.000000000
   3
 G   1   6  28  28   0   0   1   0
     0.000000000   1.00     0.000000000   2.00     0.000000000   3.00
     0.000000000   0.00     0.000000000   0.00     0.000000000   0.00
   8   0 -6125.50000         0.000000000     0.000000000     0.000000000
     0.000000000     0.000000000
   3
 G   1   6  28  28   0   0   1   0
     0.000000000   1.00     0.000000000   2.00     0.000000000   3.00
     0.000000000   0.00     0.000000000   0.00     0.000000000   0.00
   7   0 -9565.50000         0.000000000     0.000000000     0.000000000
     0.000000000     0.000000000
   3
 G   7   8  28  28   0   0   0   0
     0.000000000   1.00     0.000000000   2.00     0.000000000   3.00
     0.000000000   0.00     0.000000000   0.00     0.000000000   0.00
   0   0 -31587.2700      9.48000000         0.000000000     0.000000000
     0.000000000     0.000000000
   3
 G   7   8  28  28   0   1   0   0
     0.000000000   1.00     0.000000000   2.00     0.000000000   3.00
     0.000000000   0.00     0.000000000   0.00     0.000000000   0.00
   0   0  7373.95000     -7.86680000         0.000000000     0.000000000
     0.000000000     0.000000000
   3
 G   7   8  28  28   1   0   0   0
     0.000000000   1.00     0.000000000   2.00     0.000000000   3.00
     0.000000000   0.00     0.000000000   0.00     0.000000000   0.00
   0   0  33334.0000     -45.2400000         0.000000000     0.000000000
     0.000000000     0.000000000
   3
 G   1  11  28  28   0   0   0   0
     0.000000000   1.00     0.000000000   2.00     0.000000000   3.00
     0.000000000   0.00     0.000000000   0.00     0.000000000   0.00
   0   0 -12197.3000      45.0800000     -5.33700000         0.000000000
     0.000000000     0.000000000
   3
 G   1  11  28  28   1   0   0   0
     0.000000000   1.00     0.000000000   2.00     0.000000000   3.00
     0.000000000   0.00     0.000000000   0.00     0.000000000   0.00
   0   0 -366.700000         0.000000000     0.000000000     0.000000000
     0.000000000     0.000000000
   3
 G   6  11  28  28   0   0   0   0
     0.000000000   1.00     0.000000000   2.00     0.000000000   3.00
     0.000000000   0.00     0.000000000   0.00     0.000000000   0.00
   0   0 -137.099000      1.16670000         0.000000000     0.000000000
     0.000000000     0.000000000
   3
 G   6  11  28  28   1   0   0   0
     0.000000000   1.00     0.000000000   2.00     0.000000000   3.00
     0.000000000   0.00     0.000000000   0.00     0.000000000   0.00
   0   0  52.7366000     -.807900000         0.000000000     0.000000000
     0.000000000     0.000000000
   3
 G   8  11  28  28   0   0   0   0
     0.000000000   1.00     0.000000000   2.00     0.000000000   3.00
     0.000000000   0.00     0.000000000   0.00     0.000000000   0.00
   0   0 -800.000000         0.000000000     0.000000000     0.000000000
     0.000000000     0.000000000
   3
 G   9  11  28  28   0   0   0   0
     0.000000000   1.00     0.000000000   2.00     0.000000000   3.00
     0.000000000   0.00     0.000000000   0.00     0.000000000   0.00
   0   0 -14853.2000         0.000000000     0.000000000     0.000000000
     0.000000000     0.000000000
   3
 G   9  11  28  28   0   1   0   0
     0.000000000   1.00     0.000000000   2.00     0.000000000   3.00
     0.000000000   0.00     0.000000000   0.00     0.000000000   0.00
   0   0     0.000000000 -4.18400000         0.000000000     0.000000000
     0.000000000     0.000000000
   3
 G   9  11  28  28   1   0   0   0
     0.000000000   1.00     0.000000000   2.00     0.000000000   3.00
     0.000000000   0.00     0.000000000   0.00     0.000000000   0.00
   0   0 -7112.80000     -4.18400000         0.000000000     0.000000000
     0.000000000     0.000000000
   3
 G   1   6  28  28   1   0   1   0
     0.000000000   1.00     0.000000000   2.00     0.000000000   3.00
     0.000000000   0.00     0.000000000   0.00     0.000000000   0.00
  11   0 -8400.00000         0.000000000     0.000000000     0.000000000
     0.000000000     0.000000000
   3
 G   1  11  28  28   0   0   1   0
     0.000000000   1.00     0.000000000   2.00     0.000000000   3.00
     0.000000000   0.00     0.000000000   0.00     0.000000000   0.00
   8   0 -4125.50000         0.000000000     0.000000000     0.000000000
     0.000000000     0.000000000
   3
 G   7  11  28  28   0   0   0   0
     0.000000000   1.00     0.000000000   2.00     0.000000000   3.00
     0.000000000   0.00     0.000000000   0.00     0.000000000   0.00
   0   0 -14853.2000         0.000000000     0.000000000     0.000000000
     0.000000000     0.000000000
   3
 G   7  11  28  28   0   1   0   0
     0.000000000   1.00     0.000000000   2.00     0.000000000   3.00
     0.000000000   0.00     0.000000000   0.00     0.000000000   0.00
   0   0     0.000000000 -4.18400000         0.000000000     0.000000000
     0.000000000     0.000000000
   3
 G   7  11  28  28   1   0   0   0
     0.000000000   1.00     0.000000000   2.00     0.000000000   3.00
     0.000000000   0.00     0.000000000   0.00     0.000000000   0.00
   0   0 -7112.80000     -4.18400000         0.000000000     0.000000000
     0.000000000     0.000000000
   3
 G   4  12  28  28   0   0   0   0
     0.000000000   1.00     0.000000000   2.00     0.000000000   3.00
     0.000000000   0.00     0.000000000   0.00     0.000000000   0.00
   0   0  335.000000     -6.28000000         0.000000000     0.000000000
     0.000000000     0.000000000
   3
 G   4  12  28  28   0   1   0   0
     0.000000000   1.00     0.000000000   2.00     0.000000000   3.00
     0.000000000   0.00     0.000000000   0.00     0.000000000   0.00
   0   0  2092.00000         0.000000000     0.000000000     0.000000000
     0.000000000     0.000000000
   3
 G   1   4  28  28   0   0   1   0
     0.000000000   1.00     0.000000000   2.00     0.000000000   3.00
     0.000000000   0.00     0.000000000   0.00     0.000000000   0.00
  12   0 -9623.00000         0.000000000     0.000000000     0.000000000
     0.000000000     0.000000000
   3
 G   4  12  28  28   0   0   1   0
     0.000000000   1.00     0.000000000   2.00     0.000000000   3.00
     0.000000000   0.00     0.000000000   0.00     0.000000000   0.00
   1   0  17573.0000         0.000000000     0.000000000     0.000000000
     0.000000000     0.000000000
   3
 Q   4   7  28  28   0   0   0   0
     0.000000000   1.00     0.000000000   2.00     0.000000000   3.00
     0.000000000   0.00     0.000000000   0.00     0.000000000   0.00
   0   0  335.000000     -6.28000000         0.000000000     0.000000000
     0.000000000     0.000000000
   3
 Q   4   7  28  28   0   1   0   0
     0.000000000   1.00     0.000000000   2.00     0.000000000   3.00
     0.000000000   0.00     0.000000000   0.00     0.000000000   0.00
   0   0  2093.00000         0.000000000     0.000000000     0.000000000
     0.000000000     0.000000000
   3
 G   3   5  28  28   0   0   0   0
     0.000000000   1.00     0.000000000   2.00     0.000000000   3.00
     0.000000000   0.00     0.000000000   0.00     0.000000000   0.00
   0   0 -2700.00000         0.000000000     0.000000000     0.000000000
     0.000000000     0.000000000
   3
 G   3   5  28  28   0   1   0   0
     0.000000000   1.00     0.000000000   2.00     0.000000000   3.00
     0.000000000   0.00     0.000000000   0.00     0.000000000   0.00
   0   0 -5500.00000         0.000000000     0.000000000     0.000000000
     0.000000000     0.000000000
   3
 G   4  10  28  28   0   0   0   0
     0.000000000   1.00     0.000000000   2.00     0.000000000   3.00
     0.000000000   0.00     0.000000000   0.00     0.000000000   0.00
   0   0 -39329.6000         0.000000000     0.000000000     0.000000000
     0.000000000     0.000000000
   3
 G   4  10  28  28   1   0   0   0
     0.000000000   1.00     0.000000000   2.00     0.000000000   3.00
     0.000000000   0.00     0.000000000   0.00     0.000000000   0.00
   0   0  2928.80000         0.000000000     0.000000000     0.000000000
     0.000000000     0.000000000
   3
 G   4  10  28  28   0   1   0   0
     0.000000000   1.00     0.000000000   2.00     0.000000000   3.00
     0.000000000   0.00     0.000000000   0.00     0.000000000   0.00
   0   0 -10234.0000         0.000000000     0.000000000     0.000000000
     0.000000000     0.000000000
   3
 G   1  13  28  28   0   0   0   0
     0.000000000   1.00     0.000000000   2.00     0.000000000   3.00
     0.000000000   0.00     0.000000000   0.00     0.000000000   0.00
   0   0 -5000.00000         0.000000000     0.000000000     0.000000000
     0.000000000     0.000000000
   3
 G   1  13  28  28   0   1   0   0
     0.000000000   1.00     0.000000000   2.00     0.000000000   3.00
     0.000000000   0.00     0.000000000   0.00     0.000000000   0.00
   0   0 -6700.00000      4.50000000         0.000000000     0.000000000
     0.000000000     0.000000000
   3
 G   1  12  28  28   0   0   0   0
     0.000000000   1.00     0.000000000   2.00     0.000000000   3.00
     0.000000000   0.00     0.000000000   0.00     0.000000000   0.00
   0   0 -182.256000     -4.75114000         0.000000000     0.000000000
     0.000000000     0.000000000
   3
 G   1  12  28  28   0   1   0   0
     0.000000000   1.00     0.000000000   2.00     0.000000000   3.00
     0.000000000   0.00     0.000000000   0.00     0.000000000   0.00
   0   0 -378.907000         0.000000000     0.000000000     0.000000000
     0.000000000     0.000000000
   3
 G   1  12  28  28   1   0   0   0
     0.000000000   1.00     0.000000000   2.00     0.000000000   3.00
     0.000000000   0.00     0.000000000   0.00     0.000000000   0.00
   0   0  316.670000         0.000000000     0.000000000     0.000000000
     0.000000000     0.000000000
   3
 G   1   6  28  28   0   0   0   0
     0.000000000   1.00     0.000000000   2.00     0.000000000   3.00
     0.000000000   0.00     0.000000000   0.00     0.000000000   0.00
   0   0 -6010.30000      22.2700000     -2.60900000         0.000000000
     0.000000000     0.000000000
   3
 G   1   6  28  28   0   1   0   0
     0.000000000   1.00     0.000000000   2.00     0.000000000   3.00
     0.000000000   0.00     0.000000000   0.00     0.000000000   0.00
   0   0  141.900000         0.000000000     0.000000000     0.000000000
     0.000000000     0.000000000
   3
 G   6  12  28  28   0   0   0   0
     0.000000000   1.00     0.000000000   2.00     0.000000000   3.00
     0.000000000   0.00     0.000000000   0.00     0.000000000   0.00
   0   0 -12087.0000     -5.00000000         0.000000000     0.000000000
     0.000000000     0.000000000
   3
 G   6  12  28  28   1   0   0   0
     0.000000000   1.00     0.000000000   2.00     0.000000000   3.00
     0.000000000   0.00     0.000000000   0.00     0.000000000   0.00
   0   0  3895.00000         0.000000000     0.000000000     0.000000000
     0.000000000     0.000000000
   3
 G   6  12  28  28   2   0   0   0
     0.000000000   1.00     0.000000000   2.00     0.000000000   3.00
     0.000000000   0.00     0.000000000   0.00     0.000000000   0.00
   0   0 -3400.00000         0.000000000     0.000000000     0.000000000
     0.000000000     0.000000000
   3
 G   6  12  28  28   0   0   1   0
     0.000000000   1.00     0.000000000   2.00     0.000000000   3.00
     0.000000000   0.00     0.000000000   0.00     0.000000000   0.00
   1   0 -1536.98000         0.000000000     0.000000000     0.000000000
     0.000000000     0.000000000
   3
 G   1  12  28  28   0   0   1   0
     0.000000000   1.00     0.000000000   2.00     0.000000000   3.00
     0.000000000   0.00     0.000000000   0.00     0.000000000   0.00
   6   0  690.160000         0.000000000     0.000000000     0.000000000
     0.000000000     0.000000000
   3
 G   1   6  28  28   0   0   1   0
     0.000000000   1.00     0.000000000   2.00     0.000000000   3.00
     0.000000000   0.00     0.000000000   0.00     0.000000000   0.00
  12   0  436.230000         0.000000000     0.000000000     0.000000000
     0.000000000     0.000000000
   3
 G   6  12  28  28   1   0   1   0
     0.000000000   1.00     0.000000000   2.00     0.000000000   3.00
     0.000000000   0.00     0.000000000   0.00     0.000000000   0.00
   1   0 -348.300000         0.000000000     0.000000000     0.000000000
     0.000000000     0.000000000
   3
 G   1  12  28  28   1   0   1   0
     0.000000000   1.00     0.000000000   2.00     0.000000000   3.00
     0.000000000   0.00     0.000000000   0.00     0.000000000   0.00
   6   0  26.5120000         0.000000000     0.000000000     0.000000000
     0.000000000     0.000000000
   3
 G   1   6  28  28   1   0   1   0
     0.000000000   1.00     0.000000000   2.00     0.000000000   3.00
     0.000000000   0.00     0.000000000   0.00     0.000000000   0.00
  12   0  826.850000         0.000000000     0.000000000     0.000000000
     0.000000000     0.000000000
   3
 G   3  11  28  28   0   0   0   0
     0.000000000   1.00     0.000000000   2.00     0.000000000   3.00
     0.000000000   0.00     0.000000000   0.00     0.000000000   0.00
   0   0 -52800.0000      15.8000000         0.000000000     0.000000000
     0.000000000  6000000.00
   3
 G   3  11  28  28   0   1   0   0
     0.000000000   1.00     0.000000000   2.00     0.000000000   3.00
     0.000000000   0.00     0.000000000   0.00     0.000000000   0.00
   0   0 -36000.0000         0.000000000     0.000000000     0.000000000
     0.000000000     0.000000000
   3
 G   3  11  28  28   1   0   0   0
     0.000000000   1.00     0.000000000   2.00     0.000000000   3.00
     0.000000000   0.00     0.000000000   0.00     0.000000000   0.00
   0   0 -18500.0000      13.0000000         0.000000000     0.000000000
     0.000000000     0.000000000
   3
 G   4   6  28  28   0   1   1   0
     0.000000000   1.00     0.000000000   2.00     0.000000000   3.00
     0.000000000   0.00     0.000000000   0.00     0.000000000   0.00
   1   0 -13000.0000         0.000000000     0.000000000     0.000000000
     0.000000000     0.000000000
   3
 G   1   6  28  28   1   0   1   0
     0.000000000   1.00     0.000000000   2.00     0.000000000   3.00
     0.000000000   0.00     0.000000000   0.00     0.000000000   0.00
   4   0  38000.0000         0.000000000     0.000000000     0.000000000
     0.000000000     0.000000000
   3
 G   1   4  28  28   0   0   1   0
     0.000000000   1.00     0.000000000   2.00     0.000000000   3.00
     0.000000000   0.00     0.000000000   0.00     0.000000000   0.00
   6   0  4000.00000         0.000000000     0.000000000     0.000000000
     0.000000000     0.000000000
   3
 G   6  14  28  28   0   0   0   0
     0.000000000   1.00     0.000000000   2.00     0.000000000   3.00
     0.000000000   0.00     0.000000000   0.00     0.000000000   0.00
   0   0 -40490.0000     -4.03000000         0.000000000     0.000000000
     0.000000000     0.000000000
   3
 G   6  14  28  28   0   2   0   0
     0.000000000   1.00     0.000000000   2.00     0.000000000   3.00
     0.000000000   0.00     0.000000000   0.00     0.000000000   0.00
   0   0  14644.0000     -9.20480000         0.000000000     0.000000000
     0.000000000     0.000000000
   3
 G   6  14  28  28   0   4   0   0
     0.000000000   1.00     0.000000000   2.00     0.000000000   3.00
     0.000000000   0.00     0.000000000   0.00     0.000000000   0.00
   0   0  9204.80000         0.000000000     0.000000000     0.000000000
     0.000000000     0.000000000
   3
 G  11  15  28  28   0   0   0   0
     0.000000000   1.00     0.000000000   2.00     0.000000000   3.00
     0.000000000   0.00     0.000000000   0.00     0.000000000   0.00
   0   0 -17573.0000         0.000000000     0.000000000     0.000000000
     0.000000000     0.000000000
   3
 G  11  15  28  28   0   1   0   0
     0.000000000   1.00     0.000000000   2.00     0.000000000   3.00
     0.000000000   0.00     0.000000000   0.00     0.000000000   0.00
   0   0 -15899.0000         0.000000000     0.000000000     0.000000000
     0.000000000     0.000000000
   3
 G   6  15  28  28   0   0   0   0
     0.000000000   1.00     0.000000000   2.00     0.000000000   3.00
     0.000000000   0.00     0.000000000   0.00     0.000000000   0.00
   0   0 -18410.0000         0.000000000     0.000000000     0.000000000
     0.000000000     0.000000000
   3
 G   6  15  28  28   0   1   0   0
     0.000000000   1.00     0.000000000   2.00     0.000000000   3.00
     0.000000000   0.00     0.000000000   0.00     0.000000000   0.00
   0   0 -18828.0000         0.000000000     0.000000000     0.000000000
     0.000000000     0.000000000
   3
 G   1  15  28  28   0   0   0   0
     0.000000000   1.00     0.000000000   2.00     0.000000000   3.00
     0.000000000   0.00     0.000000000   0.00     0.000000000   0.00
   0   0 -15668.0000      6.70000000         0.000000000     0.000000000
     0.000000000     0.000000000
   3
 G   1  15  28  28   1   0   0   0
     0.000000000   1.00     0.000000000   2.00     0.000000000   3.00
     0.000000000   0.00     0.000000000   0.00     0.000000000   0.00
   0   0     0.000000000     0.000000000     0.000000000     0.000000000
     0.000000000     0.000000000
   3
 G   1  15  28  28   0   1   0   0
     0.000000000   1.00     0.000000000   2.00     0.000000000   3.00
     0.000000000   0.00     0.000000000   0.00     0.000000000   0.00
   0   0 -2000.00000         0.000000000     0.000000000     0.000000000
     0.000000000     0.000000000
   3
 G   2  11  28  28   0   0   0   0
     0.000000000   1.00     0.000000000   2.00     0.000000000   3.00
     0.000000000   0.00     0.000000000   0.00     0.000000000   0.00
   0   0 -58764.2000      8.36800000         0.000000000     0.000000000
     0.000000000     0.000000000
   3
 G   2  11  28  28   0   1   0   0
     0.000000000   1.00     0.000000000   2.00     0.000000000   3.00
     0.000000000   0.00     0.000000000   0.00     0.000000000   0.00
   0   0 -689.000000         0.000000000     0.000000000     0.000000000
     0.000000000     0.000000000
   3
 G  11  14  28  28   0   0   0   0
     0.000000000   1.00     0.000000000   2.00     0.000000000   3.00
     0.000000000   0.00     0.000000000   0.00     0.000000000   0.00
   0   0 -58500.0000         0.000000000     0.000000000     0.000000000
     0.000000000     0.000000000
   3
 G  11  14  28  28   0   1   0   0
     0.000000000   1.00     0.000000000   2.00     0.000000000   3.00
     0.000000000   0.00     0.000000000   0.00     0.000000000   0.00
   0   0 -7000.00000     -8.36800000         0.000000000     0.000000000
     0.000000000     0.000000000
   3
 G  11  14  28  28   0   2   0   0
     0.000000000   1.00     0.000000000   2.00     0.000000000   3.00
     0.000000000   0.00     0.000000000   0.00     0.000000000   0.00
   0   0  10000.0000         0.000000000     0.000000000     0.000000000
     0.000000000     0.000000000
   3
 G  11  14  28  28   0   4   0   0
     0.000000000   1.00     0.000000000   2.00     0.000000000   3.00
     0.000000000   0.00     0.000000000   0.00     0.000000000   0.00
   0   0  10041.6000         0.000000000     0.000000000     0.000000000
     0.000000000     0.000000000
   3
 G   2   6  28  28   0   0   0   0
     0.000000000   1.00     0.000000000   2.00     0.000000000   3.00
     0.000000000   0.00     0.000000000   0.00     0.000000000   0.00
   0   0 -48000.0000         0.000000000     0.000000000     0.000000000
     0.000000000     0.000000000
   3
 G   2   6  28  28   0   1   0   0
     0.000000000   1.00     0.000000000   2.00     0.000000000   3.00
     0.000000000   0.00     0.000000000   0.00     0.000000000   0.00
   0   0 -7300.00000         0.000000000     0.000000000     0.000000000
     0.000000000     0.000000000
   3
 G   2   6  28  28   0   2   0   0
     0.000000000   1.00     0.000000000   2.00     0.000000000   3.00
     0.000000000   0.00     0.000000000   0.00     0.000000000   0.00
   0   0  5300.00000         0.000000000     0.000000000     0.000000000
     0.000000000     0.000000000
   3
 G   6  13  28  28   0   0   0   0
     0.000000000   1.00     0.000000000   2.00     0.000000000   3.00
     0.000000000   0.00     0.000000000   0.00     0.000000000   0.00
   0   0 -8000.00000     -8.00000000         0.000000000     0.000000000
     0.000000000     0.000000000
   3
 G   6  13  28  28   1   0   0   0
     0.000000000   1.00     0.000000000   2.00     0.000000000   3.00
     0.000000000   0.00     0.000000000   0.00     0.000000000   0.00
   0   0 -5500.00000         0.000000000     0.000000000     0.000000000
     0.000000000     0.000000000
   3
 G   6  13  28  28   0   1   0   0
     0.000000000   1.00     0.000000000   2.00     0.000000000   3.00
     0.000000000   0.00     0.000000000   0.00     0.000000000   0.00
   0   0 -10000.0000      4.00000000         0.000000000     0.000000000
     0.000000000     0.000000000
   3
 G   1  14  28  28   0   0   0   0
     0.000000000   1.00     0.000000000   2.00     0.000000000   3.00
     0.000000000   0.00     0.000000000   0.00     0.000000000   0.00
   0   0 -12308.0000     -8.54000000         0.000000000 -.450000000E-02
     0.000000000     0.000000000
   3
 G   1  14  28  28   0   1   0   0
     0.000000000   1.00     0.000000000   2.00     0.000000000   3.00
     0.000000000   0.00     0.000000000   0.00     0.000000000   0.00
   0   0  14850.0000     -19.0000000         0.000000000     0.000000000
     0.000000000     0.000000000
   3
 G   1  14  28  28   0   2   0   0
     0.000000000   1.00     0.000000000   2.00     0.000000000   3.00
     0.000000000   0.00     0.000000000   0.00     0.000000000   0.00
   0   0  22000.0000     -11.0000000         0.000000000     0.000000000
     0.000000000     0.000000000
   3
 G   3  14  28  28   0   1   0   0
     0.000000000   1.00     0.000000000   2.00     0.000000000   3.00
     0.000000000   0.00     0.000000000   0.00     0.000000000   0.00
   0   0  2600.00000         0.000000000     0.000000000     0.000000000
     0.000000000     0.000000000
   3
 G   4  14  28  28   0   0   0   0
     0.000000000   1.00     0.000000000   2.00     0.000000000   3.00
     0.000000000   0.00     0.000000000   0.00     0.000000000   0.00
   0   0  2000.00000      2.00000000         0.000000000     0.000000000
     0.000000000     0.000000000
   3
 G   6  10  28  28   0   0   0   0
     0.000000000   1.00     0.000000000   2.00     0.000000000   3.00
     0.000000000   0.00     0.000000000   0.00     0.000000000   0.00
   0   0  200.000000     0.700000000         0.000000000     0.000000000
     0.000000000     0.000000000
   3
 G   6  10  28  28   0   1   0   0
     0.000000000   1.00     0.000000000   2.00     0.000000000   3.00
     0.000000000   0.00     0.000000000   0.00     0.000000000   0.00
   0   0     0.000000000 -1.00000000         0.000000000     0.000000000
     0.000000000     0.000000000
   3
 G   1  10  28  28   0   0   0   0
     0.000000000   1.00     0.000000000   2.00     0.000000000   3.00
     0.000000000   0.00     0.000000000   0.00     0.000000000   0.00
   0   0 -5500.00000     -.300000000         0.000000000     0.000000000
     0.000000000     0.000000000
   3
 G   1  10  28  28   0   1   0   0
     0.000000000   1.00     0.000000000   2.00     0.000000000   3.00
     0.000000000   0.00     0.000000000   0.00     0.000000000   0.00
   0   0 -2800.00000     -3.40000000         0.000000000     0.000000000
     0.000000000     0.000000000
   3
 G   1  10  28  28   1   0   0   0
     0.000000000   1.00     0.000000000   2.00     0.000000000   3.00
     0.000000000   0.00     0.000000000   0.00     0.000000000   0.00
   0   0     0.000000000  2.30000000         0.000000000     0.000000000
     0.000000000     0.000000000
   3
 G  10  11  28  28   0   0   0   0
     0.000000000   1.00     0.000000000   2.00     0.000000000   3.00
     0.000000000   0.00     0.000000000   0.00     0.000000000   0.00
   0   0  650.000000     0.300000000         0.000000000     0.000000000
     0.000000000     0.000000000
   3
 G   5  10  28  28   0   0   0   0
     0.000000000   1.00     0.000000000   2.00     0.000000000   3.00
     0.000000000   0.00     0.000000000   0.00     0.000000000   0.00
   0   0 -34000.0000         0.000000000     0.000000000     0.000000000
     0.000000000     0.000000000
   3
 G   5  10  28  28   1   0   0   0
     0.000000000   1.00     0.000000000   2.00     0.000000000   3.00
     0.000000000   0.00     0.000000000   0.00     0.000000000   0.00
   0   0 -11500.0000      12.0000000         0.000000000     0.000000000
     0.000000000     0.000000000
   3
 G  11  18  28  28   0   0   0   0
     0.000000000   1.00     0.000000000   2.00     0.000000000   3.00
     0.000000000   0.00     0.000000000   0.00     0.000000000   0.00
   0   0 -62500.0000         0.000000000     0.000000000 -.400000000E-03
     0.000000000     0.000000000
   3
 G  11  18  28  28   1   0   0   0
     0.000000000   1.00     0.000000000   2.00     0.000000000   3.00
     0.000000000   0.00     0.000000000   0.00     0.000000000   0.00
   0   0 -10500.0000         0.000000000     0.000000000     0.000000000
     0.000000000     0.000000000
   3
 G  11  18  28  28   0   1   0   0
     0.000000000   1.00     0.000000000   2.00     0.000000000   3.00
     0.000000000   0.00     0.000000000   0.00     0.000000000   0.00
   0   0     0.000000000     0.000000000     0.000000000     0.000000000
     0.000000000     0.000000000
   3
 G   6  18  28  28   0   0   0   0
     0.000000000   1.00     0.000000000   2.00     0.000000000   3.00
     0.000000000   0.00     0.000000000   0.00     0.000000000   0.00
   0   0 -63900.0000         0.000000000     0.000000000     0.000000000
     0.000000000     0.000000000
   3
 G   6  18  28  28   1   0   0   0
     0.000000000   1.00     0.000000000   2.00     0.000000000   3.00
     0.000000000   0.00     0.000000000   0.00     0.000000000   0.00
   0   0 -3500.00000         0.000000000     0.000000000     0.000000000
     0.000000000     0.000000000
   3
 G  11  19  28  28   0   0   0   0
     0.000000000   1.00     0.000000000   2.00     0.000000000   3.00
     0.000000000   0.00     0.000000000   0.00     0.000000000   0.00
   0   0 -700.000000         0.000000000     0.000000000     0.000000000
     0.000000000     0.000000000
   3
 G  11  19  28  28   0   1   0   0
     0.000000000   1.00     0.000000000   2.00     0.000000000   3.00
     0.000000000   0.00     0.000000000   0.00     0.000000000   0.00
   0   0     0.000000000     0.000000000     0.000000000     0.000000000
     0.000000000     0.000000000
   3
 G  11  19  28  28   0   2   0   0
     0.000000000   1.00     0.000000000   2.00     0.000000000   3.00
     0.000000000   0.00     0.000000000   0.00     0.000000000   0.00
   0   0     0.000000000     0.000000000     0.000000000     0.000000000
     0.000000000     0.000000000
   3
 G  11  19  28  28   1   0   0   0
     0.000000000   1.00     0.000000000   2.00     0.000000000   3.00
     0.000000000   0.00     0.000000000   0.00     0.000000000   0.00
   0   0     0.000000000     0.000000000     0.000000000     0.000000000
     0.000000000     0.000000000
   3
 G   6  19  28  28   0   0   0   0
     0.000000000   1.00     0.000000000   2.00     0.000000000   3.00
     0.000000000   0.00     0.000000000   0.00     0.000000000   0.00
   0   0 -2670.00000      1.72110000         0.000000000     0.000000000
     0.000000000     0.000000000
   3
 G   6  19  28  28   0   1   0   0
     0.000000000   1.00     0.000000000   2.00     0.000000000   3.00
     0.000000000   0.00     0.000000000   0.00     0.000000000   0.00
   0   0  150.000000         0.000000000     0.000000000     0.000000000
     0.000000000     0.000000000
   3
 G   6  19  28  28   0   2   0   0
     0.000000000   1.00     0.000000000   2.00     0.000000000   3.00
     0.000000000   0.00     0.000000000   0.00     0.000000000   0.00
   0   0 -1160.00000         0.000000000     0.000000000     0.000000000
     0.000000000     0.000000000
   3
 G   6  19  28  28   1   0   0   0
     0.000000000   1.00     0.000000000   2.00     0.000000000   3.00
     0.000000000   0.00     0.000000000   0.00     0.000000000   0.00
   0   0  700.000000         0.000000000     0.000000000     0.000000000
     0.000000000     0.000000000
   3
 G  11  16  28  28   0   0   0   0
     0.000000000   1.00     0.000000000   2.00     0.000000000   3.00
     0.000000000   0.00     0.000000000   0.00     0.000000000   0.00
   0   0 -8266.30000      5.71420000         0.000000000     0.000000000
     0.000000000     0.000000000
   3
 G  11  16  28  28   0   1   0   0
     0.000000000   1.00     0.000000000   2.00     0.000000000   3.00
     0.000000000   0.00     0.000000000   0.00     0.000000000   0.00
   0   0  876.200000         0.000000000     0.000000000     0.000000000
     0.000000000     0.000000000
   3
 G   6  16  28  28   0   0   0   0
     0.000000000   1.00     0.000000000   2.00     0.000000000   3.00
     0.000000000   0.00     0.000000000   0.00     0.000000000   0.00
   0   0 -4561.70000      2.84000000         0.000000000     0.000000000
     0.000000000     0.000000000
   3
 G   6  16  28  28   0   1   0   0
     0.000000000   1.00     0.000000000   2.00     0.000000000   3.00
     0.000000000   0.00     0.000000000   0.00     0.000000000   0.00
   0   0  3017.60000         0.000000000     0.000000000     0.000000000
     0.000000000     0.000000000
   3
 G   4  18  28  28   0   0   0   0
     0.000000000   1.00     0.000000000   2.00     0.000000000   3.00
     0.000000000   0.00     0.000000000   0.00     0.000000000   0.00
   0   0 -30500.0000         0.000000000     0.000000000     0.000000000
     0.000000000     0.000000000
   3
 G  11  11  28  29   0   1   0   0
     0.000000000   1.00     0.000000000   2.00     0.000000000   3.00
     0.000000000   0.00     0.000000000   0.00     0.000000000   0.00
   0   0 -970.000000         0.000000000     0.000000000     0.000000000
     0.000000000     0.000000000
   3
 G  11  11  28  29   1   0   0   0
     0.000000000   1.00     0.000000000   2.00     0.000000000   3.00
     0.000000000   0.00     0.000000000   0.00     0.000000000   0.00
   0   0  1120.00000         0.000000000     0.000000000     0.000000000
     0.000000000     0.000000000
   3
 G   1   1  28  29   1   0   0   0
     0.000000000   1.00     0.000000000   2.00     0.000000000   3.00
     0.000000000   0.00     0.000000000   0.00     0.000000000   0.00
   0   0  900.000000      2.15000000         0.000000000     0.000000000
     0.000000000     0.000000000
   3
 G   1   1  28  29   0   1   0   0
     0.000000000   1.00     0.000000000   2.00     0.000000000   3.00
     0.000000000   0.00     0.000000000   0.00     0.000000000   0.00
   0   0 -975.000000      1.05000000         0.000000000     0.000000000
     0.000000000     0.000000000
   3
 G   6   6  28  29   0   0   0   0
     0.000000000   1.00     0.000000000   2.00     0.000000000   3.00
     0.000000000   0.00     0.000000000   0.00     0.000000000   0.00
   0   0  700.000000     0.150000000         0.000000000     0.000000000
     0.000000000     0.000000000
   3
 G   6   6  28  29   1   0   0   0
     0.000000000   1.00     0.000000000   2.00     0.000000000   3.00
     0.000000000   0.00     0.000000000   0.00     0.000000000   0.00
   0   0  2800.00000         0.000000000     0.000000000     0.000000000
     0.000000000     0.000000000
   3
 G   1  18  28  28   0   0   0   0
     0.000000000   1.00     0.000000000   2.00     0.000000000   3.00
     0.000000000   0.00     0.000000000   0.00     0.000000000   0.00
   0   0 -46150.0000         0.000000000     0.000000000     0.000000000
     0.000000000     0.000000000
   3
 G  10  18  28  28   0   0   0   0
     0.000000000   1.00     0.000000000   2.00     0.000000000   3.00
     0.000000000   0.00     0.000000000   0.00     0.000000000   0.00
   0   0 -85000.0000         0.000000000     0.000000000     0.000000000
     0.000000000     0.000000000
   3
 G  10  18  28  28   2   0   0   0
     0.000000000   1.00     0.000000000   2.00     0.000000000   3.00
     0.000000000   0.00     0.000000000   0.00     0.000000000   0.00
   0   0 -11000.0000         0.000000000     0.000000000     0.000000000
     0.000000000     0.000000000
   3
 G  10  17  28  28   0   0   0   0
     0.000000000   1.00     0.000000000   2.00     0.000000000   3.00
     0.000000000   0.00     0.000000000   0.00     0.000000000   0.00
   0   0 -77900.0000         0.000000000     0.000000000     0.000000000
     0.000000000     0.000000000
   3
 G  10  17  28  28   1   0   0   0
     0.000000000   1.00     0.000000000   2.00     0.000000000   3.00
     0.000000000   0.00     0.000000000   0.00     0.000000000   0.00
   0   0 -14000.0000         0.000000000     0.000000000     0.000000000
     0.000000000     0.000000000
   3
 G   3  10  28  28   0   0   0   0
     0.000000000   1.00     0.000000000   2.00     0.000000000   3.00
     0.000000000   0.00     0.000000000   0.00     0.000000000   0.00
   0   0 -60600.0000         0.000000000     0.000000000     0.000000000
     0.000000000     0.000000000
   3
 G   3  10  28  28   1   0   0   0
     0.000000000   1.00     0.000000000   2.00     0.000000000   3.00
     0.000000000   0.00     0.000000000   0.00     0.000000000   0.00
   0   0     0.000000000     0.000000000     0.000000000     0.000000000
     0.000000000     0.000000000
   3
 G   1  10  28  28   0   0   1   0
     0.000000000   1.00     0.000000000   2.00     0.000000000   3.00
     0.000000000   0.00     0.000000000   0.00     0.000000000   0.00
  11   0 -12000.0000         0.000000000     0.000000000     0.000000000
     0.000000000     0.000000000
   3
 G   1   6  28  28   0   0   1   0
     0.000000000   1.00     0.000000000   2.00     0.000000000   3.00
     0.000000000   0.00     0.000000000   0.00     0.000000000   0.00
  10   0 -2500.00000         0.000000000     0.000000000     0.000000000
     0.000000000     0.000000000
   3
 G  10  11  29  29   0   0   0   0
     0.000000000   1.00     0.000000000   2.00     0.000000000   3.00
     0.000000000   0.00     0.000000000   0.00     0.000000000   0.00
   0   0 -20.0000000      3.40000000         0.000000000     0.000000000
     0.000000000     0.000000000
   3
 G  10  11  29  29   1   0   0   0
     0.000000000   1.00     0.000000000   2.00     0.000000000   3.00
     0.000000000   0.00     0.000000000   0.00     0.000000000   0.00
   0   0     0.000000000 -1.00000000         0.000000000     0.000000000
     0.000000000     0.000000000
   3
 G   1  10  29  29   0   0   0   0
     0.000000000   1.00     0.000000000   2.00     0.000000000   3.00
     0.000000000   0.00     0.000000000   0.00     0.000000000   0.00
   0   0 -7000.00000     0.600000000         0.000000000     0.000000000
     0.000000000     0.000000000
   3
 G   1  10  29  29   0   1   0   0
     0.000000000   1.00     0.000000000   2.00     0.000000000   3.00
     0.000000000   0.00     0.000000000   0.00     0.000000000   0.00
   0   0 -1000.00000         0.000000000     0.000000000     0.000000000
     0.000000000     0.000000000
   4
 R   1  10  28  29   0   0   0   0
     0.000000000   1.00     0.000000000   2.00     0.000000000   3.00
     0.000000000   0.00     0.000000000   0.00     0.000000000   0.00
   0   0 -3800.00000         0.000000000     0.000000000     0.000000000
     0.000000000     0.000000000
   3
 G  10  10  28  29   0   0   0   0
     0.000000000   1.00     0.000000000   2.00     0.000000000   3.00
     0.000000000   0.00     0.000000000   0.00     0.000000000   0.00
   0   0 -1050.00000     -2.00000000         0.000000000     0.000000000
     0.000000000     0.000000000
   3
 G  10  10  28  29   0   1   0   0
     0.000000000   1.00     0.000000000   2.00     0.000000000   3.00
     0.000000000   0.00     0.000000000   0.00     0.000000000   0.00
   0   0 -850.000000     -.100000000         0.000000000     0.000000000
     0.000000000     0.000000000
   4
 R   1  11  28  29   0   0   0   0
     0.000000000   1.00     0.000000000   2.00     0.000000000   3.00
     0.000000000   0.00     0.000000000   0.00     0.000000000   0.00
   0   0 -4250.00000         0.000000000     0.000000000     0.000000000
     0.000000000     0.000000000
   3
 G   1  11  29  29   0   0   0   0
     0.000000000   1.00     0.000000000   2.00     0.000000000   3.00
     0.000000000   0.00     0.000000000   0.00     0.000000000   0.00
   0   0 -4000.00000     0.400000000         0.000000000     0.000000000
     0.000000000     0.000000000
   3
 G   1   6  29  29   0   0   0   0
     0.000000000   1.00     0.000000000   2.00     0.000000000   3.00
     0.000000000   0.00     0.000000000   0.00     0.000000000   0.00
   0   0 -1320.00000      1.30000000         0.000000000     0.000000000
     0.000000000     0.000000000
   3
 G   1   6  29  29   1   0   0   0
     0.000000000   1.00     0.000000000   2.00     0.000000000   3.00
     0.000000000   0.00     0.000000000   0.00     0.000000000   0.00
   0   0 -275.000000         0.000000000     0.000000000     0.000000000
     0.000000000     0.000000000
   4
 R   1   6  28  29   0   0   0   0
     0.000000000   1.00     0.000000000   2.00     0.000000000   3.00
     0.000000000   0.00     0.000000000   0.00     0.000000000   0.00
   0   0 -2650.00000         0.000000000     0.000000000     0.000000000
     0.000000000     0.000000000
   3
 G   6  10  29  29   0   0   0   0
     0.000000000   1.00     0.000000000   2.00     0.000000000   3.00
     0.000000000   0.00     0.000000000   0.00     0.000000000   0.00
   0   0 -1800.00000     -1.15000000         0.000000000     0.000000000
     0.000000000     0.000000000
   3
 G   6  10  29  29   1   0   0   0
     0.000000000   1.00     0.000000000   2.00     0.000000000   3.00
     0.000000000   0.00     0.000000000   0.00     0.000000000   0.00
   0   0     0.000000000  1.70000000         0.000000000     0.000000000
     0.000000000     0.000000000
   4
 R   6  10  28  29   0   0   0   0
     0.000000000   1.00     0.000000000   2.00     0.000000000   3.00
     0.000000000   0.00     0.000000000   0.00     0.000000000   0.00
   0   0 -500.000000         0.000000000     0.000000000     0.000000000
     0.000000000     0.000000000
   4
 R   6  11  28  29   0   0   0   0
     0.000000000   1.00     0.000000000   2.00     0.000000000   3.00
     0.000000000   0.00     0.000000000   0.00     0.000000000   0.00
   0   0 -2500.00000         0.000000000     0.000000000     0.000000000
     0.000000000     0.000000000
   3
 G   6  11  29  29   0   0   0   0
     0.000000000   1.00     0.000000000   2.00     0.000000000   3.00
     0.000000000   0.00     0.000000000   0.00     0.000000000   0.00
   0   0 -730.000000      1.00000000         0.000000000     0.000000000
     0.000000000     0.000000000
   3
 G   6  11  29  29   1   0   0   0
     0.000000000   1.00     0.000000000   2.00     0.000000000   3.00
     0.000000000   0.00     0.000000000   0.00     0.000000000   0.00
   0   0 -150.000000         0.000000000     0.000000000     0.000000000
     0.000000000     0.000000000
   3
 G   7  18  28  28   0   0   0   0
     0.000000000   1.00     0.000000000   2.00     0.000000000   3.00
     0.000000000   0.00     0.000000000   0.00     0.000000000   0.00
   0   0 -35000.0000         0.000000000     0.000000000     0.000000000
     0.000000000     0.000000000
   3
 G   1   6  28  28   1   0   0   0
     0.000000000   1.00     0.000000000   2.00     0.000000000   3.00
     0.000000000   0.00     0.000000000   0.00     0.000000000   0.00
   0   0 -81.4000000         0.000000000     0.000000000     0.000000000
     0.000000000     0.000000000
   3
 G   1  11  28  28   0   1   0   0
     0.000000000   1.00     0.000000000   2.00     0.000000000   3.00
     0.000000000   0.00     0.000000000   0.00     0.000000000   0.00
   0   0  211.000000         0.000000000     0.000000000     0.000000000
     0.000000000     0.000000000
   3
 G   1  16  28  28   0   0   0   0
     0.000000000   1.00     0.000000000   2.00     0.000000000   3.00
     0.000000000   0.00     0.000000000   0.00     0.000000000   0.00
   0   0 -3898.20000      2.83360000         0.000000000     0.000000000
     0.000000000     0.000000000
   3
 G   1  19  28  28   0   0   0   0
     0.000000000   1.00     0.000000000   2.00     0.000000000   3.00
     0.000000000   0.00     0.000000000   0.00     0.000000000   0.00
   0   0 -2950.00000     0.600000000         0.000000000     0.000000000
     0.000000000     0.000000000
   3
 G   1  20  28  28   0   0   0   0
     0.000000000   1.00     0.000000000   2.00     0.000000000   3.00
     0.000000000   0.00     0.000000000   0.00     0.000000000   0.00
   0   0 -20777.3000     -13.3200000         0.000000000     0.000000000
     0.000000000     0.000000000
   3
 G   1  20  28  28   0   2   0   0
     0.000000000   1.00     0.000000000   2.00     0.000000000   3.00
     0.000000000   0.00     0.000000000   0.00     0.000000000   0.00
   0   0     0.000000000 -5.00000000         0.000000000     0.000000000
     0.000000000     0.000000000
   3
 G   1  21  28  28   0   0   0   0
     0.000000000   1.00     0.000000000   2.00     0.000000000   3.00
     0.000000000   0.00     0.000000000   0.00     0.000000000   0.00
   0   0 -57313.0000      6.80000000         0.000000000     0.000000000
     0.000000000     0.000000000
   3
 G   1  21  28  28   1   0   0   0
     0.000000000   1.00     0.000000000   2.00     0.000000000   3.00
     0.000000000   0.00     0.000000000   0.00     0.000000000   0.00
   0   0     0.000000000  2.50000000         0.000000000     0.000000000
     0.000000000     0.000000000
   3
 G   1  22  28  28   0   0   0   0
     0.000000000   1.00     0.000000000   2.00     0.000000000   3.00
     0.000000000   0.00     0.000000000   0.00     0.000000000   0.00
   0   0 -90528.9000      94.0800000     -12.4000000         0.000000000
     0.000000000     0.000000000
   3
 G   1  22  28  28   1   0   0   0
     0.000000000   1.00     0.000000000   2.00     0.000000000   3.00
     0.000000000   0.00     0.000000000   0.00     0.000000000   0.00
   0   0     0.000000000     0.000000000     0.000000000     0.000000000
     0.000000000     0.000000000
   3
 G   1  23  28  28   0   0   0   0
     0.000000000   1.00     0.000000000   2.00     0.000000000   3.00
     0.000000000   0.00     0.000000000   0.00     0.000000000   0.00
   0   0 -13000.0000     -3.50000000         0.000000000     0.000000000
     0.000000000     0.000000000
   3
 G   1  23  28  28   1   0   0   0
     0.000000000   1.00     0.000000000   2.00     0.000000000   3.00
     0.000000000   0.00     0.000000000   0.00     0.000000000   0.00
   0   0 -5000.00000         0.000000000     0.000000000     0.000000000
     0.000000000     0.000000000
   3
 G   1  23  28  28   0   1   0   0
     0.000000000   1.00     0.000000000   2.00     0.000000000   3.00
     0.000000000   0.00     0.000000000   0.00     0.000000000   0.00
   0   0 -8500.00000         0.000000000     0.000000000     0.000000000
     0.000000000     0.000000000
   3
 G   1  24  28  28   0   0   0   0
     0.000000000   1.00     0.000000000   2.00     0.000000000   3.00
     0.000000000   0.00     0.000000000   0.00     0.000000000   0.00
   0   0 -3800.00000         0.000000000     0.000000000     0.000000000
     0.000000000     0.000000000
   3
 G   1  25  28  28   0   0   0   0
     0.000000000   1.00     0.000000000   2.00     0.000000000   3.00
     0.000000000   0.00     0.000000000   0.00     0.000000000   0.00
   0   0 -5350.00000         0.000000000     0.000000000     0.000000000
     0.000000000     0.000000000
   3
 G   1  25  28  28   0   1   0   0
     0.000000000   1.00     0.000000000   2.00     0.000000000   3.00
     0.000000000   0.00     0.000000000   0.00     0.000000000   0.00
   0   0 -8200.00000      1.80000000         0.000000000     0.000000000
     0.000000000     0.000000000
   3
 G  11  11  28  29   0   0   0   0
     0.000000000   1.00     0.000000000   2.00     0.000000000   3.00
     0.000000000   0.00     0.000000000   0.00     0.000000000   0.00
   0   0     0.000000000 -.500000000         0.000000000     0.000000000
     0.000000000     0.000000000
   3
 G  14  20  28  28   0   0   0   0
     0.000000000   1.00     0.000000000   2.00     0.000000000   3.00
     0.000000000   0.00     0.000000000   0.00     0.000000000   0.00
   0   0 -11500.0000         0.000000000     0.000000000     0.000000000
     0.000000000     0.000000000
   3
 G  14  20  28  28   1   0   0   0
     0.000000000   1.00     0.000000000   2.00     0.000000000   3.00
     0.000000000   0.00     0.000000000   0.00     0.000000000   0.00
   0   0  10200.0000         0.000000000     0.000000000     0.000000000
     0.000000000     0.000000000
   3
 G  14  20  28  28   0   1   0   0
     0.000000000   1.00     0.000000000   2.00     0.000000000   3.00
     0.000000000   0.00     0.000000000   0.00     0.000000000   0.00
   0   0 -5000.00000         0.000000000     0.000000000     0.000000000
     0.000000000     0.000000000
   3
 G  14  21  28  28   0   0   0   0
     0.000000000   1.00     0.000000000   2.00     0.000000000   3.00
     0.000000000   0.00     0.000000000   0.00     0.000000000   0.00
   0   0 -26000.0000         0.000000000     0.000000000     0.000000000
     0.000000000     0.000000000
   3
 G  14  22  28  28   0   0   0   0
     0.000000000   1.00     0.000000000   2.00     0.000000000   3.00
     0.000000000   0.00     0.000000000   0.00     0.000000000   0.00
   0   0 -52000.0000         0.000000000     0.000000000     0.000000000
     0.000000000     0.000000000
   3
 G   3  14  28  28   1   0   0   0
     0.000000000   1.00     0.000000000   2.00     0.000000000   3.00
     0.000000000   0.00     0.000000000   0.00     0.000000000   0.00
   0   0 -1600.00000         0.000000000     0.000000000     0.000000000
     0.000000000     0.000000000
   3
 G  14  18  28  28   0   0   0   0
     0.000000000   1.00     0.000000000   2.00     0.000000000   3.00
     0.000000000   0.00     0.000000000   0.00     0.000000000   0.00
   0   0 -23000.0000         0.000000000     0.000000000     0.000000000
     0.000000000     0.000000000
   3
 G   3  20  28  28   0   0   0   0
     0.000000000   1.00     0.000000000   2.00     0.000000000   3.00
     0.000000000   0.00     0.000000000   0.00     0.000000000   0.00
   0   0 -20000.0000     -15.0000000         0.000000000     0.000000000
     0.000000000     0.000000000
   3
 G   3  20  28  28   0   2   0   0
     0.000000000   1.00     0.000000000   2.00     0.000000000   3.00
     0.000000000   0.00     0.000000000   0.00     0.000000000   0.00
   0   0 -12000.0000         0.000000000     0.000000000     0.000000000
     0.000000000     0.000000000
   3
 G  18  20  28  28   0   0   0   0
     0.000000000   1.00     0.000000000   2.00     0.000000000   3.00
     0.000000000   0.00     0.000000000   0.00     0.000000000   0.00
   0   0 -45000.0000         0.000000000     0.000000000     0.000000000
     0.000000000     0.000000000
   3
 G  18  20  28  28   0   1   0   0
     0.000000000   1.00     0.000000000   2.00     0.000000000   3.00
     0.000000000   0.00     0.000000000   0.00     0.000000000   0.00
   0   0 -29000.0000         0.000000000     0.000000000     0.000000000
     0.000000000     0.000000000
   3
 G   3  22  28  28   0   0   0   0
     0.000000000   1.00     0.000000000   2.00     0.000000000   3.00
     0.000000000   0.00     0.000000000   0.00     0.000000000   0.00
   0   0 -69000.0000         0.000000000     0.000000000     0.000000000
     0.000000000     0.000000000
   3
 G   2  12  28  28   0   0   0   0
     0.000000000   1.00     0.000000000   2.00     0.000000000   3.00
     0.000000000   0.00     0.000000000   0.00     0.000000000   0.00
   0   0 -33500.0000         0.000000000     0.000000000     0.000000000
     0.000000000     0.000000000
   3
 G  12  14  28  28   0   0   0   0
     0.000000000   1.00     0.000000000   2.00     0.000000000   3.00
     0.000000000   0.00     0.000000000   0.00     0.000000000   0.00
   0   0 -4500.00000         0.000000000     0.000000000     0.000000000
     0.000000000     0.000000000
   3
 G   2   7  28  28   0   0   0   0
     0.000000000   1.00     0.000000000   2.00     0.000000000   3.00
     0.000000000   0.00     0.000000000   0.00     0.000000000   0.00
   0   0 -20000.0000         0.000000000     0.000000000     0.000000000
     0.000000000     0.000000000
   3
 G   7  14  28  28   0   0   0   0
     0.000000000   1.00     0.000000000   2.00     0.000000000   3.00
     0.000000000   0.00     0.000000000   0.00     0.000000000   0.00
   0   0 -2500.00000         0.000000000     0.000000000     0.000000000
     0.000000000     0.000000000
   3
 G   2   9  28  28   0   0   0   0
     0.000000000   1.00     0.000000000   2.00     0.000000000   3.00
     0.000000000   0.00     0.000000000   0.00     0.000000000   0.00
   0   0 -20000.0000         0.000000000     0.000000000     0.000000000
     0.000000000     0.000000000
   3
 G   9  14  28  28   0   0   0   0
     0.000000000   1.00     0.000000000   2.00     0.000000000   3.00
     0.000000000   0.00     0.000000000   0.00     0.000000000   0.00
   0   0 -2500.00000         0.000000000     0.000000000     0.000000000
     0.000000000     0.000000000
   3
 G  10  14  28  28   0   0   0   0
     0.000000000   1.00     0.000000000   2.00     0.000000000   3.00
     0.000000000   0.00     0.000000000   0.00     0.000000000   0.00
   0   0 -56800.0000         0.000000000     0.000000000     0.000000000
     0.000000000     0.000000000
   3
 G  10  14  28  28   1   0   0   0
     0.000000000   1.00     0.000000000   2.00     0.000000000   3.00
     0.000000000   0.00     0.000000000   0.00     0.000000000   0.00
   0   0 -25000.0000         0.000000000     0.000000000     0.000000000
     0.000000000     0.000000000
   3
 G  10  14  28  28   0   1   0   0
     0.000000000   1.00     0.000000000   2.00     0.000000000   3.00
     0.000000000   0.00     0.000000000   0.00     0.000000000   0.00
   0   0 -10500.0000         0.000000000     0.000000000     0.000000000
     0.000000000     0.000000000
   3
 G  10  14  28  28   0   3   0   0
     0.000000000   1.00     0.000000000   2.00     0.000000000   3.00
     0.000000000   0.00     0.000000000   0.00     0.000000000   0.00
   0   0  16000.0000         0.000000000     0.000000000     0.000000000
     0.000000000     0.000000000
   3
 G   2  10  28  28   0   0   0   0
     0.000000000   1.00     0.000000000   2.00     0.000000000   3.00
     0.000000000   0.00     0.000000000   0.00     0.000000000   0.00
   0   0 -72000.0000      8.00000000         0.000000000     0.000000000
     0.000000000     0.000000000
   3
 G   2  10  28  28   0   4   0   0
     0.000000000   1.00     0.000000000   2.00     0.000000000   3.00
     0.000000000   0.00     0.000000000   0.00     0.000000000   0.00
   0   0 -1500.00000         0.000000000     0.000000000     0.000000000
     0.000000000     0.000000000
   3
 G   1   3  28  28   1   1   1   0
     0.000000000   1.00     0.000000000   2.00     0.000000000   3.00
     0.000000000   0.00     0.000000000   0.00     0.000000000   0.00
  14   0  22000.0000         0.000000000     0.000000000     0.000000000
     0.000000000     0.000000000
   3
 G   1  14  28  28   1   1   1   0
     0.000000000   1.00     0.000000000   2.00     0.000000000   3.00
     0.000000000   0.00     0.000000000   0.00     0.000000000   0.00
  21   0 -120000.000         0.000000000     0.000000000     0.000000000
     0.000000000     0.000000000
   3
 G   1  14  28  28   0   0   1   0
     0.000000000   1.00     0.000000000   2.00     0.000000000   3.00
     0.000000000   0.00     0.000000000   0.00     0.000000000   0.00
   9   0 -15000.0000         0.000000000     0.000000000     0.000000000
     0.000000000     0.000000000
   3
 G   1  22  28  28   0   0   1   0
     0.000000000   1.00     0.000000000   2.00     0.000000000   3.00
     0.000000000   0.00     0.000000000   0.00     0.000000000   0.00
   9   0 -44000.0000         0.000000000     0.000000000     0.000000000
     0.000000000     0.000000000
   3
 G   1  10  28  28   1   1   1   0
     0.000000000   1.00     0.000000000   2.00     0.000000000   3.00
     0.000000000   0.00     0.000000000   0.00     0.000000000   0.00
  14   0  9000.00000         0.000000000     0.000000000     0.000000000
     0.000000000     0.000000000
   3
 G   1  17  28  28   0   0   0   0
     0.000000000   1.00     0.000000000   2.00     0.000000000   3.00
     0.000000000   0.00     0.000000000   0.00     0.000000000   0.00
   0   0 -48600.0000         0.000000000     0.000000000     0.000000000
     0.000000000     0.000000000
   3
 G   6  17  28  28   0   0   0   0
     0.000000000   1.00     0.000000000   2.00     0.000000000   3.00
     0.000000000   0.00     0.000000000   0.00     0.000000000   0.00
   0   0 -62100.0000         0.000000000     0.000000000     0.000000000
     0.000000000     0.000000000
   3
 G   6  24  28  28   0   0   0   0
     0.000000000   1.00     0.000000000   2.00     0.000000000   3.00
     0.000000000   0.00     0.000000000   0.00     0.000000000   0.00
   0   0 -13990.0000     -1.25000000         0.000000000     0.000000000
     0.000000000     0.000000000
   3
 G   6  24  28  28   0   1   0   0
     0.000000000   1.00     0.000000000   2.00     0.000000000   3.00
     0.000000000   0.00     0.000000000   0.00     0.000000000   0.00
   0   0 -10000.0000         0.000000000     0.000000000     0.000000000
     0.000000000     0.000000000
   3
 G   6  24  28  28   3   0   0   0
     0.000000000   1.00     0.000000000   2.00     0.000000000   3.00
     0.000000000   0.00     0.000000000   0.00     0.000000000   0.00
   0   0 -5800.00000         0.000000000     0.000000000     0.000000000
     0.000000000     0.000000000
   3
 G  23  26  28  28   0   0   0   0
     0.000000000   1.00     0.000000000   2.00     0.000000000   3.00
     0.000000000   0.00     0.000000000   0.00     0.000000000   0.00
   0   0 -6000.00000     0.500000000         0.000000000     0.000000000
     0.000000000     0.000000000
   3
 G  23  26  28  28   0   1   0   0
     0.000000000   1.00     0.000000000   2.00     0.000000000   3.00
     0.000000000   0.00     0.000000000   0.00     0.000000000   0.00
   0   0 -1000.00000         0.000000000     0.000000000     0.000000000
     0.000000000     0.000000000
   3
 G   6  23  28  28   0   0   0   0
     0.000000000   1.00     0.000000000   2.00     0.000000000   3.00
     0.000000000   0.00     0.000000000   0.00     0.000000000   0.00
   0   0 -29870.0000     -5.50000000         0.000000000     0.000000000
     0.000000000     0.000000000
   3
 G   6  23  28  28   1   0   0   0
     0.000000000   1.00     0.000000000   2.00     0.000000000   3.00
     0.000000000   0.00     0.000000000   0.00     0.000000000   0.00
   0   0  4700.00000     -16.0000000         0.000000000     0.000000000
     0.000000000     0.000000000
   3
 G   6  23  28  28   0   1   0   0
     0.000000000   1.00     0.000000000   2.00     0.000000000   3.00
     0.000000000   0.00     0.000000000   0.00     0.000000000   0.00
   0   0  4100.00000      3.30000000         0.000000000     0.000000000
     0.000000000     0.000000000
   3
 G   6  23  28  28   2   0   0   0
     0.000000000   1.00     0.000000000   2.00     0.000000000   3.00
     0.000000000   0.00     0.000000000   0.00     0.000000000   0.00
   0   0  1000.00000         0.000000000     0.000000000     0.000000000
     0.000000000     0.000000000
   3
 G   1  24  28  28   1   0   0   0
     0.000000000   1.00     0.000000000   2.00     0.000000000   3.00
     0.000000000   0.00     0.000000000   0.00     0.000000000   0.00
   0   0     0.000000000 -10.0000000         0.000000000     0.000000000
     0.000000000     0.000000000
   3
 G  10  21  28  28   0   0   0   0
     0.000000000   1.00     0.000000000   2.00     0.000000000   3.00
     0.000000000   0.00     0.000000000   0.00     0.000000000   0.00
   0   0 -82400.0000         0.000000000     0.000000000     0.000000000
     0.000000000     0.000000000
   3
 G  10  22  28  28   0   0   0   0
     0.000000000   1.00     0.000000000   2.00     0.000000000   3.00
     0.000000000   0.00     0.000000000   0.00     0.000000000   0.00
   0   0 -118000.000         0.000000000     0.000000000     0.000000000
     0.000000000     0.000000000
   3
 G  10  20  28  28   0   0   0   0
     0.000000000   1.00     0.000000000   2.00     0.000000000   3.00
     0.000000000   0.00     0.000000000   0.00     0.000000000   0.00
   0   0 -71500.0000         0.000000000     0.000000000     0.000000000
     0.000000000     0.000000000
   3
 G  10  21  28  28   1   0   0   0
     0.000000000   1.00     0.000000000   2.00     0.000000000   3.00
     0.000000000   0.00     0.000000000   0.00     0.000000000   0.00
   0   0 -15000.0000         0.000000000     0.000000000     0.000000000
     0.000000000     0.000000000
   3
 G  10  21  28  28   2   0   0   0
     0.000000000   1.00     0.000000000   2.00     0.000000000   3.00
     0.000000000   0.00     0.000000000   0.00     0.000000000   0.00
   0   0  6000.00000         0.000000000     0.000000000     0.000000000
     0.000000000     0.000000000
   3
 G  10  20  28  28   0   1   0   0
     0.000000000   1.00     0.000000000   2.00     0.000000000   3.00
     0.000000000   0.00     0.000000000   0.00     0.000000000   0.00
   0   0 -13000.0000         0.000000000     0.000000000     0.000000000
     0.000000000     0.000000000
   3
 G   1   2  28  28   0   0   1   0
     0.000000000   1.00     0.000000000   2.00     0.000000000   3.00
     0.000000000   0.00     0.000000000   0.00     0.000000000   0.00
   4   0 -15000.0000         0.000000000     0.000000000     0.000000000
     0.000000000     0.000000000
   3
 G   1   4  28  28   0   1   1   0
     0.000000000   1.00     0.000000000   2.00     0.000000000   3.00
     0.000000000   0.00     0.000000000   0.00     0.000000000   0.00
  14   0 -50000.0000         0.000000000     0.000000000     0.000000000
     0.000000000     0.000000000
   3
 G   9  21  28  28   0   0   0   0
     0.000000000   1.00     0.000000000   2.00     0.000000000   3.00
     0.000000000   0.00     0.000000000   0.00     0.000000000   0.00
   0   0 -45000.0000         0.000000000     0.000000000     0.000000000
     0.000000000     0.000000000
   3
 G   9  22  28  28   0   0   0   0
     0.000000000   1.00     0.000000000   2.00     0.000000000   3.00
     0.000000000   0.00     0.000000000   0.00     0.000000000   0.00
   0   0 -45000.0000         0.000000000     0.000000000     0.000000000
     0.000000000     0.000000000
   3
 G   9  20  28  28   0   0   0   0
     0.000000000   1.00     0.000000000   2.00     0.000000000   3.00
     0.000000000   0.00     0.000000000   0.00     0.000000000   0.00
   0   0 -34000.0000         0.000000000     0.000000000     0.000000000
     0.000000000     0.000000000
   3
 G   9  20  28  28   0   1   0   0
     0.000000000   1.00     0.000000000   2.00     0.000000000   3.00
     0.000000000   0.00     0.000000000   0.00     0.000000000   0.00
   0   0  1500.00000         0.000000000     0.000000000     0.000000000
     0.000000000     0.000000000
   3
 G  13  14  28  28   0   0   0   0
     0.000000000   1.00     0.000000000   2.00     0.000000000   3.00
     0.000000000   0.00     0.000000000   0.00     0.000000000   0.00
   0   0 -5500.00000         0.000000000     0.000000000     0.000000000
     0.000000000     0.000000000
   3
 G  13  14  28  28   1   0   0   0
     0.000000000   1.00     0.000000000   2.00     0.000000000   3.00
     0.000000000   0.00     0.000000000   0.00     0.000000000   0.00
   0   0 -13000.0000         0.000000000     0.000000000     0.000000000
     0.000000000     0.000000000
   3
 G  13  14  28  28   0   2   0   0
     0.000000000   1.00     0.000000000   2.00     0.000000000   3.00
     0.000000000   0.00     0.000000000   0.00     0.000000000   0.00
   0   0     0.000000000  5.00000000         0.000000000     0.000000000
     0.000000000     0.000000000
   3
 G  11  23  28  28   0   0   0   0
     0.000000000   1.00     0.000000000   2.00     0.000000000   3.00
     0.000000000   0.00     0.000000000   0.00     0.000000000   0.00
   0   0 -29600.0000     -5.00000000         0.000000000     0.000000000
     0.000000000     0.000000000
   3
 G  11  23  28  28   1   0   0   0
     0.000000000   1.00     0.000000000   2.00     0.000000000   3.00
     0.000000000   0.00     0.000000000   0.00     0.000000000   0.00
   0   0 -6800.00000     -6.00000000         0.000000000     0.000000000
     0.000000000     0.000000000
   3
 G  11  23  28  28   0   1   0   0
     0.000000000   1.00     0.000000000   2.00     0.000000000   3.00
     0.000000000   0.00     0.000000000   0.00     0.000000000   0.00
   0   0  15600.0000      3.25000000         0.000000000     0.000000000
     0.000000000     0.000000000
   3
 G  11  23  28  28   0   2   0   0
     0.000000000   1.00     0.000000000   2.00     0.000000000   3.00
     0.000000000   0.00     0.000000000   0.00     0.000000000   0.00
   0   0 -9800.00000     -4.00000000         0.000000000     0.000000000
     0.000000000     0.000000000
   3
 G   7  10  28  28   0   0   0   0
     0.000000000   1.00     0.000000000   2.00     0.000000000   3.00
     0.000000000   0.00     0.000000000   0.00     0.000000000   0.00
   0   0 -36500.0000         0.000000000     0.000000000     0.000000000
     0.000000000     0.000000000
   3
 G   7  10  28  28   1   0   0   0
     0.000000000   1.00     0.000000000   2.00     0.000000000   3.00
     0.000000000   0.00     0.000000000   0.00     0.000000000   0.00
   0   0 -18800.0000      8.50000000         0.000000000     0.000000000
     0.000000000     0.000000000
   3
 G   1  27  28  28   0   0   0   0
     0.000000000   1.00     0.000000000   2.00     0.000000000   3.00
     0.000000000   0.00     0.000000000   0.00     0.000000000   0.00
   0   0 -8400.00000     -2.70000000         0.000000000     0.000000000
     0.000000000     0.000000000
   3
 G   1  27  28  28   0   1   0   0
     0.000000000   1.00     0.000000000   2.00     0.000000000   3.00
     0.000000000   0.00     0.000000000   0.00     0.000000000   0.00
   0   0 -16300.0000      3.20000000         0.000000000     0.000000000
     0.000000000     0.000000000
   3
 G   1  27  28  28   1   0   0   0
     0.000000000   1.00     0.000000000   2.00     0.000000000   3.00
     0.000000000   0.00     0.000000000   0.00     0.000000000   0.00
   0   0 -400.000000     -1.60000000         0.000000000     0.000000000
     0.000000000     0.000000000
   3
 G  23  26  28  28   1   0   0   0
     0.000000000   1.00     0.000000000   2.00     0.000000000   3.00
     0.000000000   0.00     0.000000000   0.00     0.000000000   0.00
   0   0  4500.00000         0.000000000     0.000000000     0.000000000
     0.000000000     0.000000000
   3
 G   8   8  28  29   0   0   0   0
     0.000000000   1.00     0.000000000   2.00     0.000000000   3.00
     0.000000000   0.00     0.000000000   0.00     0.000000000   0.00
   0   0 -1450.00000         0.000000000     0.000000000     0.000000000
     0.000000000     0.000000000
   3
 G   8   8  28  29   0   2   0   0
     0.000000000   1.00     0.000000000   2.00     0.000000000   3.00
     0.000000000   0.00     0.000000000   0.00     0.000000000   0.00
   0   0     0.000000000  1.90000000         0.000000000     0.000000000
     0.000000000     0.000000000
   3
 G   8   8  28  29   2   0   0   0
     0.000000000   1.00     0.000000000   2.00     0.000000000   3.00
     0.000000000   0.00     0.000000000   0.00     0.000000000   0.00
   0   0     0.000000000  4.10000000         0.000000000     0.000000000
     0.000000000     0.000000000
   3
 G  14  14  28  29   0   0   0   0
     0.000000000   1.00     0.000000000   2.00     0.000000000   3.00
     0.000000000   0.00     0.000000000   0.00     0.000000000   0.00
   0   0  3000.00000         0.000000000     0.000000000     0.000000000
     0.000000000     0.000000000
   3
 G   3   5  28  28   1   0   0   0
     0.000000000   1.00     0.000000000   2.00     0.000000000   3.00
     0.000000000   0.00     0.000000000   0.00     0.000000000   0.00
   0   0 -6300.00000         0.000000000     0.000000000     0.000000000
     0.000000000     0.000000000
   3
 G   5  17  28  28   0   0   0   0
     0.000000000   1.00     0.000000000   2.00     0.000000000   3.00
     0.000000000   0.00     0.000000000   0.00     0.000000000   0.00
   0   0 -20000.0000         0.000000000     0.000000000     0.000000000
     0.000000000     0.000000000
   3
 G   5  18  28  28   0   0   0   0
     0.000000000   1.00     0.000000000   2.00     0.000000000   3.00
     0.000000000   0.00     0.000000000   0.00     0.000000000   0.00
   0   0 -20000.0000         0.000000000     0.000000000     0.000000000
     0.000000000     0.000000000
   3
 G   1  18  28  28   0   0   1   0
     0.000000000   1.00     0.000000000   2.00     0.000000000   3.00
     0.000000000   0.00     0.000000000   0.00     0.000000000   0.00
   5   0 -25000.0000         0.000000000     0.000000000     0.000000000
     0.000000000     0.000000000
   3
 G   1  17  28  28   0   0   1   0
     0.000000000   1.00     0.000000000   2.00     0.000000000   3.00
     0.000000000   0.00     0.000000000   0.00     0.000000000   0.00
   5   0 -20000.0000         0.000000000     0.000000000     0.000000000
     0.000000000     0.000000000
  -1
    1   10   11K        1   10K        1   11K       10   11   28
 SSacsoln
 SUBL
 Th4F17Li                        0.000000    0.000000
   4  2           0.00000    0.00000    4.00000    0.00000    0.00000    0.00000
       0.00000    0.00000    0.00000    0.00000    0.00000    0.00000    0.00000
       0.00000    0.00000    0.00000    0.00000    0.00000    0.00000   17.00000
       0.00000    1.00000
  2500.10000     -9200719.20      3000.43200     -532.001000     -.248950000E-01
 -.841166670E-07  2794500.00
 1     0.000000000   0.00
  2501.10005     -9357112.55      3992.29705     -658.741540         0.000000000
     0.000000000     0.000000000
 1     0.000000000   0.00
 U4F17Li                         0.000000    0.000000
   4  2           0.00000    4.00000    0.00000    0.00000    0.00000    0.00000
       0.00000    0.00000    0.00000    0.00000    0.00000    0.00000    0.00000
       0.00000    0.00000    0.00000    0.00000    0.00000    0.00000   17.00000
       0.00000    1.00000
  2500.10000     -8455086.00      2755.28580     -501.387000     -.492660000E-01
 -.841166670E-07  1111000.00
 1     0.000000000   0.00
  2501.10005     -8766503.53      4705.61476     -750.525990         0.000000000
     0.000000000     0.000000000
 1     0.000000000   0.00
   3
  1.00000      4.00000      17.0000
   1   2   1
 Li
 Th                       U
 F
   1   1
   1   2
   1   1
   4
   1   2   3   4   1
  10000.0000         0.000000000     0.000000000     0.000000000     0.000000000
     0.000000000
   0
 SSacsoln
 SUBL
 Th4F17Li                        0.000000    0.000000
   4  2           0.00000    0.00000    4.00000    0.00000    0.00000    0.00000
       0.00000    0.00000    0.00000    0.00000    0.00000    0.00000    0.00000
       0.00000    0.00000    0.00000    0.00000    0.00000    0.00000   17.00000
       0.00000    1.00000
  2500.10000     -9200719.20      3000.43200     -532.001000     -.248950000E-01
 -.841166670E-07  2794500.00
 1     0.000000000   0.00
  2501.10005     -9357112.55      3992.29705     -658.741540         0.000000000
     0.000000000     0.000000000
 1     0.000000000   0.00
 U4F17Li                         0.000000    0.000000
   4  2           0.00000    4.00000    0.00000    0.00000    0.00000    0.00000
       0.00000    0.00000    0.00000    0.00000    0.00000    0.00000    0.00000
       0.00000    0.00000    0.00000    0.00000    0.00000    0.00000   17.00000
       0.00000    1.00000
  2500.10000     -8455086.00      2755.28580     -501.387000     -.492660000E-01
 -.841166670E-07  1111000.00
 1     0.000000000   0.00
  2501.10005     -8766503.53      4705.61476     -750.525990         0.000000000
     0.000000000     0.000000000
 1     0.000000000   0.00
   3
  1.00000      4.00000      17.0000
   1   2   1
 Li
 Th                       U
 F
   1   1
   1   2
   1   1
   4
   1   2   3   4   1
  10000.0000         0.000000000     0.000000000     0.000000000     0.000000000
     0.000000000
   0
 SSadsoln
 SUBL
 Th2F9Li                         0.000000    0.000000
   4  2           0.00000    0.00000    2.00000    0.00000    0.00000    0.00000
       0.00000    0.00000    0.00000    0.00000    0.00000    0.00000    0.00000
       0.00000    0.00000    0.00000    0.00000    0.00000    0.00000    9.00000
       0.00000    1.00000
  2500.10000     -4919893.80      1629.50200     -287.655000     -.165250000E-01
 -.841166670E-07  1539500.00
 1     0.000000000   0.00
  2501.10005     -5025982.65      2297.67526     -372.947140         0.000000000
     0.000000000     0.000000000
 1     0.000000000   0.00
 U2F9Li                          0.000000    0.000000
   4  2           0.00000    2.00000    0.00000    0.00000    0.00000    0.00000
       0.00000    0.00000    0.00000    0.00000    0.00000    0.00000    0.00000
       0.00000    0.00000    0.00000    0.00000    0.00000    0.00000    9.00000
       0.00000    1.00000
  323.250000     -4533767.90      1510.00150     -272.347000     -.287110000E-01
 -.841166670E-07  697662.000
 1     0.000000000   0.00
  2501.10005     -4528146.20      1520.39669     -277.607810         0.000000000
     0.000000000     0.000000000
 1     0.000000000   0.00
   3
  1.00000      2.00000      9.00000
   1   2   1
 Li
 Th                       U
 F
   1   1
   1   2
   1   1
   4
   1   2   3   4   1
 -10000.0000         0.000000000     0.000000000     0.000000000     0.000000000
     0.000000000
   0
 SSadsoln
 SUBL
 Th2F9Li                         0.000000    0.000000
   4  2           0.00000    0.00000    2.00000    0.00000    0.00000    0.00000
       0.00000    0.00000    0.00000    0.00000    0.00000    0.00000    0.00000
       0.00000    0.00000    0.00000    0.00000    0.00000    0.00000    9.00000
       0.00000    1.00000
  2500.10000     -4919893.80      1629.50200     -287.655000     -.165250000E-01
 -.841166670E-07  1539500.00
 1     0.000000000   0.00
  2501.10005     -5025982.65      2297.67526     -372.947140         0.000000000
     0.000000000     0.000000000
 1     0.000000000   0.00
 U2F9Li                          0.000000    0.000000
   4  2           0.00000    2.00000    0.00000    0.00000    0.00000    0.00000
       0.00000    0.00000    0.00000    0.00000    0.00000    0.00000    0.00000
       0.00000    0.00000    0.00000    0.00000    0.00000    0.00000    9.00000
       0.00000    1.00000
  323.250000     -4533767.90      1510.00150     -272.347000     -.287110000E-01
 -.841166670E-07  697662.000
 1     0.000000000   0.00
  2501.10005     -4528146.20      1520.39669     -277.607810         0.000000000
     0.000000000     0.000000000
 1     0.000000000   0.00
   3
  1.00000      2.00000      9.00000
   1   2   1
 Li
 Th                       U
 F
   1   1
   1   2
   1   1
   4
   1   2   3   4   1
 -10000.0000         0.000000000     0.000000000     0.000000000     0.000000000
     0.000000000
   0
 SSaesoln
 SUBL
 Th6F31Li7                       0.000000    0.000000
   4  2           0.00000    0.00000    6.00000    0.00000    0.00000    0.00000
       0.00000    0.00000    0.00000    0.00000    0.00000    0.00000    0.00000
       0.00000    0.00000    0.00000    0.00000    0.00000    0.00000   31.00000
       0.00000    7.00000
  2500.10000     -17259817.0      5952.07000     -1036.20000     -.822000000E-01
 -.588820000E-06  5756933.00
 1     0.000000000   0.00
  2500.10001     -17801203.0      9334.53911     -1467.45689         0.000000000
     0.000000000     0.000000000
 1     0.000000000   0.00
 U6F31Li7                        0.000000    0.000000
   4  2           0.00000    6.00000    0.00000    0.00000    0.00000    0.00000
       0.00000    0.00000    0.00000    0.00000    0.00000    0.00000    0.00000
       0.00000    0.00000    0.00000    0.00000    0.00000    0.00000   31.00000
       0.00000    7.00000
  2500.10000     -16154416.0      5508.99150     -990.279000     -.118755000
 -.588816670E-06  3231409.50
 1     0.000000000   0.00
  2500.10001     -16928329.5      10329.0989     -1605.12617         0.000000000
     0.000000000     0.000000000
 1     0.000000000   0.00
   3
  7.00000      6.00000      31.0000
   1   2   1
 Li
 Th                       U
 F
   1   1
   1   2
   1   1
   4
   1   2   3   4   1
 -80000.0000         0.000000000     0.000000000     0.000000000     0.000000000
     0.000000000
   0
 SSaesoln
 SUBL
 Th6F31Li7                       0.000000    0.000000
   4  2           0.00000    0.00000    6.00000    0.00000    0.00000    0.00000
       0.00000    0.00000    0.00000    0.00000    0.00000    0.00000    0.00000
       0.00000    0.00000    0.00000    0.00000    0.00000    0.00000   31.00000
       0.00000    7.00000
  2500.10000     -17259817.0      5952.07000     -1036.20000     -.822000000E-01
 -.588820000E-06  5756933.00
 1     0.000000000   0.00
  2500.10001     -17801203.0      9334.53911     -1467.45689         0.000000000
     0.000000000     0.000000000
 1     0.000000000   0.00
 U6F31Li7                        0.000000    0.000000
   4  2           0.00000    6.00000    0.00000    0.00000    0.00000    0.00000
       0.00000    0.00000    0.00000    0.00000    0.00000    0.00000    0.00000
       0.00000    0.00000    0.00000    0.00000    0.00000    0.00000   31.00000
       0.00000    7.00000
  2500.10000     -16154416.0      5508.99150     -990.279000     -.118755000
 -.588816670E-06  3231409.50
 1     0.000000000   0.00
  2500.10001     -16928329.5      10329.0989     -1605.12617         0.000000000
     0.000000000     0.000000000
 1     0.000000000   0.00
   3
  7.00000      6.00000      31.0000
   1   2   1
 Li
 Th                       U
 F
   1   1
   1   2
   1   1
   4
   1   2   3   4   1
 -80000.0000         0.000000000     0.000000000     0.000000000     0.000000000
     0.000000000
   0
 SSafsoln
 SUBL
 ThF7Li3                         0.000000    0.000000
   4  2           0.00000    0.00000    1.00000    0.00000    0.00000    0.00000
       0.00000    0.00000    0.00000    0.00000    0.00000    0.00000    0.00000
       0.00000    0.00000    0.00000    0.00000    0.00000    0.00000    7.00000
       0.00000    3.00000
  2500.10000     -4056861.90      1687.10370     -282.100000     -.286500000E-01
 -.252333330E-06  1481000.00
 1     0.000000000   0.00
  2501.10005     -4249367.73      2882.39432     -434.355420         0.000000000
     0.000000000     0.000000000
 1     0.000000000   0.00
 UF7Li3                          0.000000    0.000000
   4  2           0.00000    1.00000    0.00000    0.00000    0.00000    0.00000
       0.00000    0.00000    0.00000    0.00000    0.00000    0.00000    0.00000
       0.00000    0.00000    0.00000    0.00000    0.00000    0.00000    7.00000
       0.00000    3.00000
  2500.10000     -3848088.70      1411.23380     -244.446000     -.347455000E-01
 -.252350000E-06  1060236.00
 1     0.000000000   0.00
  2501.10005     -4079342.90      2846.16204     -427.305080         0.000000000
     0.000000000     0.000000000
 1     0.000000000   0.00
   3
  3.00000      1.00000      7.00000
   1   2   1
 Li
 Th                       U
 F
   1   1
   1   2
   1   1
   4
   1   2   3   4   1
 -10000.0000         0.000000000     0.000000000     0.000000000     0.000000000
     0.000000000
   0
 SSafsoln
 SUBL
 ThF7Li3                         0.000000    0.000000
   4  2           0.00000    0.00000    1.00000    0.00000    0.00000    0.00000
       0.00000    0.00000    0.00000    0.00000    0.00000    0.00000    0.00000
       0.00000    0.00000    0.00000    0.00000    0.00000    0.00000    7.00000
       0.00000    3.00000
  2500.10000     -4056861.90      1687.10370     -282.100000     -.286500000E-01
 -.252333330E-06  1481000.00
 1     0.000000000   0.00
  2501.10005     -4249367.73      2882.39432     -434.355420         0.000000000
     0.000000000     0.000000000
 1     0.000000000   0.00
 UF7Li3                          0.000000    0.000000
   4  2           0.00000    1.00000    0.00000    0.00000    0.00000    0.00000
       0.00000    0.00000    0.00000    0.00000    0.00000    0.00000    0.00000
       0.00000    0.00000    0.00000    0.00000    0.00000    0.00000    7.00000
       0.00000    3.00000
  2500.10000     -3848088.70      1411.23380     -244.446000     -.347455000E-01
 -.252350000E-06  1060236.00
 1     0.000000000   0.00
  2501.10005     -4079342.90      2846.16204     -427.305080         0.000000000
     0.000000000     0.000000000
 1     0.000000000   0.00
   3
  3.00000      1.00000      7.00000
   1   2   1
 Li
 Th                       U
 F
   1   1
   1   2
   1   1
   4
   1   2   3   4   1
 -10000.0000         0.000000000     0.000000000     0.000000000     0.000000000
     0.000000000
   0
 SSagsoln
 SUBL
 ThNa2F6                         0.000000    0.000000
   4  2           0.00000    0.00000    1.00000    0.00000    0.00000    0.00000
       0.00000    0.00000    0.00000    0.00000    0.00000    0.00000    0.00000
       0.00000    0.00000    0.00000    0.00000    0.00000    2.00000    6.00000
       0.00000    0.00000
  2500.10000     -3356708.20      1223.97550     -217.433000     -.189750000E-01
     0.000000000  1091800.00
 1     0.000000000   0.00
  2500.10001     -3473564.63      1963.05800     -311.962447         0.000000000
     0.000000000     0.000000000
 1     0.000000000   0.00
 UNa2F6                          0.000000    0.000000
   4  2           0.00000    1.00000    0.00000    0.00000    0.00000    0.00000
       0.00000    0.00000    0.00000    0.00000    0.00000    0.00000    0.00000
       0.00000    0.00000    0.00000    0.00000    0.00000    2.00000    6.00000
       0.00000    0.00000
  2500.10000     -3158774.20      1155.20990     -209.779000     -.250675000E-01
     0.000000000  670879.500
 1     0.000000000   0.00
  2500.10001     -3314385.24      2133.89896     -334.906849         0.000000000
     0.000000000     0.000000000
 1     0.000000000   0.00
   3
  2.00000      1.00000      6.00000
   1   2   1
 Na
 Th                       U
 F
   1   1
   1   2
   1   1
   4
   1   2   3   4   2
  12000.0000         0.000000000     0.000000000     0.000000000     0.000000000
     0.000000000
  25000.0000         0.000000000     0.000000000     0.000000000     0.000000000
     0.000000000
   0
 SSagsoln
 SUBL
 ThNa2F6                         0.000000    0.000000
   4  2           0.00000    0.00000    1.00000    0.00000    0.00000    0.00000
       0.00000    0.00000    0.00000    0.00000    0.00000    0.00000    0.00000
       0.00000    0.00000    0.00000    0.00000    0.00000    2.00000    6.00000
       0.00000    0.00000
  2500.10000     -3356708.20      1223.97550     -217.433000     -.189750000E-01
     0.000000000  1091800.00
 1     0.000000000   0.00
  2500.10001     -3473564.63      1963.05800     -311.962447         0.000000000
     0.000000000     0.000000000
 1     0.000000000   0.00
 UNa2F6                          0.000000    0.000000
   4  2           0.00000    1.00000    0.00000    0.00000    0.00000    0.00000
       0.00000    0.00000    0.00000    0.00000    0.00000    0.00000    0.00000
       0.00000    0.00000    0.00000    0.00000    0.00000    2.00000    6.00000
       0.00000    0.00000
  2500.10000     -3158774.20      1155.20990     -209.779000     -.250675000E-01
     0.000000000  670879.500
 1     0.000000000   0.00
  2500.10001     -3314385.24      2133.89896     -334.906849         0.000000000
     0.000000000     0.000000000
 1     0.000000000   0.00
   3
  2.00000      1.00000      6.00000
   1   2   1
 Na
 Th                       U
 F
   1   1
   1   2
   1   1
   4
   1   2   3   4   2
  12000.0000         0.000000000     0.000000000     0.000000000     0.000000000
     0.000000000
  25000.0000         0.000000000     0.000000000     0.000000000     0.000000000
     0.000000000
   0
 SSahsoln
 SUBL
 Th6Na7F31                       0.000000    0.000000
   4  2           0.00000    0.00000    6.00000    0.00000    0.00000    0.00000
       0.00000    0.00000    0.00000    0.00000    0.00000    0.00000    0.00000
       0.00000    0.00000    0.00000    0.00000    0.00000    7.00000   31.00000
       0.00000    0.00000
  2500.10000     -17014171.0      5885.11420     -1066.44800     -.768750000E-01
     0.000000000  5390050.00
 1     0.000000000   0.00
  2500.10001     -17486054.5      8876.53651     -1449.11370         0.000000000
     0.000000000     0.000000000
 1     0.000000000   0.00
 U6Na7F31                        0.000000    0.000000
   4  2           0.00000    6.00000    0.00000    0.00000    0.00000    0.00000
       0.00000    0.00000    0.00000    0.00000    0.00000    0.00000    0.00000
       0.00000    0.00000    0.00000    0.00000    0.00000    7.00000   31.00000
       0.00000    0.00000
  2500.10000     -15942368.0      5570.95020     -1020.52600     -.113430000
     0.000000000  2864527.00
 1     0.000000000   0.00
  2500.10001     -16646779.2      10000.0119     -1586.78211         0.000000000
     0.000000000     0.000000000
 1     0.000000000   0.00
   3
  7.00000      6.00000      31.0000
   1   2   1
 Na
 Th                       U
 F
   1   1
   1   2
   1   1
   4
   1   2   3   4   2
  12000.0000         0.000000000     0.000000000     0.000000000     0.000000000
     0.000000000
  8000.00000         0.000000000     0.000000000     0.000000000     0.000000000
     0.000000000
   0
 SSahsoln
 SUBL
 Th6Na7F31                       0.000000    0.000000
   4  2           0.00000    0.00000    6.00000    0.00000    0.00000    0.00000
       0.00000    0.00000    0.00000    0.00000    0.00000    0.00000    0.00000
       0.00000    0.00000    0.00000    0.00000    0.00000    7.00000   31.00000
       0.00000    0.00000
  2500.10000     -17014171.0      5885.11420     -1066.44800     -.768750000E-01
     0.000000000  5390050.00
 1     0.000000000   0.00
  2500.10001     -17486054.5      8876.53651     -1449.11370         0.000000000
     0.000000000     0.000000000
 1     0.000000000   0.00
 U6Na7F31                        0.000000    0.000000
   4  2           0.00000    6.00000    0.00000    0.00000    0.00000    0.00000
       0.00000    0.00000    0.00000    0.00000    0.00000    0.00000    0.00000
       0.00000    0.00000    0.00000    0.00000    0.00000    7.00000   31.00000
       0.00000    0.00000
  2500.10000     -15942368.0      5570.95020     -1020.52600     -.113430000
     0.000000000  2864527.00
 1     0.000000000   0.00
  2500.10001     -16646779.2      10000.0119     -1586.78211         0.000000000
     0.000000000     0.000000000
 1     0.000000000   0.00
   3
  7.00000      6.00000      31.0000
   1   2   1
 Na
 Th                       U
 F
   1   1
   1   2
   1   1
   4
   1   2   3   4   2
  12000.0000         0.000000000     0.000000000     0.000000000     0.000000000
     0.000000000
  8000.00000         0.000000000     0.000000000     0.000000000     0.000000000
     0.000000000
   0
 SSaisoln
 SUBL
 Th2NaF9                         0.000000    0.000000
   4  2           0.00000    0.00000    2.00000    0.00000    0.00000    0.00000
       0.00000    0.00000    0.00000    0.00000    0.00000    0.00000    0.00000
       0.00000    0.00000    0.00000    0.00000    0.00000    1.00000    9.00000
       0.00000    0.00000
  2500.10000     -4890205.90      1633.36780     -291.976000     -.157650000E-01
     0.000000000  1487150.00
 1     0.000000000   0.00
  2500.10001     -4986365.69      2245.68918     -370.328303         0.000000000
     0.000000000     0.000000000
 1     0.000000000   0.00
 U2NaF9                          0.000000    0.000000
   4  2           0.00000    2.00000    0.00000    0.00000    0.00000    0.00000
       0.00000    0.00000    0.00000    0.00000    0.00000    0.00000    0.00000
       0.00000    0.00000    0.00000    0.00000    0.00000    1.00000    9.00000
       0.00000    0.00000
  2500.10000     -4519502.20      1522.34330     -276.669000     -.279500000E-01
     0.000000000  645309.000
 1     0.000000000   0.00
  2500.10001     -4693171.22      2613.87780     -416.218108         0.000000000
     0.000000000     0.000000000
 1     0.000000000   0.00
   3
  1.00000      2.00000      9.00000
   1   2   1
 Na
 Th                       U
 F
   1   1
   1   2
   1   1
   4
   1   2   3   4   1
  12000.0000         0.000000000     0.000000000     0.000000000     0.000000000
     0.000000000
   0
 SSaisoln
 SUBL
 Th2NaF9                         0.000000    0.000000
   4  2           0.00000    0.00000    2.00000    0.00000    0.00000    0.00000
       0.00000    0.00000    0.00000    0.00000    0.00000    0.00000    0.00000
       0.00000    0.00000    0.00000    0.00000    0.00000    1.00000    9.00000
       0.00000    0.00000
  2500.10000     -4890205.90      1633.36780     -291.976000     -.157650000E-01
     0.000000000  1487150.00
 1     0.000000000   0.00
  2500.10001     -4986365.69      2245.68918     -370.328303         0.000000000
     0.000000000     0.000000000
 1     0.000000000   0.00
 U2NaF9                          0.000000    0.000000
   4  2           0.00000    2.00000    0.00000    0.00000    0.00000    0.00000
       0.00000    0.00000    0.00000    0.00000    0.00000    0.00000    0.00000
       0.00000    0.00000    0.00000    0.00000    0.00000    1.00000    9.00000
       0.00000    0.00000
  2500.10000     -4519502.20      1522.34330     -276.669000     -.279500000E-01
     0.000000000  645309.000
 1     0.000000000   0.00
  2500.10001     -4693171.22      2613.87780     -416.218108         0.000000000
     0.000000000     0.000000000
 1     0.000000000   0.00
   3
  1.00000      2.00000      9.00000
   1   2   1
 Na
 Th                       U
 F
   1   1
   1   2
   1   1
   4
   1   2   3   4   1
  12000.0000         0.000000000     0.000000000     0.000000000     0.000000000
     0.000000000
   0
 FM3M
 QKTO
 LiI                             0.000000    0.000000
   4  2           0.00000    0.00000    0.00000    0.00000    0.00000    0.00000
       0.00000    0.00000    0.00000    1.00000    0.00000    0.00000    0.00000
       0.00000    0.00000    0.00000    0.00000    0.00000    0.00000    0.00000
       0.00000    1.00000
  742.000000     -285139.373      222.963064     -45.1788320     -.112716960E-01
     0.000000000  38074.4000
 1     0.000000000   0.00
  742.000001     -291139.910      332.397342     -61.7677183         0.000000000
     0.000000000     0.000000000
 1     0.000000000   0.00
  1.00000      1
 LiF                             0.000000    0.000000
   4  2           0.00000    0.00000    0.00000    0.00000    0.00000    0.00000
       0.00000    0.00000    0.00000    0.00000    0.00000    0.00000    0.00000
       0.00000    0.00000    0.00000    0.00000    0.00000    0.00000    1.00000
       0.00000    1.00000
  2500.10000     -632481.903      262.493230     -43.3090000     -.815600000E-02
 -.841166670E-07  284562.000
 1     0.000000000   0.00
  2500.10001     -688263.623      606.982628     -87.1542060         0.000000000
     0.000000000     0.000000000
 1     0.000000000   0.00
  1.00000      1
 NaF                             0.000000    0.000000
   4  2           0.00000    0.00000    0.00000    0.00000    0.00000    0.00000
       0.00000    0.00000    0.00000    0.00000    0.00000    0.00000    0.00000
       0.00000    0.00000    0.00000    0.00000    0.00000    1.00000    1.00000
       0.00000    0.00000
  2500.10000     -593065.520      274.817720     -47.6300000     -.739500000E-02
     0.000000000  232150.000
 1     0.000000000   0.00
  2500.10001     -638916.542      563.432260     -84.5321969         0.000000000
     0.000000000     0.000000000
 1     0.000000000   0.00
  1.00000      1
 KF                              0.000000    0.000000
   4  2           0.00000    0.00000    0.00000    0.00000    0.00000    0.00000
       0.00000    0.00000    0.00000    0.00000    0.00000    0.00000    0.00000
       0.00000    0.00000    0.00000    0.00000    1.00000    0.00000    1.00000
       0.00000    0.00000
  2000.10000     -575019.482      303.171790     -53.8109554     -.352474300E-02
 -.372166667E-06     0.000000000
 1 -2120.93727      99.00
  2500.10005     -588488.936      367.508666     -63.5730620         0.000000000
     0.000000000     0.000000000
 1     0.000000000   0.00
  1.00000      1
 RbF                             0.000000    0.000000
   4  2           0.00000    0.00000    0.00000    0.00000    0.00000    0.00000
       0.00000    0.00000    0.00000    0.00000    0.00000    0.00000    0.00000
       1.00000    0.00000    0.00000    0.00000    0.00000    0.00000    1.00000
       0.00000    0.00000
  1500.10000     -573638.550      213.919190     -42.3430000     -.130120000E-01
     0.000000000  23450.0000
 1     0.000000000   0.00
  2500.10005     -602856.925      499.236014     -81.3607610         0.000000000
     0.000000000     0.000000000
 1     0.000000000   0.00
  1.00000      1
 CsF                             0.000000    0.000000
   4  2           0.00000    0.00000    0.00000    0.00000    0.00000    0.00000
       0.00000    0.00000    1.00000    0.00000    0.00000    0.00000    0.00000
       0.00000    0.00000    0.00000    0.00000    0.00000    0.00000    1.00000
       0.00000    0.00000
  973.000000     -563135.124      85.0354250     -24.2910000     -.323035000E-01
     0.000000000 -294990.500
 1     0.000000000   0.00
  973.000001     -594930.490      522.776807     -87.7767893         0.000000000
     0.000000000     0.000000000
 1     0.000000000   0.00
  1.00000      1
 KI                              0.000000    0.000000
   4  2           0.00000    0.00000    0.00000    0.00000    0.00000    0.00000
       0.00000    0.00000    0.00000    1.00000    0.00000    0.00000    0.00000
       0.00000    0.00000    0.00000    0.00000    1.00000    0.00000    0.00000
       0.00000    0.00000
  953.700000     -342505.530      190.934774     -43.5380000     -.111980000E-01
     0.000000000 -114900.000
 1     0.000000000   0.00
  3300.00000     -357424.375      374.621339     -69.6080000         0.000000000
     0.000000000     0.000000000
 1     0.000000000   0.00
  1.00000      1
 CsI                             0.000000    0.000000
   4  2           0.00000    0.00000    0.00000    0.00000    0.00000    0.00000
       0.00000    0.00000    1.00000    1.00000    0.00000    0.00000    0.00000
       0.00000    0.00000    0.00000    0.00000    0.00000    0.00000    0.00000
       0.00000    0.00000
  2000.00000     -356484.734      176.753451     -43.8152100     -.109211000E-01
 -.415961000E-06 -100123.850
 1     0.000000000   0.00
  2000.00001     -413680.133      590.121751     -97.5327359         0.000000000
     0.000000000     0.000000000
 1     0.000000000   0.00
  1.00000      1
 NaI                             0.000000    0.000000
   4  2           0.00000    0.00000    0.00000    0.00000    0.00000    0.00000
       0.00000    0.00000    0.00000    1.00000    0.00000    0.00000    0.00000
       0.00000    0.00000    0.00000    0.00000    0.00000    1.00000    0.00000
       0.00000    0.00000
  934.000000     -302190.428      207.884578     -44.7646160     -.110666800E-01
     0.000000000  15.2751564
 1     0.000000000   0.00
  2000.00000     -313406.899      362.388114     -67.1100000         0.000000000
     0.000000000     0.000000000
 1     0.000000000   0.00
  1.00000      1
 Li2NiF4                         0.000000    0.000000
   4  3           0.00000    0.00000    0.00000    0.00000    0.00000    0.00000
       0.00000    0.00000    0.00000    0.00000    0.00000    0.00000    0.00000
       0.00000    1.00000    0.00000    0.00000    0.00000    0.00000    4.00000
       0.00000    2.00000
  2000.00000     -1947959.91      899.520378     -152.123000     -.240005000E-01
 -.168233334E-06  874925.500
 1     0.000000000   0.00
  2500.00000     -1978102.30      1131.88700     -182.724099     -.163120000E-01
 -.168233334E-06  569124.000
 1     0.000000000   0.00
  2500.00001     -2089656.29      1820.83242     -270.410730         0.000000000
     0.000000000     0.000000000
 1     0.000000000   0.00
  1.00000      1
 RbI                             0.000000    0.000000
   4  3           0.00000    0.00000    0.00000    0.00000    0.00000    0.00000
       0.00000    0.00000    0.00000    1.00000    0.00000    0.00000    0.00000
       1.00000    0.00000    0.00000    0.00000    0.00000    0.00000    0.00000
       0.00000    0.00000
  929.000000     -345996.807      164.893859     -41.5229500     -.124368100E-01
 0.134506400E-08 -162303.850
 1     0.000000000   0.00
  3400.00000     -364020.983      381.521744     -72.1000000     0.108637750E-16
 -.467984000E-21 0.742255000E-08
 1     0.000000000   0.00
  3400.00001     -364020.983      381.521744     -72.1000000         0.000000000
     0.000000000     0.000000000
 1     0.000000000   0.00
  1.00000      1
   2
   2   3   1   1  22000.0000         0.000000000     0.000000000     0.000000000
     0.000000000     0.000000000
   2
   2   3   3   1  10200.0000         0.000000000     0.000000000     0.000000000
     0.000000000     0.000000000
   2
   3   4   1   1  26750.0000         0.000000000     0.000000000     0.000000000
     0.000000000     0.000000000
   2
   3   4   3   1  20000.0000         0.000000000     0.000000000     0.000000000
     0.000000000     0.000000000
   2
   4   5   1   2 -500.000000         0.000000000     0.000000000     0.000000000
     0.000000000     0.000000000
   2
   4   6   1   1  11300.0000         0.000000000     0.000000000     0.000000000
     0.000000000     0.000000000
   2
   5   6   1   1  2525.00000         0.000000000     0.000000000     0.000000000
     0.000000000     0.000000000
   2
   3   5   1   1  75000.0000         0.000000000     0.000000000     0.000000000
     0.000000000     0.000000000
   2
   3   6   1   1  75000.0000         0.000000000     0.000000000     0.000000000
     0.000000000     0.000000000
   2
   2   4   1   1  50000.0000         0.000000000     0.000000000     0.000000000
     0.000000000     0.000000000
   2
   2   5   1   1  75000.0000         0.000000000     0.000000000     0.000000000
     0.000000000     0.000000000
   2
   2   6   1   1  75000.0000         0.000000000     0.000000000     0.000000000
     0.000000000     0.000000000
   2
   4   6   3   1  50000.0000         0.000000000     0.000000000     0.000000000
     0.000000000     0.000000000
   2
   7   8   1   1  22000.0000         0.000000000     0.000000000     0.000000000
     0.000000000     0.000000000
   2
   4   7   1   1  50000.0000         0.000000000     0.000000000     0.000000000
     0.000000000     0.000000000
   2
   6   8   1   1  75000.0000         0.000000000     0.000000000     0.000000000
     0.000000000     0.000000000
   2
   6   7   1   1  75000.0000         0.000000000     0.000000000     0.000000000
     0.000000000     0.000000000
   2
   4   8   1   1  75000.0000         0.000000000     0.000000000     0.000000000
     0.000000000     0.000000000
   2
   1   8   1   1  75000.0000         0.000000000     0.000000000     0.000000000
     0.000000000     0.000000000
   2
   1   2   1   1  75000.0000         0.000000000     0.000000000     0.000000000
     0.000000000     0.000000000
   2
   2   8   1   1  75000.0000         0.000000000     0.000000000     0.000000000
     0.000000000     0.000000000
   2
   1   7   1   1  100000.000         0.000000000     0.000000000     0.000000000
     0.000000000     0.000000000
   2
   1   4   1   1  75000.0000         0.000000000     0.000000000     0.000000000
     0.000000000     0.000000000
   2
   2   7   1   1  75000.0000         0.000000000     0.000000000     0.000000000
     0.000000000     0.000000000
   2
   1   9   1   1  7000.00000         0.000000000     0.000000000     0.000000000
     0.000000000     0.000000000
   2
   3   9   1   1  80000.0000     -5.00000000         0.000000000     0.000000000
     0.000000000     0.000000000
   2
   2   9   1   1  75000.0000         0.000000000     0.000000000     0.000000000
     0.000000000     0.000000000
   2
   1   3   1   1  60000.0000         0.000000000     0.000000000     0.000000000
     0.000000000     0.000000000
   2
   8   9   1   1  50000.0000         0.000000000     0.000000000     0.000000000
     0.000000000     0.000000000
   2
   6   9   1   1  70000.0000         0.000000000     0.000000000     0.000000000
     0.000000000     0.000000000
   2
   3   8   1   1  75000.0000         0.000000000     0.000000000     0.000000000
     0.000000000     0.000000000
   2
   4   9   1   1  75000.0000         0.000000000     0.000000000     0.000000000
     0.000000000     0.000000000
   2
   3   7   1   1  75000.0000         0.000000000     0.000000000     0.000000000
     0.000000000     0.000000000
   2
   7   9   1   1  8900.00000         0.000000000     0.000000000     0.000000000
     0.000000000     0.000000000
   2
   7   9   1   4  2150.00000         0.000000000     0.000000000     0.000000000
     0.000000000     0.000000000
   2
   2  10   3   1  11091.7600         0.000000000     0.000000000     0.000000000
     0.000000000     0.000000000
   2
   3  10   1   1  50000.0000         0.000000000     0.000000000     0.000000000
     0.000000000     0.000000000
   2
   4  10   1   1  50000.0000         0.000000000     0.000000000     0.000000000
     0.000000000     0.000000000
   2
   6  10   1   1  50000.0000         0.000000000     0.000000000     0.000000000
     0.000000000     0.000000000
   2
   5  10   1   1  50000.0000         0.000000000     0.000000000     0.000000000
     0.000000000     0.000000000
   2
   5  11   1   1  75000.0000         0.000000000     0.000000000     0.000000000
     0.000000000     0.000000000
   0
 FM3M
 QKTO
 LiI                             0.000000    0.000000
   4  2           0.00000    0.00000    0.00000    0.00000    0.00000    0.00000
       0.00000    0.00000    0.00000    1.00000    0.00000    0.00000    0.00000
       0.00000    0.00000    0.00000    0.00000    0.00000    0.00000    0.00000
       0.00000    1.00000
  742.000000     -285139.373      222.963064     -45.1788320     -.112716960E-01
     0.000000000  38074.4000
 1     0.000000000   0.00
  742.000001     -291139.910      332.397342     -61.7677183         0.000000000
     0.000000000     0.000000000
 1     0.000000000   0.00
  1.00000      1
 LiF                             0.000000    0.000000
   4  2           0.00000    0.00000    0.00000    0.00000    0.00000    0.00000
       0.00000    0.00000    0.00000    0.00000    0.00000    0.00000    0.00000
       0.00000    0.00000    0.00000    0.00000    0.00000    0.00000    1.00000
       0.00000    1.00000
  2500.10000     -632481.903      262.493230     -43.3090000     -.815600000E-02
 -.841166670E-07  284562.000
 1     0.000000000   0.00
  2500.10001     -688263.623      606.982628     -87.1542060         0.000000000
     0.000000000     0.000000000
 1     0.000000000   0.00
  1.00000      1
 NaF                             0.000000    0.000000
   4  2           0.00000    0.00000    0.00000    0.00000    0.00000    0.00000
       0.00000    0.00000    0.00000    0.00000    0.00000    0.00000    0.00000
       0.00000    0.00000    0.00000    0.00000    0.00000    1.00000    1.00000
       0.00000    0.00000
  2500.10000     -593065.520      274.817720     -47.6300000     -.739500000E-02
     0.000000000  232150.000
 1     0.000000000   0.00
  2500.10001     -638916.542      563.432260     -84.5321969         0.000000000
     0.000000000     0.000000000
 1     0.000000000   0.00
  1.00000      1
 KF                              0.000000    0.000000
   4  2           0.00000    0.00000    0.00000    0.00000    0.00000    0.00000
       0.00000    0.00000    0.00000    0.00000    0.00000    0.00000    0.00000
       0.00000    0.00000    0.00000    0.00000    1.00000    0.00000    1.00000
       0.00000    0.00000
  2000.10000     -575019.482      303.171790     -53.8109554     -.352474300E-02
 -.372166667E-06     0.000000000
 1 -2120.93727      99.00
  2500.10005     -588488.936      367.508666     -63.5730620         0.000000000
     0.000000000     0.000000000
 1     0.000000000   0.00
  1.00000      1
 RbF                             0.000000    0.000000
   4  2           0.00000    0.00000    0.00000    0.00000    0.00000    0.00000
       0.00000    0.00000    0.00000    0.00000    0.00000    0.00000    0.00000
       1.00000    0.00000    0.00000    0.00000    0.00000    0.00000    1.00000
       0.00000    0.00000
  1500.10000     -573638.550      213.919190     -42.3430000     -.130120000E-01
     0.000000000  23450.0000
 1     0.000000000   0.00
  2500.10005     -602856.925      499.236014     -81.3607610         0.000000000
     0.000000000     0.000000000
 1     0.000000000   0.00
  1.00000      1
 CsF                             0.000000    0.000000
   4  2           0.00000    0.00000    0.00000    0.00000    0.00000    0.00000
       0.00000    0.00000    1.00000    0.00000    0.00000    0.00000    0.00000
       0.00000    0.00000    0.00000    0.00000    0.00000    0.00000    1.00000
       0.00000    0.00000
  973.000000     -563135.124      85.0354250     -24.2910000     -.323035000E-01
     0.000000000 -294990.500
 1     0.000000000   0.00
  973.000001     -594930.490      522.776807     -87.7767893         0.000000000
     0.000000000     0.000000000
 1     0.000000000   0.00
  1.00000      1
 KI                              0.000000    0.000000
   4  2           0.00000    0.00000    0.00000    0.00000    0.00000    0.00000
       0.00000    0.00000    0.00000    1.00000    0.00000    0.00000    0.00000
       0.00000    0.00000    0.00000    0.00000    1.00000    0.00000    0.00000
       0.00000    0.00000
  953.700000     -342505.530      190.934774     -43.5380000     -.111980000E-01
     0.000000000 -114900.000
 1     0.000000000   0.00
  3300.00000     -357424.375      374.621339     -69.6080000         0.000000000
     0.000000000     0.000000000
 1     0.000000000   0.00
  1.00000      1
 CsI                             0.000000    0.000000
   4  2           0.00000    0.00000    0.00000    0.00000    0.00000    0.00000
       0.00000    0.00000    1.00000    1.00000    0.00000    0.00000    0.00000
       0.00000    0.00000    0.00000    0.00000    0.00000    0.00000    0.00000
       0.00000    0.00000
  2000.00000     -356484.734      176.753451     -43.8152100     -.109211000E-01
 -.415961000E-06 -100123.850
 1     0.000000000   0.00
  2000.00001     -413680.133      590.121751     -97.5327359         0.000000000
     0.000000000     0.000000000
 1     0.000000000   0.00
  1.00000      1
 NaI                             0.000000    0.000000
   4  2           0.00000    0.00000    0.00000    0.00000    0.00000    0.00000
       0.00000    0.00000    0.00000    1.00000    0.00000    0.00000    0.00000
       0.00000    0.00000    0.00000    0.00000    0.00000    1.00000    0.00000
       0.00000    0.00000
  934.000000     -302190.428      207.884578     -44.7646160     -.110666800E-01
     0.000000000  15.2751564
 1     0.000000000   0.00
  2000.00000     -313406.899      362.388114     -67.1100000         0.000000000
     0.000000000     0.000000000
 1     0.000000000   0.00
  1.00000      1
 Li2NiF4                         0.000000    0.000000
   4  3           0.00000    0.00000    0.00000    0.00000    0.00000    0.00000
       0.00000    0.00000    0.00000    0.00000    0.00000    0.00000    0.00000
       0.00000    1.00000    0.00000    0.00000    0.00000    0.00000    4.00000
       0.00000    2.00000
  2000.00000     -1947959.91      899.520378     -152.123000     -.240005000E-01
 -.168233334E-06  874925.500
 1     0.000000000   0.00
  2500.00000     -1978102.30      1131.88700     -182.724099     -.163120000E-01
 -.168233334E-06  569124.000
 1     0.000000000   0.00
  2500.00001     -2089656.29      1820.83242     -270.410730         0.000000000
     0.000000000     0.000000000
 1     0.000000000   0.00
  1.00000      1
 RbI                             0.000000    0.000000
   4  3           0.00000    0.00000    0.00000    0.00000    0.00000    0.00000
       0.00000    0.00000    0.00000    1.00000    0.00000    0.00000    0.00000
       1.00000    0.00000    0.00000    0.00000    0.00000    0.00000    0.00000
       0.00000    0.00000
  929.000000     -345996.807      164.893859     -41.5229500     -.124368100E-01
 0.134506400E-08 -162303.850
 1     0.000000000   0.00
  3400.00000     -364020.983      381.521744     -72.1000000     0.108637750E-16
 -.467984000E-21 0.742255000E-08
 1     0.000000000   0.00
  3400.00001     -364020.983      381.521744     -72.1000000         0.000000000
     0.000000000     0.000000000
 1     0.000000000   0.00
  1.00000      1
   2
   2   3   1   1  22000.0000         0.000000000     0.000000000     0.000000000
     0.000000000     0.000000000
   2
   2   3   3   1  10200.0000         0.000000000     0.000000000     0.000000000
     0.000000000     0.000000000
   2
   3   4   1   1  26750.0000         0.000000000     0.000000000     0.000000000
     0.000000000     0.000000000
   2
   3   4   3   1  20000.0000         0.000000000     0.000000000     0.000000000
     0.000000000     0.000000000
   2
   4   5   1   2 -500.000000         0.000000000     0.000000000     0.000000000
     0.000000000     0.000000000
   2
   4   6   1   1  11300.0000         0.000000000     0.000000000     0.000000000
     0.000000000     0.000000000
   2
   5   6   1   1  2525.00000         0.000000000     0.000000000     0.000000000
     0.000000000     0.000000000
   2
   3   5   1   1  75000.0000         0.000000000     0.000000000     0.000000000
     0.000000000     0.000000000
   2
   3   6   1   1  75000.0000         0.000000000     0.000000000     0.000000000
     0.000000000     0.000000000
   2
   2   4   1   1  50000.0000         0.000000000     0.000000000     0.000000000
     0.000000000     0.000000000
   2
   2   5   1   1  75000.0000         0.000000000     0.000000000     0.000000000
     0.000000000     0.000000000
   2
   2   6   1   1  75000.0000         0.000000000     0.000000000     0.000000000
     0.000000000     0.000000000
   2
   4   6   3   1  50000.0000         0.000000000     0.000000000     0.000000000
     0.000000000     0.000000000
   2
   7   8   1   1  22000.0000         0.000000000     0.000000000     0.000000000
     0.000000000     0.000000000
   2
   4   7   1   1  50000.0000         0.000000000     0.000000000     0.000000000
     0.000000000     0.000000000
   2
   6   8   1   1  75000.0000         0.000000000     0.000000000     0.000000000
     0.000000000     0.000000000
   2
   6   7   1   1  75000.0000         0.000000000     0.000000000     0.000000000
     0.000000000     0.000000000
   2
   4   8   1   1  75000.0000         0.000000000     0.000000000     0.000000000
     0.000000000     0.000000000
   2
   1   8   1   1  75000.0000         0.000000000     0.000000000     0.000000000
     0.000000000     0.000000000
   2
   1   2   1   1  75000.0000         0.000000000     0.000000000     0.000000000
     0.000000000     0.000000000
   2
   2   8   1   1  75000.0000         0.000000000     0.000000000     0.000000000
     0.000000000     0.000000000
   2
   1   7   1   1  100000.000         0.000000000     0.000000000     0.000000000
     0.000000000     0.000000000
   2
   1   4   1   1  75000.0000         0.000000000     0.000000000     0.000000000
     0.000000000     0.000000000
   2
   2   7   1   1  75000.0000         0.000000000     0.000000000     0.000000000
     0.000000000     0.000000000
   2
   1   9   1   1  7000.00000         0.000000000     0.000000000     0.000000000
     0.000000000     0.000000000
   2
   3   9   1   1  80000.0000     -5.00000000         0.000000000     0.000000000
     0.000000000     0.000000000
   2
   2   9   1   1  75000.0000         0.000000000     0.000000000     0.000000000
     0.000000000     0.000000000
   2
   1   3   1   1  60000.0000         0.000000000     0.000000000     0.000000000
     0.000000000     0.000000000
   2
   8   9   1   1  50000.0000         0.000000000     0.000000000     0.000000000
     0.000000000     0.000000000
   2
   6   9   1   1  70000.0000         0.000000000     0.000000000     0.000000000
     0.000000000     0.000000000
   2
   3   8   1   1  75000.0000         0.000000000     0.000000000     0.000000000
     0.000000000     0.000000000
   2
   4   9   1   1  75000.0000         0.000000000     0.000000000     0.000000000
     0.000000000     0.000000000
   2
   3   7   1   1  75000.0000         0.000000000     0.000000000     0.000000000
     0.000000000     0.000000000
   2
   7   9   1   1  8900.00000         0.000000000     0.000000000     0.000000000
     0.000000000     0.000000000
   2
   7   9   1   4  2150.00000         0.000000000     0.000000000     0.000000000
     0.000000000     0.000000000
   2
   2  10   3   1  11091.7600         0.000000000     0.000000000     0.000000000
     0.000000000     0.000000000
   2
   3  10   1   1  50000.0000         0.000000000     0.000000000     0.000000000
     0.000000000     0.000000000
   2
   4  10   1   1  50000.0000         0.000000000     0.000000000     0.000000000
     0.000000000     0.000000000
   2
   6  10   1   1  50000.0000         0.000000000     0.000000000     0.000000000
     0.000000000     0.000000000
   2
   5  10   1   1  50000.0000         0.000000000     0.000000000     0.000000000
     0.000000000     0.000000000
   2
   5  11   1   1  75000.0000         0.000000000     0.000000000     0.000000000
     0.000000000     0.000000000
   0
 P3c1
 QKTO
 CeF3                            0.000000    0.000000
   4  2           0.00000    0.00000    0.00000    0.00000    0.00000    1.00000
       0.00000    0.00000    0.00000    0.00000    0.00000    0.00000    0.00000
       0.00000    0.00000    0.00000    0.00000    0.00000    0.00000    3.00000
       0.00000    0.00000
  2000.10000     -1722044.86      574.157575     -103.257700     0.649480000E-02
 -.411468333E-05  360435.000
 1     0.000000000   0.00
  2500.10005     -1827030.05      1175.10183     -175.858380         0.000000000
     0.000000000     0.000000000
 1     0.000000000   0.00
  1.00000      1
 ThF4                            0.0000000.418400E+07
   4  2           0.00000    0.00000    1.00000    0.00000    0.00000    0.00000
       0.00000    0.00000    0.00000    0.00000    0.00000    0.00000    0.00000
       0.00000    0.00000    0.00000    0.00000    0.00000    0.00000    4.00000
       0.00000    0.00000
  2500.10000     -2088907.20      685.770010     -122.173000     -.418500000E-02
     0.000000000  627500.000
 1     0.000000000   0.00
  2500.10001     -2114061.58      847.623432     -142.898053         0.000000000
     0.000000000     0.000000000
 1     0.000000000   0.00
  1.00000      1
 UF3                             0.000000    0.000000
   4  2           0.00000    1.00000    0.00000    0.00000    0.00000    0.00000
       0.00000    0.00000    0.00000    0.00000    0.00000    0.00000    0.00000
       0.00000    0.00000    0.00000    0.00000    0.00000    0.00000    3.00000
       0.00000    0.00000
  1768.10000     -1543894.17      591.648133     -106.368000     -.450000000E-03
     0.000000000  512900.000
 1     0.000000000   0.00
  2500.10000     -1543832.72      599.125119     -107.457020         0.000000000
     0.000000000     0.000000000
 1     0.000000000   0.00
  1.00000      1
 LaF3                            0.000000    0.000000
   4  2           0.00000    0.00000    0.00000    0.00000    0.00000    0.00000
       1.00000    0.00000    0.00000    0.00000    0.00000    0.00000    0.00000
       0.00000    0.00000    0.00000    0.00000    0.00000    0.00000    3.00000
       0.00000    0.00000
  1766.00000     -1712105.55      715.961217     -122.118800     0.112337000E-01
 0.271823333E-05  1085690.00
 1 -.234788333E-08   4.00
  1766.00001     -1820259.30      1270.97590     -186.057995         0.000000000
     0.000000000     0.000000000
 1     0.000000000   0.00
  1.00000      1
 PuF3                            0.000000    0.000000
   4  2           1.00000    0.00000    0.00000    0.00000    0.00000    0.00000
       0.00000    0.00000    0.00000    0.00000    0.00000    0.00000    0.00000
       0.00000    0.00000    0.00000    0.00000    0.00000    0.00000    3.00000
       0.00000    0.00000
  2500.10000     -1621231.60      577.013860     -104.080000     -.353500000E-03
     0.000000000  518000.000
 1     0.000000000   0.00
  2500.10001     -1622612.38      589.298048     -105.681824         0.000000000
     0.000000000     0.000000000
 1     0.000000000   0.00
  1.00000      1
 UF4                             0.000000    0.000000
   4  2           0.00000    1.00000    0.00000    0.00000    0.00000    0.00000
       0.00000    0.00000    0.00000    0.00000    0.00000    0.00000    0.00000
       0.00000    0.00000    0.00000    0.00000    0.00000    0.00000    4.00000
       0.00000    0.00000
  2500.10000     -1900643.00      623.754120     -114.519000     -.102775000E-01
     0.000000000  206550.000
 1     0.000000000   0.00
  2500.10001     -1964552.05      1025.21419     -165.842465         0.000000000
     0.000000000     0.000000000
 1     0.000000000   0.00
  1.00000      1
 NaF                             0.000000    0.000000
   4  2           0.00000    0.00000    0.00000    0.00000    0.00000    0.00000
       0.00000    0.00000    0.00000    0.00000    0.00000    0.00000    0.00000
       0.00000    0.00000    0.00000    0.00000    0.00000    1.00000    1.00000
       0.00000    0.00000
  2500.10000     -585065.520      274.817720     -47.6300000     -.739500000E-02
     0.000000000  232150.000
 1     0.000000000   0.00
  2500.10001     -630916.542      563.432260     -84.5321969         0.000000000
     0.000000000     0.000000000
 1     0.000000000   0.00
  1.00000      1
   2
   1   2   3   1 -16000.0000         0.000000000     0.000000000     0.000000000
     0.000000000     0.000000000
   2
   5   6   1   1 -45000.0000         0.000000000     0.000000000     0.000000000
     0.000000000     0.000000000
   2
   5   6   3   1 -15000.0000         0.000000000     0.000000000     0.000000000
     0.000000000     0.000000000
   2
   2   5   1   1 -40000.0000         0.000000000     0.000000000     0.000000000
     0.000000000     0.000000000
   2
   2   5   1   3 -23000.0000         0.000000000     0.000000000     0.000000000
     0.000000000     0.000000000
   2
   3   6   1   1 -18000.0000         0.000000000     0.000000000     0.000000000
     0.000000000     0.000000000
   2
   3   6   3   1 -9000.00000         0.000000000     0.000000000     0.000000000
     0.000000000     0.000000000
   2
   1   2   1   1 -45000.0000         0.000000000     0.000000000     0.000000000
     0.000000000     0.000000000
   2
   1   7   1   1  5000.00000         0.000000000     0.000000000     0.000000000
     0.000000000     0.000000000
   2
   4   7   1   1  75000.0000         0.000000000     0.000000000     0.000000000
     0.000000000     0.000000000
   2
   5   7   1   1  75000.0000         0.000000000     0.000000000     0.000000000
     0.000000000     0.000000000
   2
   3   7   1   1  75000.0000         0.000000000     0.000000000     0.000000000
     0.000000000     0.000000000
   0
 P3c1
 QKTO
 CeF3                            0.000000    0.000000
   4  2           0.00000    0.00000    0.00000    0.00000    0.00000    1.00000
       0.00000    0.00000    0.00000    0.00000    0.00000    0.00000    0.00000
       0.00000    0.00000    0.00000    0.00000    0.00000    0.00000    3.00000
       0.00000    0.00000
  2000.10000     -1722044.86      574.157575     -103.257700     0.649480000E-02
 -.411468333E-05  360435.000
 1     0.000000000   0.00
  2500.10005     -1827030.05      1175.10183     -175.858380         0.000000000
     0.000000000     0.000000000
 1     0.000000000   0.00
  1.00000      1
 ThF4                            0.0000000.418400E+07
   4  2           0.00000    0.00000    1.00000    0.00000    0.00000    0.00000
       0.00000    0.00000    0.00000    0.00000    0.00000    0.00000    0.00000
       0.00000    0.00000    0.00000    0.00000    0.00000    0.00000    4.00000
       0.00000    0.00000
  2500.10000     -2088907.20      685.770010     -122.173000     -.418500000E-02
     0.000000000  627500.000
 1     0.000000000   0.00
  2500.10001     -2114061.58      847.623432     -142.898053         0.000000000
     0.000000000     0.000000000
 1     0.000000000   0.00
  1.00000      1
 UF3                             0.000000    0.000000
   4  2           0.00000    1.00000    0.00000    0.00000    0.00000    0.00000
       0.00000    0.00000    0.00000    0.00000    0.00000    0.00000    0.00000
       0.00000    0.00000    0.00000    0.00000    0.00000    0.00000    3.00000
       0.00000    0.00000
  1768.10000     -1543894.17      591.648133     -106.368000     -.450000000E-03
     0.000000000  512900.000
 1     0.000000000   0.00
  2500.10000     -1543832.72      599.125119     -107.457020         0.000000000
     0.000000000     0.000000000
 1     0.000000000   0.00
  1.00000      1
 LaF3                            0.000000    0.000000
   4  2           0.00000    0.00000    0.00000    0.00000    0.00000    0.00000
       1.00000    0.00000    0.00000    0.00000    0.00000    0.00000    0.00000
       0.00000    0.00000    0.00000    0.00000    0.00000    0.00000    3.00000
       0.00000    0.00000
  1766.00000     -1712105.55      715.961217     -122.118800     0.112337000E-01
 0.271823333E-05  1085690.00
 1 -.234788333E-08   4.00
  1766.00001     -1820259.30      1270.97590     -186.057995         0.000000000
     0.000000000     0.000000000
 1     0.000000000   0.00
  1.00000      1
 PuF3                            0.000000    0.000000
   4  2           1.00000    0.00000    0.00000    0.00000    0.00000    0.00000
       0.00000    0.00000    0.00000    0.00000    0.00000    0.00000    0.00000
       0.00000    0.00000    0.00000    0.00000    0.00000    0.00000    3.00000
       0.00000    0.00000
  2500.10000     -1621231.60      577.013860     -104.080000     -.353500000E-03
     0.000000000  518000.000
 1     0.000000000   0.00
  2500.10001     -1622612.38      589.298048     -105.681824         0.000000000
     0.000000000     0.000000000
 1     0.000000000   0.00
  1.00000      1
 UF4                             0.000000    0.000000
   4  2           0.00000    1.00000    0.00000    0.00000    0.00000    0.00000
       0.00000    0.00000    0.00000    0.00000    0.00000    0.00000    0.00000
       0.00000    0.00000    0.00000    0.00000    0.00000    0.00000    4.00000
       0.00000    0.00000
  2500.10000     -1900643.00      623.754120     -114.519000     -.102775000E-01
     0.000000000  206550.000
 1     0.000000000   0.00
  2500.10001     -1964552.05      1025.21419     -165.842465         0.000000000
     0.000000000     0.000000000
 1     0.000000000   0.00
  1.00000      1
 NaF                             0.000000    0.000000
   4  2           0.00000    0.00000    0.00000    0.00000    0.00000    0.00000
       0.00000    0.00000    0.00000    0.00000    0.00000    0.00000    0.00000
       0.00000    0.00000    0.00000    0.00000    0.00000    1.00000    1.00000
       0.00000    0.00000
  2500.10000     -585065.520      274.817720     -47.6300000     -.739500000E-02
     0.000000000  232150.000
 1     0.000000000   0.00
  2500.10001     -630916.542      563.432260     -84.5321969         0.000000000
     0.000000000     0.000000000
 1     0.000000000   0.00
  1.00000      1
   2
   1   2   3   1 -16000.0000         0.000000000     0.000000000     0.000000000
     0.000000000     0.000000000
   2
   5   6   1   1 -45000.0000         0.000000000     0.000000000     0.000000000
     0.000000000     0.000000000
   2
   5   6   3   1 -15000.0000         0.000000000     0.000000000     0.000000000
     0.000000000     0.000000000
   2
   2   5   1   1 -40000.0000         0.000000000     0.000000000     0.000000000
     0.000000000     0.000000000
   2
   2   5   1   3 -23000.0000         0.000000000     0.000000000     0.000000000
     0.000000000     0.000000000
   2
   3   6   1   1 -18000.0000         0.000000000     0.000000000     0.000000000
     0.000000000     0.000000000
   2
   3   6   3   1 -9000.00000         0.000000000     0.000000000     0.000000000
     0.000000000     0.000000000
   2
   1   2   1   1 -45000.0000         0.000000000     0.000000000     0.000000000
     0.000000000     0.000000000
   2
   1   7   1   1  5000.00000         0.000000000     0.000000000     0.000000000
     0.000000000     0.000000000
   2
   4   7   1   1  75000.0000         0.000000000     0.000000000     0.000000000
     0.000000000     0.000000000
   2
   5   7   1   1  75000.0000         0.000000000     0.000000000     0.000000000
     0.000000000     0.000000000
   2
   3   7   1   1  75000.0000         0.000000000     0.000000000     0.000000000
     0.000000000     0.000000000
   0
 C2_c
 QKTO
 NaF                             0.0000000.418400E+07
   4  2           0.00000    0.00000    0.00000    0.00000    0.00000    0.00000
       0.00000    0.00000    0.00000    0.00000    0.00000    0.00000    0.00000
       0.00000    0.00000    0.00000    0.00000    0.00000    1.00000    1.00000
       0.00000    0.00000
  2500.10000     -568065.520      274.817720     -47.6300000     -.739500000E-02
     0.000000000  232150.000
 1     0.000000000   0.00
  2500.10001     -613916.542      563.432260     -84.5321969         0.000000000
     0.000000000     0.000000000
 1     0.000000000   0.00
  1.00000      1
 ThF4                            0.000000    0.000000
   4  2           0.00000    0.00000    1.00000    0.00000    0.00000    0.00000
       0.00000    0.00000    0.00000    0.00000    0.00000    0.00000    0.00000
       0.00000    0.00000    0.00000    0.00000    0.00000    0.00000    4.00000
       0.00000    0.00000
  2500.10000     -2138907.20      685.770010     -122.173000     -.418500000E-02
     0.000000000  627500.000
 1     0.000000000   0.00
  2500.10001     -2164061.58      847.623432     -142.898053         0.000000000
     0.000000000     0.000000000
 1     0.000000000   0.00
  1.00000      1
 UF4                             0.000000    0.000000
   4  2           0.00000    1.00000    0.00000    0.00000    0.00000    0.00000
       0.00000    0.00000    0.00000    0.00000    0.00000    0.00000    0.00000
       0.00000    0.00000    0.00000    0.00000    0.00000    0.00000    4.00000
       0.00000    0.00000
  2500.00000     -1950643.00      623.754120     -114.519000     -.102775000E-01
     0.000000000  206550.000
 1     0.000000000   0.00
  2500.00001     -2014546.90      1025.19600     -165.840404         0.000000000
     0.000000000     0.000000000
 1     0.000000000   0.00
  1.00000      1
 ZrF4                            0.000000    0.000000
   4  2           0.00000    0.00000    0.00000    0.00000    0.00000    0.00000
       0.00000    0.00000    0.00000    0.00000    1.00000    0.00000    0.00000
       0.00000    0.00000    0.00000    0.00000    0.00000    0.00000    4.00000
       0.00000    0.00000
  2500.00000     -1888169.33      905.072646     -144.100000     -.158050000E-02
     0.000000000 -186050.000
 1 -13834.0000      99.00
  2500.00001     -1978914.99      913.094945     -146.528436         0.000000000
     0.000000000     0.000000000
 1     0.000000000   0.00
  1.00000      1
   2
   1   2   1   1 -35500.0000         0.000000000     0.000000000     0.000000000
     0.000000000     0.000000000
   2
   1   2   1   3 -10000.0000         0.000000000     0.000000000     0.000000000
     0.000000000     0.000000000
   2
   2   3   1   1  9000.00000         0.000000000     0.000000000     0.000000000
     0.000000000     0.000000000
   2
   3   4   1   1 -2000.00000         0.000000000     0.000000000     0.000000000
     0.000000000     0.000000000
   2
   3   4   2   1 -9000.00000         0.000000000     0.000000000     0.000000000
     0.000000000     0.000000000
   2
   3   4   1   5 -55000.0000         0.000000000     0.000000000     0.000000000
     0.000000000     0.000000000
   0
 C2_c
 QKTO
 NaF                             0.0000000.418400E+07
   4  2           0.00000    0.00000    0.00000    0.00000    0.00000    0.00000
       0.00000    0.00000    0.00000    0.00000    0.00000    0.00000    0.00000
       0.00000    0.00000    0.00000    0.00000    0.00000    1.00000    1.00000
       0.00000    0.00000
  2500.10000     -568065.520      274.817720     -47.6300000     -.739500000E-02
     0.000000000  232150.000
 1     0.000000000   0.00
  2500.10001     -613916.542      563.432260     -84.5321969         0.000000000
     0.000000000     0.000000000
 1     0.000000000   0.00
  1.00000      1
 ThF4                            0.000000    0.000000
   4  2           0.00000    0.00000    1.00000    0.00000    0.00000    0.00000
       0.00000    0.00000    0.00000    0.00000    0.00000    0.00000    0.00000
       0.00000    0.00000    0.00000    0.00000    0.00000    0.00000    4.00000
       0.00000    0.00000
  2500.10000     -2138907.20      685.770010     -122.173000     -.418500000E-02
     0.000000000  627500.000
 1     0.000000000   0.00
  2500.10001     -2164061.58      847.623432     -142.898053         0.000000000
     0.000000000     0.000000000
 1     0.000000000   0.00
  1.00000      1
 UF4                             0.000000    0.000000
   4  2           0.00000    1.00000    0.00000    0.00000    0.00000    0.00000
       0.00000    0.00000    0.00000    0.00000    0.00000    0.00000    0.00000
       0.00000    0.00000    0.00000    0.00000    0.00000    0.00000    4.00000
       0.00000    0.00000
  2500.00000     -1950643.00      623.754120     -114.519000     -.102775000E-01
     0.000000000  206550.000
 1     0.000000000   0.00
  2500.00001     -2014546.90      1025.19600     -165.840404         0.000000000
     0.000000000     0.000000000
 1     0.000000000   0.00
  1.00000      1
 ZrF4                            0.000000    0.000000
   4  2           0.00000    0.00000    0.00000    0.00000    0.00000    0.00000
       0.00000    0.00000    0.00000    0.00000    1.00000    0.00000    0.00000
       0.00000    0.00000    0.00000    0.00000    0.00000    0.00000    4.00000
       0.00000    0.00000
  2500.00000     -1888169.33      905.072646     -144.100000     -.158050000E-02
     0.000000000 -186050.000
 1 -13834.0000      99.00
  2500.00001     -1978914.99      913.094945     -146.528436         0.000000000
     0.000000000     0.000000000
 1     0.000000000   0.00
  1.00000      1
   2
   1   2   1   1 -35500.0000         0.000000000     0.000000000     0.000000000
     0.000000000     0.000000000
   2
   1   2   1   3 -10000.0000         0.000000000     0.000000000     0.000000000
     0.000000000     0.000000000
   2
   2   3   1   1  9000.00000         0.000000000     0.000000000     0.000000000
     0.000000000     0.000000000
   2
   3   4   1   1 -2000.00000         0.000000000     0.000000000     0.000000000
     0.000000000     0.000000000
   2
   3   4   2   1 -9000.00000         0.000000000     0.000000000     0.000000000
     0.000000000     0.000000000
   2
   3   4   1   5 -55000.0000         0.000000000     0.000000000     0.000000000
     0.000000000     0.000000000
   0
 SSavsoln
 QKTO
 Li3ThF7                         0.000000    0.000000
   4  2           0.00000    0.00000    1.00000    0.00000    0.00000    0.00000
       0.00000    0.00000    0.00000    0.00000    0.00000    0.00000    0.00000
       0.00000    0.00000    0.00000    0.00000    0.00000    0.00000    7.00000
       0.00000    3.00000
  2500.10000     -4056861.90      1687.10370     -282.100000     -.286500000E-01
 -.252333330E-06  1481000.00
 1     0.000000000   0.00
  2501.10005     -4249367.73      2882.39432     -434.355420         0.000000000
     0.000000000     0.000000000
 1     0.000000000   0.00
  1.00000      1
 BeF2                            0.000000    0.000000
   4  2           0.00000    0.00000    0.00000    0.00000    0.00000    0.00000
       0.00000    0.00000    0.00000    0.00000    0.00000    0.00000    0.00000
       0.00000    0.00000    0.00000    0.00000    0.00000    0.00000    2.00000
       1.00000    0.00000
  2500.00000     -1028881.10      221.969590     -39.4600000     -.231300000E-01
     0.000000000     0.000000000
 1     0.000000000   0.00
  2501.10005     -1173443.60      1126.82051     -155.110000         0.000000000
     0.000000000     0.000000000
 1     0.000000000   0.00
  1.00000      1
 LiBeThF7                        0.000000    0.000000
   4  2           0.00000    0.00000    1.00000    0.00000    0.00000    0.00000
       0.00000    0.00000    0.00000    0.00000    0.00000    0.00000    0.00000
       0.00000    0.00000    0.00000    0.00000    0.00000    0.00000    7.00000
       1.00000    1.00000
  2500.00000     -3810770.20      1170.23280     -204.942000     -.354710000E-01
 -.841166670E-07  912062.000
 1     0.000000000   0.00
  2501.10005     -4036261.95      2581.40237     -385.159520         0.000000000
     0.000000000     0.000000000
 1     0.000000000   0.00
  1.00000      1
   2
   1   2   1   1 -35000.0000         0.000000000     0.000000000     0.000000000
     0.000000000     0.000000000
   2
   1   3   1   1 -38000.0000         0.000000000     0.000000000     0.000000000
     0.000000000     0.000000000
   2
   2   3   1   1  21500.0000         0.000000000     0.000000000     0.000000000
     0.000000000     0.000000000
   0
 SSavsoln
 QKTO
 Li3ThF7                         0.000000    0.000000
   4  2           0.00000    0.00000    1.00000    0.00000    0.00000    0.00000
       0.00000    0.00000    0.00000    0.00000    0.00000    0.00000    0.00000
       0.00000    0.00000    0.00000    0.00000    0.00000    0.00000    7.00000
       0.00000    3.00000
  2500.10000     -4056861.90      1687.10370     -282.100000     -.286500000E-01
 -.252333330E-06  1481000.00
 1     0.000000000   0.00
  2501.10005     -4249367.73      2882.39432     -434.355420         0.000000000
     0.000000000     0.000000000
 1     0.000000000   0.00
  1.00000      1
 BeF2                            0.000000    0.000000
   4  2           0.00000    0.00000    0.00000    0.00000    0.00000    0.00000
       0.00000    0.00000    0.00000    0.00000    0.00000    0.00000    0.00000
       0.00000    0.00000    0.00000    0.00000    0.00000    0.00000    2.00000
       1.00000    0.00000
  2500.00000     -1028881.10      221.969590     -39.4600000     -.231300000E-01
     0.000000000     0.000000000
 1     0.000000000   0.00
  2501.10005     -1173443.60      1126.82051     -155.110000         0.000000000
     0.000000000     0.000000000
 1     0.000000000   0.00
  1.00000      1
 LiBeThF7                        0.000000    0.000000
   4  2           0.00000    0.00000    1.00000    0.00000    0.00000    0.00000
       0.00000    0.00000    0.00000    0.00000    0.00000    0.00000    0.00000
       0.00000    0.00000    0.00000    0.00000    0.00000    0.00000    7.00000
       1.00000    1.00000
  2500.00000     -3810770.20      1170.23280     -204.942000     -.354710000E-01
 -.841166670E-07  912062.000
 1     0.000000000   0.00
  2501.10005     -4036261.95      2581.40237     -385.159520         0.000000000
     0.000000000     0.000000000
 1     0.000000000   0.00
  1.00000      1
   2
   1   2   1   1 -35000.0000         0.000000000     0.000000000     0.000000000
     0.000000000     0.000000000
   2
   1   3   1   1 -38000.0000         0.000000000     0.000000000     0.000000000
     0.000000000     0.000000000
   2
   2   3   1   1  21500.0000         0.000000000     0.000000000     0.000000000
     0.000000000     0.000000000
   0
 SSawsoln
 SUBL
 Li7U6F31                        0.000000    0.000000
   4  2           0.00000    6.00000    0.00000    0.00000    0.00000    0.00000
       0.00000    0.00000    0.00000    0.00000    0.00000    0.00000    0.00000
       0.00000    0.00000    0.00000    0.00000    0.00000    0.00000   31.00000
       0.00000    7.00000
  2500.10000     -16154416.0      5508.99150     -990.279000     -.118755000
 -.588816670E-06  3231409.50
 1     0.000000000   0.00
  2500.10001     -16928329.5      10329.0989     -1605.12617         0.000000000
     0.000000000     0.000000000
 1     0.000000000   0.00
 Na7U6F31                        0.000000    0.000000
   4  2           0.00000    6.00000    0.00000    0.00000    0.00000    0.00000
       0.00000    0.00000    0.00000    0.00000    0.00000    0.00000    0.00000
       0.00000    0.00000    0.00000    0.00000    0.00000    7.00000   31.00000
       0.00000    0.00000
  2500.10000     -15942368.0      5570.95020     -1020.52600     -.113430000
     0.000000000  2864527.00
 1     0.000000000   0.00
  2500.10001     -16646779.2      10000.0119     -1586.78211         0.000000000
     0.000000000     0.000000000
 1     0.000000000   0.00
   3
  7.00000      6.00000      31.0000
   2   1   1
 Li                       Na
 U[4+]
 F
   1   2
   1   1
   1   1
   4
   1   2   3   4   2
  250000.000         0.000000000     0.000000000     0.000000000     0.000000000
     0.000000000
 -80000.0000         0.000000000     0.000000000     0.000000000     0.000000000
     0.000000000
   0
 SSawsoln
 SUBL
 Li7U6F31                        0.000000    0.000000
   4  2           0.00000    6.00000    0.00000    0.00000    0.00000    0.00000
       0.00000    0.00000    0.00000    0.00000    0.00000    0.00000    0.00000
       0.00000    0.00000    0.00000    0.00000    0.00000    0.00000   31.00000
       0.00000    7.00000
  2500.10000     -16154416.0      5508.99150     -990.279000     -.118755000
 -.588816670E-06  3231409.50
 1     0.000000000   0.00
  2500.10001     -16928329.5      10329.0989     -1605.12617         0.000000000
     0.000000000     0.000000000
 1     0.000000000   0.00
 Na7U6F31                        0.000000    0.000000
   4  2           0.00000    6.00000    0.00000    0.00000    0.00000    0.00000
       0.00000    0.00000    0.00000    0.00000    0.00000    0.00000    0.00000
       0.00000    0.00000    0.00000    0.00000    0.00000    7.00000   31.00000
       0.00000    0.00000
  2500.10000     -15942368.0      5570.95020     -1020.52600     -.113430000
     0.000000000  2864527.00
 1     0.000000000   0.00
  2500.10001     -16646779.2      10000.0119     -1586.78211         0.000000000
     0.000000000     0.000000000
 1     0.000000000   0.00
   3
  7.00000      6.00000      31.0000
   2   1   1
 Li                       Na
 U[4+]
 F
   1   2
   1   1
   1   1
   4
   1   2   3   4   2
  250000.000         0.000000000     0.000000000     0.000000000     0.000000000
     0.000000000
 -80000.0000         0.000000000     0.000000000     0.000000000     0.000000000
     0.000000000
   0
 SSaxsoln
 SUBL
 Na7Th2F15                       0.000000    0.000000
   4  2           0.00000    0.00000    2.00000    0.00000    0.00000    0.00000
       0.00000    0.00000    0.00000    0.00000    0.00000    0.00000    0.00000
       0.00000    0.00000    0.00000    0.00000    0.00000    7.00000   15.00000
       0.00000    0.00000
  2500.00000     -8482523.00      3260.23410     -577.756000     -.601350000E-01
     0.000000000  2880050.00
 1     0.000000000   0.00
  2500.00001     -8853758.67      5604.13594     -877.509384         0.000000000
     0.000000000     0.000000000
 1     0.000000000   0.00
 Na7U2F15                        0.000000    0.000000
   4  2           0.00000    2.00000    0.00000    0.00000    0.00000    0.00000
       0.00000    0.00000    0.00000    0.00000    0.00000    0.00000    0.00000
       0.00000    0.00000    0.00000    0.00000    0.00000    7.00000   15.00000
       0.00000    0.00000
  2500.00000     -8052744.60      3171.23230     -562.448000     -.723200000E-01
     0.000000000  2038150.00
 1     0.000000000   0.00
  2500.00001     -8501483.56      5994.32612     -923.395792         0.000000000
     0.000000000     0.000000000
 1     0.000000000   0.00
   3
  7.00000      2.00000      15.0000
   1   2   1
 Na
 Th                       U
 F
   1   1
   1   2
   1   1
   4
   1   2   3   4   1
 -100000.000         0.000000000     0.000000000     0.000000000     0.000000000
     0.000000000
   0
 SSaxsoln
 SUBL
 Na7Th2F15                       0.000000    0.000000
   4  2           0.00000    0.00000    2.00000    0.00000    0.00000    0.00000
       0.00000    0.00000    0.00000    0.00000    0.00000    0.00000    0.00000
       0.00000    0.00000    0.00000    0.00000    0.00000    7.00000   15.00000
       0.00000    0.00000
  2500.00000     -8482523.00      3260.23410     -577.756000     -.601350000E-01
     0.000000000  2880050.00
 1     0.000000000   0.00
  2500.00001     -8853758.67      5604.13594     -877.509384         0.000000000
     0.000000000     0.000000000
 1     0.000000000   0.00
 Na7U2F15                        0.000000    0.000000
   4  2           0.00000    2.00000    0.00000    0.00000    0.00000    0.00000
       0.00000    0.00000    0.00000    0.00000    0.00000    0.00000    0.00000
       0.00000    0.00000    0.00000    0.00000    0.00000    7.00000   15.00000
       0.00000    0.00000
  2500.00000     -8052744.60      3171.23230     -562.448000     -.723200000E-01
     0.000000000  2038150.00
 1     0.000000000   0.00
  2500.00001     -8501483.56      5994.32612     -923.395792         0.000000000
     0.000000000     0.000000000
 1     0.000000000   0.00
   3
  7.00000      2.00000      15.0000
   1   2   1
 Na
 Th                       U
 F
   1   1
   1   2
   1   1
   4
   1   2   3   4   1
 -100000.000         0.000000000     0.000000000     0.000000000     0.000000000
     0.000000000
   0
 SSaysoln
 QKTO
 Na3Th2F11                       0.000000    0.000000
   4  2           0.00000    0.00000    2.00000    0.00000    0.00000    0.00000
       0.00000    0.00000    0.00000    0.00000    0.00000    0.00000    0.00000
       0.00000    0.00000    0.00000    0.00000    0.00000    3.00000   11.00000
       0.00000    0.00000
  2500.00000     -6041535.90      2107.32320     -387.236000     -.305550000E-01
     0.000000000  1951450.00
 1     0.000000000   0.00
  2500.00001     -6229382.33      3296.81930     -539.386536         0.000000000
     0.000000000     0.000000000
 1     0.000000000   0.00
  1.00000      1
 Na5U3F17                        0.000000    0.000000
   4  2           0.00000    3.00000    0.00000    0.00000    0.00000    0.00000
       0.00000    0.00000    0.00000    0.00000    0.00000    0.00000    0.00000
       0.00000    0.00000    0.00000    0.00000    0.00000    5.00000   17.00000
       0.00000    0.00000
  2500.00000     -8815007.20      3128.00720     -581.708000     -.678050000E-01
     0.000000000  1780488.50
 1     0.000000000   0.00
  2500.00001     -9235939.67      5775.24196     -920.163244         0.000000000
     0.000000000     0.000000000
 1     0.000000000   0.00
  1.00000      1
   2
   1   2   1   1 -45000.0000         0.000000000     0.000000000     0.000000000
     0.000000000     0.000000000
   2
   1   2   1   2  12000.0000         0.000000000     0.000000000     0.000000000
     0.000000000     0.000000000
   0
 SSaysoln
 QKTO
 Na3Th2F11                       0.000000    0.000000
   4  2           0.00000    0.00000    2.00000    0.00000    0.00000    0.00000
       0.00000    0.00000    0.00000    0.00000    0.00000    0.00000    0.00000
       0.00000    0.00000    0.00000    0.00000    0.00000    3.00000   11.00000
       0.00000    0.00000
  2500.00000     -6041535.90      2107.32320     -387.236000     -.305550000E-01
     0.000000000  1951450.00
 1     0.000000000   0.00
  2500.00001     -6229382.33      3296.81930     -539.386536         0.000000000
     0.000000000     0.000000000
 1     0.000000000   0.00
  1.00000      1
 Na5U3F17                        0.000000    0.000000
   4  2           0.00000    3.00000    0.00000    0.00000    0.00000    0.00000
       0.00000    0.00000    0.00000    0.00000    0.00000    0.00000    0.00000
       0.00000    0.00000    0.00000    0.00000    0.00000    5.00000   17.00000
       0.00000    0.00000
  2500.00000     -8815007.20      3128.00720     -581.708000     -.678050000E-01
     0.000000000  1780488.50
 1     0.000000000   0.00
  2500.00001     -9235939.67      5775.24196     -920.163244         0.000000000
     0.000000000     0.000000000
 1     0.000000000   0.00
  1.00000      1
   2
   1   2   1   1 -45000.0000         0.000000000     0.000000000     0.000000000
     0.000000000     0.000000000
   2
   1   2   1   2  12000.0000         0.000000000     0.000000000     0.000000000
     0.000000000     0.000000000
   0
 SSbasoln
 QKTO
 Na5Nd9F32                       0.000000    0.000000
   4  2           0.00000    0.00000    0.00000    9.00000    0.00000    0.00000
       0.00000    0.00000    0.00000    0.00000    0.00000    0.00000    0.00000
       0.00000    0.00000    0.00000    0.00000    0.00000    5.00000   32.00000
       0.00000    0.00000
  1695.00000     -16883580.1     -2699.41882     -62.8100000     -.117740000E-01
     0.000000000 -217407.500
 1     0.000000000   0.00
  1695.00001     -16917920.1     -2401.28947     -102.875204         0.000000000
     0.000000000     0.000000000
 1     0.000000000   0.00
  1.00000      1
 NaF                             0.000000    0.000000
   4  2           0.00000    0.00000    0.00000    0.00000    0.00000    0.00000
       0.00000    0.00000    0.00000    0.00000    0.00000    0.00000    0.00000
       0.00000    0.00000    0.00000    0.00000    0.00000    1.00000    1.00000
       0.00000    0.00000
  2500.10000     -583065.520      274.817720     -47.6300000     -.739500000E-02
     0.000000000  232150.000
 1     0.000000000   0.00
  2500.10001     -628916.542      563.432260     -84.5321969         0.000000000
     0.000000000     0.000000000
 1     0.000000000   0.00
  1.00000      1
   2
   1   2   1   1 -38000.0000         0.000000000     0.000000000     0.000000000
     0.000000000     0.000000000
   2
   1   2   3   1 -39000.0000     -8.00000000         0.000000000     0.000000000
     0.000000000     0.000000000
   0
 SSbasoln
 QKTO
 Na5Nd9F32                       0.000000    0.000000
   4  2           0.00000    0.00000    0.00000    9.00000    0.00000    0.00000
       0.00000    0.00000    0.00000    0.00000    0.00000    0.00000    0.00000
       0.00000    0.00000    0.00000    0.00000    0.00000    5.00000   32.00000
       0.00000    0.00000
  1695.00000     -16883580.1     -2699.41882     -62.8100000     -.117740000E-01
     0.000000000 -217407.500
 1     0.000000000   0.00
  1695.00001     -16917920.1     -2401.28947     -102.875204         0.000000000
     0.000000000     0.000000000
 1     0.000000000   0.00
  1.00000      1
 NaF                             0.000000    0.000000
   4  2           0.00000    0.00000    0.00000    0.00000    0.00000    0.00000
       0.00000    0.00000    0.00000    0.00000    0.00000    0.00000    0.00000
       0.00000    0.00000    0.00000    0.00000    0.00000    1.00000    1.00000
       0.00000    0.00000
  2500.10000     -583065.520      274.817720     -47.6300000     -.739500000E-02
     0.000000000  232150.000
 1     0.000000000   0.00
  2500.10001     -628916.542      563.432260     -84.5321969         0.000000000
     0.000000000     0.000000000
 1     0.000000000   0.00
  1.00000      1
   2
   1   2   1   1 -38000.0000         0.000000000     0.000000000     0.000000000
     0.000000000     0.000000000
   2
   1   2   3   1 -39000.0000     -8.00000000         0.000000000     0.000000000
     0.000000000     0.000000000
   0
 SSaasoln
 QKTO
 Li7Th6F31                       0.000000    0.000000
   4  2           0.00000    0.00000    6.00000    0.00000    0.00000    0.00000
       0.00000    0.00000    0.00000    0.00000    0.00000    0.00000    0.00000
       0.00000    0.00000    0.00000    0.00000    0.00000    0.00000   31.00000
       0.00000    7.00000
  2500.10000     -17259817.0      5952.07000     -1036.20000     -.822000000E-01
 -.588820000E-06  5756933.00
 1     0.000000000   0.00
  2500.10001     -17801203.0      9334.53911     -1467.45689         0.000000000
     0.000000000     0.000000000
 1     0.000000000   0.00
  1.00000      1
 Na7Th6F31                       0.000000    0.000000
   4  2           0.00000    0.00000    6.00000    0.00000    0.00000    0.00000
       0.00000    0.00000    0.00000    0.00000    0.00000    0.00000    0.00000
       0.00000    0.00000    0.00000    0.00000    0.00000    7.00000   31.00000
       0.00000    0.00000
  2500.10000     -17014171.0      5885.11420     -1066.44800     -.768750000E-01
     0.000000000  5390050.00
 1     0.000000000   0.00
  2500.10001     -17486054.5      8876.53651     -1449.11370         0.000000000
     0.000000000     0.000000000
 1     0.000000000   0.00
  1.00000      1
   2
   1   2   1   1 -100000.000         0.000000000     0.000000000     0.000000000
     0.000000000     0.000000000
   2
   1   2   1   2 -150000.000         0.000000000     0.000000000     0.000000000
     0.000000000     0.000000000
   0
 SSaasoln
 QKTO
 Li7Th6F31                       0.000000    0.000000
   4  2           0.00000    0.00000    6.00000    0.00000    0.00000    0.00000
       0.00000    0.00000    0.00000    0.00000    0.00000    0.00000    0.00000
       0.00000    0.00000    0.00000    0.00000    0.00000    0.00000   31.00000
       0.00000    7.00000
  2500.10000     -17259817.0      5952.07000     -1036.20000     -.822000000E-01
 -.588820000E-06  5756933.00
 1     0.000000000   0.00
  2500.10001     -17801203.0      9334.53911     -1467.45689         0.000000000
     0.000000000     0.000000000
 1     0.000000000   0.00
  1.00000      1
 Na7Th6F31                       0.000000    0.000000
   4  2           0.00000    0.00000    6.00000    0.00000    0.00000    0.00000
       0.00000    0.00000    0.00000    0.00000    0.00000    0.00000    0.00000
       0.00000    0.00000    0.00000    0.00000    0.00000    7.00000   31.00000
       0.00000    0.00000
  2500.10000     -17014171.0      5885.11420     -1066.44800     -.768750000E-01
     0.000000000  5390050.00
 1     0.000000000   0.00
  2500.10001     -17486054.5      8876.53651     -1449.11370         0.000000000
     0.000000000     0.000000000
 1     0.000000000   0.00
  1.00000      1
   2
   1   2   1   1 -100000.000         0.000000000     0.000000000     0.000000000
     0.000000000     0.000000000
   2
   1   2   1   2 -150000.000         0.000000000     0.000000000     0.000000000
     0.000000000     0.000000000
   0
 PM3M
 QKTO
 CsI                             0.000000    0.000000
   4  2           0.00000    0.00000    0.00000    0.00000    0.00000    0.00000
       0.00000    0.00000    1.00000    1.00000    0.00000    0.00000    0.00000
       0.00000    0.00000    0.00000    0.00000    0.00000    0.00000    0.00000
       0.00000    0.00000
  2000.00000     -361484.734      176.753451     -43.8152100     -.109211000E-01
 -.415961000E-06 -100123.850
 1     0.000000000   0.00
  2000.00001     -418680.133      590.121751     -97.5327359         0.000000000
     0.000000000     0.000000000
 1     0.000000000   0.00
  1.00000      1
 KI                              0.000000    0.000000
   4  2           0.00000    0.00000    0.00000    0.00000    0.00000    0.00000
       0.00000    0.00000    0.00000    1.00000    0.00000    0.00000    0.00000
       0.00000    0.00000    0.00000    0.00000    1.00000    0.00000    0.00000
       0.00000    0.00000
  953.700000     -341505.530      190.934774     -43.5380000     -.111980000E-01
     0.000000000 -114900.000
 1     0.000000000   0.00
  3300.00000     -356424.375      374.621339     -69.6080000         0.000000000
     0.000000000     0.000000000
 1     0.000000000   0.00
  1.00000      1
   2
   1   2   1   1  18500.0000         0.000000000     0.000000000     0.000000000
     0.000000000     0.000000000
   0
 PM3M
 QKTO
 CsI                             0.000000    0.000000
   4  2           0.00000    0.00000    0.00000    0.00000    0.00000    0.00000
       0.00000    0.00000    1.00000    1.00000    0.00000    0.00000    0.00000
       0.00000    0.00000    0.00000    0.00000    0.00000    0.00000    0.00000
       0.00000    0.00000
  2000.00000     -361484.734      176.753451     -43.8152100     -.109211000E-01
 -.415961000E-06 -100123.850
 1     0.000000000   0.00
  2000.00001     -418680.133      590.121751     -97.5327359         0.000000000
     0.000000000     0.000000000
 1     0.000000000   0.00
  1.00000      1
 KI                              0.000000    0.000000
   4  2           0.00000    0.00000    0.00000    0.00000    0.00000    0.00000
       0.00000    0.00000    0.00000    1.00000    0.00000    0.00000    0.00000
       0.00000    0.00000    0.00000    0.00000    1.00000    0.00000    0.00000
       0.00000    0.00000
  953.700000     -341505.530      190.934774     -43.5380000     -.111980000E-01
     0.000000000 -114900.000
 1     0.000000000   0.00
  3300.00000     -356424.375      374.621339     -69.6080000         0.000000000
     0.000000000     0.000000000
 1     0.000000000   0.00
  1.00000      1
   2
   1   2   1   1  18500.0000         0.000000000     0.000000000     0.000000000
     0.000000000     0.000000000
   0
 Cr2F5ssoln
 QKTO
 Cr2F5                           0.000000    0.000000
   4  4           0.00000    0.00000    0.00000    0.00000    0.00000    0.00000
       0.00000    0.00000    0.00000    0.00000    0.00000    0.00000    0.00000
       0.00000    0.00000    0.00000    2.00000    0.00000    0.00000    5.00000
       0.00000    0.00000
  1100.00000     -1997325.37      869.688329     -152.546460     -.254928250E-01
 0.701572793E-06  1060621.50
 1     0.000000000   0.00
  1167.00000     -2140818.49      1970.23614     -303.235450     0.382363250E-01
 -.336760387E-05  25269066.5
 1     0.000000000   0.00
  1698.00000     -2159704.92      2145.42681     -326.552000     0.435068500E-01
 -.336783500E-05  24599880.0
 1     0.000000000   0.00
  2500.00000     -2059247.93      1440.88432     -230.000000         0.000000000
     0.000000000     0.000000000
 1     0.000000000   0.00
  1.00000      1
 CrF2                            0.000000    0.000000
   4  2           0.00000    0.00000    0.00000    0.00000    0.00000    0.00000
       0.00000    0.00000    0.00000    0.00000    0.00000    0.00000    0.00000
       0.00000    0.00000    0.00000    1.00000    0.00000    0.00000    2.00000
       0.00000    0.00000
  1167.00000     -793115.598      438.493539     -76.6834500     -.527052500E-02
 0.231126000E-09  669186.500
 1     0.000000000   0.00
  1167.00001     -797998.301      516.939793     -88.0002339         0.000000000
     0.000000000     0.000000000
 1     0.000000000   0.00
  1.00000      1
   0
 Cr2F5ssoln
 QKTO
 Cr2F5                           0.000000    0.000000
   4  4           0.00000    0.00000    0.00000    0.00000    0.00000    0.00000
       0.00000    0.00000    0.00000    0.00000    0.00000    0.00000    0.00000
       0.00000    0.00000    0.00000    2.00000    0.00000    0.00000    5.00000
       0.00000    0.00000
  1100.00000     -1997325.37      869.688329     -152.546460     -.254928250E-01
 0.701572793E-06  1060621.50
 1     0.000000000   0.00
  1167.00000     -2140818.49      1970.23614     -303.235450     0.382363250E-01
 -.336760387E-05  25269066.5
 1     0.000000000   0.00
  1698.00000     -2159704.92      2145.42681     -326.552000     0.435068500E-01
 -.336783500E-05  24599880.0
 1     0.000000000   0.00
  2500.00000     -2059247.93      1440.88432     -230.000000         0.000000000
     0.000000000     0.000000000
 1     0.000000000   0.00
  1.00000      1
 CrF2                            0.000000    0.000000
   4  2           0.00000    0.00000    0.00000    0.00000    0.00000    0.00000
       0.00000    0.00000    0.00000    0.00000    0.00000    0.00000    0.00000
       0.00000    0.00000    0.00000    1.00000    0.00000    0.00000    2.00000
       0.00000    0.00000
  1167.00000     -793115.598      438.493539     -76.6834500     -.527052500E-02
 0.231126000E-09  669186.500
 1     0.000000000   0.00
  1167.00001     -797998.301      516.939793     -88.0002339         0.000000000
     0.000000000     0.000000000
 1     0.000000000   0.00
  1.00000      1
   0
 P21_c
 QKTO
 CrF2                            0.000000    0.000000
   4  2           0.00000    0.00000    0.00000    0.00000    0.00000    0.00000
       0.00000    0.00000    0.00000    0.00000    0.00000    0.00000    0.00000
       0.00000    0.00000    0.00000    1.00000    0.00000    0.00000    2.00000
       0.00000    0.00000
  1167.00000     -803115.598      438.493539     -76.6834500     -.527052500E-02
 0.231126000E-09  669186.500
 1     0.000000000   0.00
  1167.00001     -807998.301      516.939793     -88.0002339         0.000000000
     0.000000000     0.000000000
 1     0.000000000   0.00
  1.00000      1
 CrF3                            0.000000    0.000000
   4  3           0.00000    0.00000    0.00000    0.00000    0.00000    0.00000
       0.00000    0.00000    0.00000    0.00000    0.00000    0.00000    0.00000
       0.00000    0.00000    0.00000    1.00000    0.00000    0.00000    3.00000
       0.00000    0.00000
  1100.00000     -1167972.77      430.234789     -75.8630100     -.202223000E-01
 0.701341667E-06  391435.000
 1     0.000000000   0.00
  1698.00000     -1311465.89      1530.78260     -226.552000     0.435068500E-01
 -.336783500E-05  24599880.0
 1     0.000000000   0.00
  2500.00000     -1211008.91      826.240115     -130.000000         0.000000000
     0.000000000     0.000000000
 1     0.000000000   0.00
  1.00000      1
   2
   1   2   1   1 -2400.00000         0.000000000     0.000000000     0.000000000
     0.000000000     0.000000000
   0
 P21_c
 QKTO
 CrF2                            0.000000    0.000000
   4  2           0.00000    0.00000    0.00000    0.00000    0.00000    0.00000
       0.00000    0.00000    0.00000    0.00000    0.00000    0.00000    0.00000
       0.00000    0.00000    0.00000    1.00000    0.00000    0.00000    2.00000
       0.00000    0.00000
  1167.00000     -803115.598      438.493539     -76.6834500     -.527052500E-02
 0.231126000E-09  669186.500
 1     0.000000000   0.00
  1167.00001     -807998.301      516.939793     -88.0002339         0.000000000
     0.000000000     0.000000000
 1     0.000000000   0.00
  1.00000      1
 CrF3                            0.000000    0.000000
   4  3           0.00000    0.00000    0.00000    0.00000    0.00000    0.00000
       0.00000    0.00000    0.00000    0.00000    0.00000    0.00000    0.00000
       0.00000    0.00000    0.00000    1.00000    0.00000    0.00000    3.00000
       0.00000    0.00000
  1100.00000     -1167972.77      430.234789     -75.8630100     -.202223000E-01
 0.701341667E-06  391435.000
 1     0.000000000   0.00
  1698.00000     -1311465.89      1530.78260     -226.552000     0.435068500E-01
 -.336783500E-05  24599880.0
 1     0.000000000   0.00
  2500.00000     -1211008.91      826.240115     -130.000000         0.000000000
     0.000000000     0.000000000
 1     0.000000000   0.00
  1.00000      1
   2
   1   2   1   1 -2400.00000         0.000000000     0.000000000     0.000000000
     0.000000000     0.000000000
   0
 R3c
 QKTO
 CrF2                            0.000000    0.000000
   4  2           0.00000    0.00000    0.00000    0.00000    0.00000    0.00000
       0.00000    0.00000    0.00000    0.00000    0.00000    0.00000    0.00000
       0.00000    0.00000    0.00000    1.00000    0.00000    0.00000    2.00000
       0.00000    0.00000
  1167.00000     -787115.598      438.493539     -76.6834500     -.527052500E-02
 0.231126000E-09  669186.500
 1     0.000000000   0.00
  2000.00000     -791998.301      516.939793     -88.0002339         0.000000000
     0.000000000     0.000000000
 1     0.000000000   0.00
  1.00000      1
 CrF3                            0.000000    0.000000
   4  3           0.00000    0.00000    0.00000    0.00000    0.00000    0.00000
       0.00000    0.00000    0.00000    0.00000    0.00000    0.00000    0.00000
       0.00000    0.00000    0.00000    1.00000    0.00000    0.00000    3.00000
       0.00000    0.00000
  1100.00000     -1185972.77      430.234789     -75.8630100     -.202223000E-01
 0.701341667E-06  391435.000
 1     0.000000000   0.00
  1698.00000     -1329465.89      1530.78260     -226.552000     0.435068500E-01
 -.336783500E-05  24599880.0
 1     0.000000000   0.00
  2500.00000     -1229008.91      826.240115     -130.000000         0.000000000
     0.000000000     0.000000000
 1     0.000000000   0.00
  1.00000      1
   2
   1   2   1   1     0.000000000     0.000000000     0.000000000     0.000000000
     0.000000000     0.000000000
   0
 R3c
 QKTO
 CrF2                            0.000000    0.000000
   4  2           0.00000    0.00000    0.00000    0.00000    0.00000    0.00000
       0.00000    0.00000    0.00000    0.00000    0.00000    0.00000    0.00000
       0.00000    0.00000    0.00000    1.00000    0.00000    0.00000    2.00000
       0.00000    0.00000
  1167.00000     -787115.598      438.493539     -76.6834500     -.527052500E-02
 0.231126000E-09  669186.500
 1     0.000000000   0.00
  2000.00000     -791998.301      516.939793     -88.0002339         0.000000000
     0.000000000     0.000000000
 1     0.000000000   0.00
  1.00000      1
 CrF3                            0.000000    0.000000
   4  3           0.00000    0.00000    0.00000    0.00000    0.00000    0.00000
       0.00000    0.00000    0.00000    0.00000    0.00000    0.00000    0.00000
       0.00000    0.00000    0.00000    1.00000    0.00000    0.00000    3.00000
       0.00000    0.00000
  1100.00000     -1185972.77      430.234789     -75.8630100     -.202223000E-01
 0.701341667E-06  391435.000
 1     0.000000000   0.00
  1698.00000     -1329465.89      1530.78260     -226.552000     0.435068500E-01
 -.336783500E-05  24599880.0
 1     0.000000000   0.00
  2500.00000     -1229008.91      826.240115     -130.000000         0.000000000
     0.000000000     0.000000000
 1     0.000000000   0.00
  1.00000      1
   2
   1   2   1   1     0.000000000     0.000000000     0.000000000     0.000000000
     0.000000000     0.000000000
   0
 Li_L1(liq)
   4  4           0.00000    0.00000    0.00000    0.00000    0.00000    0.00000
       0.00000    0.00000    0.00000    0.00000    0.00000    0.00000    0.00000
       0.00000    0.00000    0.00000    0.00000    0.00000    0.00000    0.00000
       0.00000    1.00000
  700.000000     -7187.79940      185.164040     -32.9699600     0.285522370E-02
     0.000000000 -1445.92950
 1     0.000000000   0.00
  1620.12000     -194210.199      771.658301     -88.1968220     0.362448050E-02
     0.000000000  2933135.10
 2  56151.0370      99.00 -12952.3060       0.50
  2200.00000      1145564.69     -598.657938      33.8155650         0.000000000
     0.000000000 -41748108.0
 2 -249852.860      99.00  29729.5380       0.50
  2200.00001     -4946.24757      153.705533     -28.3252074         0.000000000
     0.000000000     0.000000000
 1     0.000000000   0.00
 Be_L1(liq)
   4  3           0.00000    0.00000    0.00000    0.00000    0.00000    0.00000
       0.00000    0.00000    0.00000    0.00000    0.00000    0.00000    0.00000
       0.00000    0.00000    0.00000    0.00000    0.00000    0.00000    0.00000
       1.00000    0.00000
  1150.00000      3261.71686      110.979443     -18.9561053     -.409490750E-02
     0.000000000  347076.535
 1  830.888151      99.00
  3500.00000      5434.28141      156.625595     -25.4341179     -.107497758E-02
     0.000000000     0.000000000
 1     0.000000000   0.00
  3500.00001     -7734.19398      218.032214     -32.9589610         0.000000000
     0.000000000     0.000000000
 1     0.000000000   0.00
 LiF_L1(liq)
   4  1           0.00000    0.00000    0.00000    0.00000    0.00000    0.00000
       0.00000    0.00000    0.00000    0.00000    0.00000    0.00000    0.00000
       0.00000    0.00000    0.00000    0.00000    0.00000    0.00000    1.00000
       0.00000    1.00000
  2500.00000     -617789.909      386.915780     -64.1830000         0.000000000
     0.000000000     0.000000000
 1     0.000000000   0.00
 BeF2_L1(liq)
   4  5           0.00000    0.00000    0.00000    0.00000    0.00000    0.00000
       0.00000    0.00000    0.00000    0.00000    0.00000    0.00000    0.00000
       0.00000    0.00000    0.00000    0.00000    0.00000    0.00000    2.00000
       1.00000    0.00000
  483.000000     -1024676.22     -48.5243937      4.61000000     -.779105000E-01
     0.000000000 -444100.000
 1     0.000000000   0.00
  486.000000     -114247525.      4007955.83     -706140.000      1467.95000
 -.508650000         0.000000000
 1     0.000000000   0.00
  823.000000     -1039384.79      313.610954     -54.6000000     -.109680000E-01
     0.000000000     0.000000000
 1     0.000000000   0.00
  2000.00000     -1047068.65      400.823066     -66.5685000     -.790250000E-02
     0.000000000 -36975.7500
 1     0.000000000   0.00
  2000.00001     -1078752.61      641.255849     -98.1969879         0.000000000
     0.000000000     0.000000000
 1     0.000000000   0.00
 Na_L1(liq)
   4  2           0.00000    0.00000    0.00000    0.00000    0.00000    0.00000
       0.00000    0.00000    0.00000    0.00000    0.00000    0.00000    0.00000
       0.00000    0.00000    0.00000    0.00000    0.00000    1.00000    0.00000
       0.00000    0.00000
  1600.00000      3374.82940     -179.209490      3.84953300     -.150668060E-02
 -.686461690E-06     0.000000000
 2 -7794.43590      99.00  4241.14250       0.50
  1601.00000      8207.99010      67.0232616     -21.0000000         0.000000000
     0.000000000     0.000000000
 1     0.000000000   0.00
 NaF_L1(liq)
   4  1           0.00000    0.00000    0.00000    0.00000    0.00000    0.00000
       0.00000    0.00000    0.00000    0.00000    0.00000    0.00000    0.00000
       0.00000    0.00000    0.00000    0.00000    0.00000    1.00000    1.00000
       0.00000    0.00000
  2500.00000     -579635.237      436.582552     -73.0360000         0.000000000
     0.000000000     0.000000000
 1     0.000000000   0.00
 K_L1(liq)
   4  3           0.00000    0.00000    0.00000    0.00000    0.00000    0.00000
       0.00000    0.00000    0.00000    0.00000    0.00000    0.00000    0.00000
       0.00000    0.00000    0.00000    0.00000    1.00000    0.00000    0.00000
       0.00000    0.00000
  1039.54000      4798.37200      225.748190     -44.3757540     0.134025860E-01
 -.253899400E-05 -199697.850
 1 -2842.25920      99.00
  1500.00000      2765.08831      39.2242717     -17.4454030     -.544349160E-02
     0.000000000 -997310.290
 1     0.000000000   0.00
  1501.00000      6851.30186      61.2004145     -22.0000000         0.000000000
     0.000000000     0.000000000
 1     0.000000000   0.00
 KF_L1(liq)
   4  1           0.00000    0.00000    0.00000    0.00000    0.00000    0.00000
       0.00000    0.00000    0.00000    0.00000    0.00000    0.00000    0.00000
       0.00000    0.00000    0.00000    0.00000    1.00000    0.00000    1.00000
       0.00000    0.00000
  2000.00000     -572959.333      400.935748     -70.4850000         0.000000000
     0.000000000     0.000000000
 1     0.000000000   0.00
 Cr_L1(liq)
   4  2           0.00000    0.00000    0.00000    0.00000    0.00000    0.00000
       0.00000    0.00000    0.00000    0.00000    0.00000    0.00000    0.00000
       0.00000    0.00000    0.00000    1.00000    0.00000    0.00000    0.00000
       0.00000    0.00000
  2180.00000      15483.0150      146.059775     -26.9080000     0.189435000E-02
 -.147721000E-05  139250.000
 1 0.237615000E-20   7.00
  6000.00000     -16459.9829      335.616315     -50.0000000         0.000000000
     0.000000000     0.000000000
 1     0.000000000   0.00
 CrF2_L1(liq)
   4  1           0.00000    0.00000    0.00000    0.00000    0.00000    0.00000
       0.00000    0.00000    0.00000    0.00000    0.00000    0.00000    0.00000
       0.00000    0.00000    0.00000    1.00000    0.00000    0.00000    2.00000
       0.00000    0.00000
  4000.00000     -803174.028      597.550530     -100.000000         0.000000000
     0.000000000     0.000000000
 1     0.000000000   0.00
 CrF3_L1(liq)
   4  1           0.00000    0.00000    0.00000    0.00000    0.00000    0.00000
       0.00000    0.00000    0.00000    0.00000    0.00000    0.00000    0.00000
       0.00000    0.00000    0.00000    1.00000    0.00000    0.00000    3.00000
       0.00000    0.00000
  2500.00000     -1162798.52      786.759449     -130.000000         0.000000000
     0.000000000     0.000000000
 1     0.000000000   0.00
 Fe_L1(liq)
   4  2           0.00000    0.00000    0.00000    0.00000    0.00000    0.00000
       0.00000    0.00000    0.00000    0.00000    0.00000    0.00000    0.00000
       0.00000    0.00000    1.00000    0.00000    0.00000    0.00000    0.00000
       0.00000    0.00000
  1811.00000      13265.8700      117.575570     -23.5143000     -.439752000E-02
 -.589269000E-07  77358.5000
 1 -.367515510E-20   7.00
  6000.00000     -10838.8389      291.301997     -46.0000000         0.000000000
     0.000000000     0.000000000
 1     0.000000000   0.00
 FeF2_L1(liq)
   4  1           0.00000    0.00000    0.00000    0.00000    0.00000    0.00000
       0.00000    0.00000    0.00000    0.00000    0.00000    0.00000    0.00000
       0.00000    0.00000    1.00000    0.00000    0.00000    0.00000    2.00000
       0.00000    0.00000
  4000.00000     -710515.000      571.359672     -100.000000         0.000000000
     0.000000000     0.000000000
 1     0.000000000   0.00
 Ni_L1(liq)
   4  2           0.00000    0.00000    0.00000    0.00000    0.00000    0.00000
       0.00000    0.00000    0.00000    0.00000    0.00000    0.00000    0.00000
       0.00000    1.00000    0.00000    0.00000    0.00000    0.00000    0.00000
       0.00000    0.00000
  1728.00000      11235.5270      108.457000     -22.0960000     -.484070000E-02
     0.000000000     0.000000000
 1 -.382318000E-20   7.00
  3000.00000     -9549.81713      268.597978     -43.1000000         0.000000000
     0.000000000     0.000000000
 1     0.000000000   0.00
 NiF2_L1(liq)
   4  1           0.00000    0.00000    0.00000    0.00000    0.00000    0.00000
       0.00000    0.00000    0.00000    0.00000    0.00000    0.00000    0.00000
       0.00000    1.00000    0.00000    0.00000    0.00000    0.00000    2.00000
       0.00000    0.00000
  2000.00000     -645970.000      595.259672     -100.000000         0.000000000
     0.000000000     0.000000000
 1     0.000000000   0.00
 Rb_L1(liq)
   4  2           0.00000    0.00000    0.00000    0.00000    0.00000    0.00000
       0.00000    0.00000    0.00000    0.00000    0.00000    0.00000    0.00000
       1.00000    0.00000    0.00000    0.00000    0.00000    0.00000    0.00000
       0.00000    0.00000
  1600.00000     -7905.52025      150.515952     -35.4939316     0.643195143E-02
 -.142347633E-05     0.000000000
 1     0.000000000   0.00
  1600.00001     -14761.9607      170.909132     -36.7762834         0.000000000
     0.000000000     0.000000000
 1     0.000000000   0.00
 RbF_L1(liq)
   4  1           0.00000    0.00000    0.00000    0.00000    0.00000    0.00000
       0.00000    0.00000    0.00000    0.00000    0.00000    0.00000    0.00000
       1.00000    0.00000    0.00000    0.00000    0.00000    0.00000    1.00000
       0.00000    0.00000
  2000.00000     -563538.650      390.426370     -71.0000000         0.000000000
     0.000000000     0.000000000
 1     0.000000000   0.00
 Sr_L1(liq)
   4  3           0.00000    0.00000    0.00000    0.00000    0.00000    0.00000
       0.00000    0.00000    0.00000    0.00000    0.00000    0.00000    1.00000
       0.00000    0.00000    0.00000    0.00000    0.00000    0.00000    0.00000
       0.00000    0.00000
  820.000000      735.433092      99.0862487     -23.9050000     -.461225000E-02
 -.167477000E-06 -2055.00000
 1     0.000000000   0.00
  1050.00000      460.406225      114.990158     -26.5700000     -.194930000E-02
 -.178950000E-07  16495.0000
 1     0.000000000   0.00
  1700.00000     -10855.2901      213.406219     -39.4630000         0.000000000
     0.000000000     0.000000000
 1     0.000000000   0.00
 SrF2_L1(liq)
   4  2           0.00000    0.00000    0.00000    0.00000    0.00000    0.00000
       0.00000    0.00000    0.00000    0.00000    0.00000    0.00000    1.00000
       0.00000    0.00000    0.00000    0.00000    0.00000    0.00000    2.00000
       0.00000    0.00000
  1200.00000     -1062068.60      3817.37120     -490.817600     0.173468450
 -.242148330E-04 -2251195.50
 1 -26309.7280       0.50
  3500.00000     -1217503.03      581.456352     -99.0480000         0.000000000
     0.000000000     0.000000000
 1     0.000000000   0.00
 Y_L1(liq)
   4  4           0.00000    0.00000    0.00000    0.00000    0.00000    0.00000
       0.00000    0.00000    0.00000    0.00000    0.00000    1.00000    0.00000
       0.00000    0.00000    0.00000    0.00000    0.00000    0.00000    0.00000
       0.00000    0.00000
  1000.00000      8269.31417      119.434905     -25.6657000     -.175716400E-02
 -.417561833E-06  26911.5100
 1     0.000000000   0.00
  1751.15000      9100.69579      105.359095     -23.4941800     -.382118000E-02
 -.825345333E-07     0.000000000
 1     0.000000000   0.00
  1795.15000      10096.4411      128.180667     -27.3038500     -.541757500E-03
 -.305012167E-06     0.000000000
 1     0.000000000   0.00
  3700.00000     -12976.5713      257.400301     -43.0952000         0.000000000
     0.000000000     0.000000000
 1     0.000000000   0.00
 YF3_L1(liq)
   4  1           0.00000    0.00000    0.00000    0.00000    0.00000    0.00000
       0.00000    0.00000    0.00000    0.00000    0.00000    1.00000    0.00000
       0.00000    0.00000    0.00000    0.00000    0.00000    0.00000    3.00000
       0.00000    0.00000
  2000.00000     -1730428.62      812.561671     -133.679000         0.000000000
     0.000000000     0.000000000
 1     0.000000000   0.00
 Zr_L1(liq)
   4  2           0.00000    0.00000    0.00000    0.00000    0.00000    0.00000
       0.00000    0.00000    0.00000    0.00000    1.00000    0.00000    0.00000
       0.00000    0.00000    0.00000    0.00000    0.00000    0.00000    0.00000
       0.00000    0.00000
  1580.00000     -5291.27541     -214.125762      14.9598625     -.149219680E-01
 0.759854385E-06  347886.652
 1  2726.12022       0.50
  5500.00000     -9157.13219      253.704745     -41.8400000         0.000000000
     0.000000000     0.000000000
 1     0.000000000   0.00
 ZrF2_L1(liq)
   4  2           0.00000    0.00000    0.00000    0.00000    0.00000    0.00000
       0.00000    0.00000    0.00000    0.00000    1.00000    0.00000    0.00000
       0.00000    0.00000    0.00000    0.00000    0.00000    0.00000    2.00000
       0.00000    0.00000
  800.000000     -948234.165      260.366302     -51.7019413     -.272654592E-01
 0.382616701E-05 -1181.63045
 1     0.000000000   0.00
  3000.00000     -973676.467      598.438281     -100.416000         0.000000000
     0.000000000     0.000000000
 1     0.000000000   0.00
 ZrF4_L1(liq)
   4  1           0.00000    0.00000    0.00000    0.00000    0.00000    0.00000
       0.00000    0.00000    0.00000    0.00000    1.00000    0.00000    0.00000
       0.00000    0.00000    0.00000    0.00000    0.00000    0.00000    4.00000
       0.00000    0.00000
  2500.00000     -1881568.34      670.684855     -123.600000         0.000000000
     0.000000000     0.000000000
 1     0.000000000   0.00
 I2_L1(liq)
   4  2           0.00000    0.00000    0.00000    0.00000    0.00000    0.00000
       0.00000    0.00000    0.00000    2.00000    0.00000    0.00000    0.00000
       0.00000    0.00000    0.00000    0.00000    0.00000    0.00000    0.00000
       0.00000    0.00000
  1000.00000     -10532.2702      389.944805     -80.6690000         0.000000000
     0.000000000     0.000000000
 1     0.000000000   0.00
  1001.00000      30136.7298      68.3443053     -40.0000000         0.000000000
     0.000000000     0.000000000
 1     0.000000000   0.00
 LiI_L1(liq)
   4  1           0.00000    0.00000    0.00000    0.00000    0.00000    0.00000
       0.00000    0.00000    0.00000    1.00000    0.00000    0.00000    0.00000
       0.00000    0.00000    0.00000    0.00000    0.00000    0.00000    0.00000
       0.00000    1.00000
  742.000000     -277542.636      323.395862     -63.1784000         0.000000000
     0.000000000     0.000000000
 1     0.000000000   0.00
 BeI2_L1(liq)
   4  3           0.00000    0.00000    0.00000    0.00000    0.00000    0.00000
       0.00000    0.00000    0.00000    2.00000    0.00000    0.00000    0.00000
       0.00000    0.00000    0.00000    0.00000    0.00000    0.00000    0.00000
       1.00000    0.00000
  400.000000     -198391.941      205.075813     -45.8597475     -.387605859E-01
     0.000000000     0.000000000
 1     0.000000000   0.00
  1500.00000     -219033.549      643.252312     -112.968000         0.000000000
     0.000000000     0.000000000
 1     0.000000000   0.00
  1501.00000     -139581.549      202.917655     -60.0000000         0.000000000
     0.000000000     0.000000000
 1     0.000000000   0.00
 NaI_L1(liq)
   4  2           0.00000    0.00000    0.00000    0.00000    0.00000    0.00000
       0.00000    0.00000    0.00000    1.00000    0.00000    0.00000    0.00000
       0.00000    0.00000    0.00000    0.00000    0.00000    1.00000    0.00000
       0.00000    0.00000
  934.000000     -278425.428      182.440253     -44.7646160     -.110666800E-01
     0.000000000  15.2751564
 1     0.000000000   0.00
  2000.00000     -289641.899      336.943788     -67.1100000         0.000000000
     0.000000000     0.000000000
 1     0.000000000   0.00
 KI_L1(liq)
   4  2           0.00000    0.00000    0.00000    0.00000    0.00000    0.00000
       0.00000    0.00000    0.00000    1.00000    0.00000    0.00000    0.00000
       0.00000    0.00000    0.00000    0.00000    1.00000    0.00000    0.00000
       0.00000    0.00000
  953.700000     -318489.530      165.752851     -43.5380000     -.111980000E-01
     0.000000000 -114900.000
 1     0.000000000   0.00
  3300.00000     -333408.375      349.439415     -69.6080000         0.000000000
     0.000000000     0.000000000
 1     0.000000000   0.00
 CrI2_L1(liq)
   4  2           0.00000    0.00000    0.00000    0.00000    0.00000    0.00000
       0.00000    0.00000    0.00000    2.00000    0.00000    0.00000    0.00000
       0.00000    0.00000    0.00000    1.00000    0.00000    0.00000    0.00000
       0.00000    0.00000
  1140.00000     -136831.530      354.142758     -82.5781200     -.238198300E-02
 0.119933750E-08 -121.527400
 1     0.000000000   0.00
  4000.00000     -153600.615      488.767328     -100.000000         0.000000000
     0.000000000     0.000000000
 1     0.000000000   0.00
 CrI3_L1(liq)
   4  2           0.00000    0.00000    0.00000    0.00000    0.00000    0.00000
       0.00000    0.00000    0.00000    3.00000    0.00000    0.00000    0.00000
       0.00000    0.00000    0.00000    1.00000    0.00000    0.00000    0.00000
       0.00000    0.00000
  1130.00000     -167746.124      374.930810     -92.8309800     -.120222800E-01
 0.894192833E-10 -19.3554650
 1     0.000000000   0.00
  2500.00000     -194396.159      646.227038     -130.000000         0.000000000
     0.000000000     0.000000000
 1     0.000000000   0.00
 FeI2_L1(liq)
   4  3           0.00000    0.00000    0.00000    0.00000    0.00000    0.00000
       0.00000    0.00000    0.00000    2.00000    0.00000    0.00000    0.00000
       0.00000    0.00000    1.00000    0.00000    0.00000    0.00000    0.00000
       0.00000    0.00000
  650.000000     -100247.256      353.600196     -82.9840000     -.119830000E-02
 0.200333333E-08 -125.000000
 1     0.000000000   0.00
  867.000000     -108852.866      456.842560     -97.0000100         0.000000000
     0.000000000     0.000000000
 1     0.000000000   0.00
  2000.00000     -115788.857      518.962794     -105.000000         0.000000000
     0.000000000     0.000000000
 1     0.000000000   0.00
 NiI2_L1(liq)
   4  2           0.00000    0.00000    0.00000    0.00000    0.00000    0.00000
       0.00000    0.00000    0.00000    2.00000    0.00000    0.00000    0.00000
       0.00000    1.00000    0.00000    0.00000    0.00000    0.00000    0.00000
       0.00000    0.00000
  1073.00000     -72851.1574      340.614060     -77.6010100     -.470420000E-02
 -.323333333E-09  133605.000
 1     0.000000000   0.00
  2000.00000     -96584.3622      548.996685     -105.000000         0.000000000
     0.000000000     0.000000000
 1     0.000000000   0.00
 RbI_L1(liq)
   4  3           0.00000    0.00000    0.00000    0.00000    0.00000    0.00000
       0.00000    0.00000    0.00000    1.00000    0.00000    0.00000    0.00000
       1.00000    0.00000    0.00000    0.00000    0.00000    0.00000    0.00000
       0.00000    0.00000
  929.000000     -323946.807      141.158660     -41.5229500     -.124368100E-01
 0.134506400E-08 -162303.850
 1     0.000000000   0.00
  3400.00000     -341970.983      357.786545     -72.1000000     0.108637750E-16
 -.467984000E-21 0.742255000E-08
 1     0.000000000   0.00
  3400.00001     -341970.983      357.786545     -72.1000000         0.000000000
     0.000000000     0.000000000
 1     0.000000000   0.00
 SrI2_L1(liq)
   4  2           0.00000    0.00000    0.00000    0.00000    0.00000    0.00000
       0.00000    0.00000    0.00000    2.00000    0.00000    0.00000    1.00000
       0.00000    0.00000    0.00000    0.00000    0.00000    0.00000    0.00000
       0.00000    0.00000
  499.990000     -570773.999      303.044591     -69.7694895     -.137390504E-01
     0.000000000     0.000000000
 1     0.000000000   0.00
  2600.00000     -587473.727      579.833747     -110.039000         0.000000000
     0.000000000     0.000000000
 1     0.000000000   0.00
 ZrI2_L1(liq)
   4  2           0.00000    0.00000    0.00000    0.00000    0.00000    0.00000
       0.00000    0.00000    0.00000    2.00000    1.00000    0.00000    0.00000
       0.00000    0.00000    0.00000    0.00000    0.00000    0.00000    0.00000
       0.00000    0.00000
  1100.00000     -272887.968      328.249799     -74.5416900     -.747261500E-02
 0.134676850E-08 -123.989800
 1     0.000000000   0.00
  2000.00000     -302854.055      595.590213     -110.000000         0.000000000
     0.000000000     0.000000000
 1     0.000000000   0.00
 ZrI3_L1(liq)
   4  2           0.00000    0.00000    0.00000    0.00000    0.00000    0.00000
       0.00000    0.00000    0.00000    3.00000    1.00000    0.00000    0.00000
       0.00000    0.00000    0.00000    0.00000    0.00000    0.00000    0.00000
       0.00000    0.00000
  1000.00000     -390054.283      428.784683     -96.8001300     -.106842300E-01
 0.157944233E-09  185385.950
 1     0.000000000   0.00
  2000.00000     -412199.467      669.767758     -130.000000         0.000000000
     0.000000000     0.000000000
 1     0.000000000   0.00
 ZrI4_L1(liq)
   4  2           0.00000    0.00000    0.00000    0.00000    0.00000    0.00000
       0.00000    0.00000    0.00000    4.00000    1.00000    0.00000    0.00000
       0.00000    0.00000    0.00000    0.00000    0.00000    0.00000    0.00000
       0.00000    0.00000
  773.000000     -493536.521      540.510219     -123.273500     -.808825500E-02
 -.218008833E-10  128731.150
 1     0.000000000   0.00
  1000.00000     -512895.049      770.506876     -155.000000         0.000000000
     0.000000000     0.000000000
 1     0.000000000   0.00
 Cs_L1(liq)
   4  2           0.00000    0.00000    0.00000    0.00000    0.00000    0.00000
       0.00000    0.00000    1.00000    0.00000    0.00000    0.00000    0.00000
       0.00000    0.00000    0.00000    0.00000    0.00000    0.00000    0.00000
       0.00000    0.00000
  1500.00000     -6526.69380      106.422990     -29.7882740     -.474606170E-03
     0.000000000 -95026.2770
 1  69.6831620      99.00
  1500.00001     -7477.71909      118.012772     -31.3430158         0.000000000
     0.000000000     0.000000000
 1     0.000000000   0.00
 CsF_L1(liq)
   4  1           0.00000    0.00000    0.00000    0.00000    0.00000    0.00000
       0.00000    0.00000    1.00000    0.00000    0.00000    0.00000    0.00000
       0.00000    0.00000    0.00000    0.00000    0.00000    0.00000    1.00000
       0.00000    0.00000
  1400.00000     -556078.554      364.388636     -70.5600000         0.000000000
     0.000000000     0.000000000
 1     0.000000000   0.00
 CsI_L1(liq)
   4  3           0.00000    0.00000    0.00000    0.00000    0.00000    0.00000
       0.00000    0.00000    1.00000    1.00000    0.00000    0.00000    0.00000
       0.00000    0.00000    0.00000    0.00000    0.00000    0.00000    0.00000
       0.00000    0.00000
  905.000000     -335834.734      148.410910     -43.8152100     -.109211000E-01
 -.415961000E-06 -100123.850
 1     0.000000000   0.00
  1051.00000     -262970.967     -1313.47822      185.657000     -.246545000
 0.389750000E-04     0.000000000
 1     0.000000000   0.00
  2500.00000     -354313.223      365.792170     -74.2680000         0.000000000
     0.000000000     0.000000000
 1     0.000000000   0.00
 Ba_L1(liq)
   4  5           0.00000    0.00000    0.00000    0.00000    0.00000    0.00000
       0.00000    1.00000    0.00000    0.00000    0.00000    0.00000    0.00000
       0.00000    0.00000    0.00000    0.00000    0.00000    0.00000    0.00000
       0.00000    0.00000
  1000.00000     -10565.2258      226.666058     -42.8890000     -.183140000E-02
 -.900000000E-10  705880.000
 1     0.000000000   0.00
  2900.00000     -7411.20244      235.710803     -45.1320000     0.216535000E-02
 -.733333333E-09  5100.00000
 1     0.000000000   0.00
  3200.00000      2720557.65     -10215.1675      1251.56300     -.270242800
 0.106597883E-04 -.107083000E+10
 1     0.000000000   0.00
  4500.00000      11933.6656      132.214140     -32.2000000         0.000000000
     0.000000000  25.0000000
 1     0.000000000   0.00
  4500.00001      11933.6878      132.214115     -32.1999975         0.000000000
     0.000000000     0.000000000
 1     0.000000000   0.00
 BaF2_L1(liq)
   4  1           0.00000    0.00000    0.00000    0.00000    0.00000    0.00000
       0.00000    1.00000    0.00000    0.00000    0.00000    0.00000    0.00000
       0.00000    0.00000    0.00000    0.00000    0.00000    0.00000    2.00000
       0.00000    0.00000
  6000.00000     -1225763.50      636.315140     -107.654000         0.000000000
     0.000000000     0.000000000
 1     0.000000000   0.00
 BaI2_L1(liq)
   4  2           0.00000    0.00000    0.00000    0.00000    0.00000    0.00000
       0.00000    1.00000    0.00000    2.00000    0.00000    0.00000    0.00000
       0.00000    0.00000    0.00000    0.00000    0.00000    0.00000    0.00000
       0.00000    0.00000
  699.990000     -608097.892      301.435102     -71.5409807     -.998701200E-02
     0.000000000     0.000000000
 1     0.000000000   0.00
  2800.00000     -632202.895      600.271644     -112.968000         0.000000000
     0.000000000     0.000000000
 1     0.000000000   0.00
 La_L1(liq)
   4  4           0.00000    0.00000    0.00000    0.00000    0.00000    0.00000
       1.00000    0.00000    0.00000    0.00000    0.00000    0.00000    0.00000
       0.00000    0.00000    0.00000    0.00000    0.00000    0.00000    0.00000
       0.00000    0.00000
  550.000000      1713.39730      111.676670     -26.3400000     -.129516550E-02
     0.000000000     0.000000000
 1     0.000000000   0.00
  1134.00000      3208.01496      81.9323709     -21.7918600     -.404517500E-02
 -.525864670E-06     0.000000000
 1     0.000000000   0.00
  1193.00000     -10181.3883      213.299355     -39.5388000         0.000000000
     0.000000000     0.000000000
 1     0.000000000   0.00
  4000.00000     -3941.99828      171.018851     -34.3088000         0.000000000
     0.000000000     0.000000000
 1     0.000000000   0.00
 LaF3_L1(liq)
   4  1           0.00000    0.00000    0.00000    0.00000    0.00000    0.00000
       1.00000    0.00000    0.00000    0.00000    0.00000    0.00000    0.00000
       0.00000    0.00000    0.00000    0.00000    0.00000    0.00000    3.00000
       0.00000    0.00000
  3000.00000     -1674170.00      806.536630     -135.000000         0.000000000
     0.000000000     0.000000000
 1     0.000000000   0.00
 LaI3_L1(liq)
   4  2           0.00000    0.00000    0.00000    0.00000    0.00000    0.00000
       1.00000    0.00000    0.00000    3.00000    0.00000    0.00000    0.00000
       0.00000    0.00000    0.00000    0.00000    0.00000    0.00000    0.00000
       0.00000    0.00000
  1051.00000     -653000.298      382.866677     -93.9630100     -.115618000E-01
 0.233333333E-09 -6340.00000
 1     0.000000000   0.00
  3000.00000     -701238.605      820.399481     -152.000000         0.000000000
     0.000000000     0.000000000
 1     0.000000000   0.00
 Ce_L1(liq)
   4  2           0.00000    0.00000    0.00000    0.00000    0.00000    1.00000
       0.00000    0.00000    0.00000    0.00000    0.00000    0.00000    0.00000
       0.00000    0.00000    0.00000    0.00000    0.00000    0.00000    0.00000
       0.00000    0.00000
  1000.00000      4117.86500     -11.4238980     -7.53839480     -.293640700E-01
 0.482773400E-05 -198834.000
 1     0.000000000   0.00
  4000.00000     -6730.60620      183.023194     -37.6978000         0.000000000
     0.000000000     0.000000000
 1     0.000000000   0.00
 CeF3_L1(liq)
   4  2           0.00000    0.00000    0.00000    0.00000    0.00000    1.00000
       0.00000    0.00000    0.00000    0.00000    0.00000    0.00000    0.00000
       0.00000    0.00000    0.00000    0.00000    0.00000    0.00000    3.00000
       0.00000    0.00000
  1703.00000     -1665524.86      540.969085     -103.257700     0.649480000E-02
 -.411468333E-05  360435.000
 1     0.000000000   0.00
  2000.00000     -1689873.50      758.023194     -130.610000         0.000000000
     0.000000000     0.000000000
 1     0.000000000   0.00
 CeI3_L1(liq)
   4  2           0.00000    0.00000    0.00000    0.00000    0.00000    1.00000
       0.00000    0.00000    0.00000    3.00000    0.00000    0.00000    0.00000
       0.00000    0.00000    0.00000    0.00000    0.00000    0.00000    0.00000
       0.00000    0.00000
  1033.00000     -645703.601      347.739234     -89.8590000     -.170069000E-01
 -.686666667E-09  45.0000000
 1     0.000000000   0.00
  3000.00000     -694844.777      829.834770     -155.000000         0.000000000
     0.000000000     0.000000000
 1     0.000000000   0.00
 Pr_L1(liq)
   4  5           0.00000    0.00000    0.00000    0.00000    1.00000    0.00000
       0.00000    0.00000    0.00000    0.00000    0.00000    0.00000    0.00000
       0.00000    0.00000    0.00000    0.00000    0.00000    0.00000    0.00000
       0.00000    0.00000
  540.000000     -4977.12900      257.651479     -53.6880000     0.460609500E-01
 -.164438833E-04  334990.000
 1     0.000000000   0.00
  900.000000      1414.17052      103.383531     -27.5720000     -.156500000E-04
 -.220605000E-05     0.000000000
 1     0.000000000   0.00
  1068.00000      104721.142     -1072.31601      145.275000     -.127802500
 0.154618500E-04 -11471500.0
 1     0.000000000   0.00
  1204.00000     -4876.62558      182.610383     -38.4509600         0.000000000
     0.000000000     0.000000000
 1     0.000000000   0.00
  3800.00000     -10317.1645      219.182212     -42.9696800         0.000000000
     0.000000000     0.000000000
 1     0.000000000   0.00
 PrF3_L1(liq)
   4  1           0.00000    0.00000    0.00000    0.00000    1.00000    0.00000
       0.00000    0.00000    0.00000    0.00000    0.00000    0.00000    0.00000
       0.00000    0.00000    0.00000    0.00000    0.00000    0.00000    3.00000
       0.00000    0.00000
  1800.00000     -1694175.27      755.056505     -130.760000         0.000000000
     0.000000000     0.000000000
 1     0.000000000   0.00
 PrI3_L1(liq)
   4  2           0.00000    0.00000    0.00000    0.00000    1.00000    0.00000
       0.00000    0.00000    0.00000    3.00000    0.00000    0.00000    0.00000
       0.00000    0.00000    0.00000    0.00000    0.00000    0.00000    0.00000
       0.00000    0.00000
  1011.00000     -640336.536      342.833530     -89.7490000     -.188704500E-01
 -.198333333E-09  60.0000000
 1     0.000000000   0.00
  3000.00000     -687016.885      821.379595     -155.000000         0.000000000
     0.000000000     0.000000000
 1     0.000000000   0.00
 Nd_L1(liq)
   4  3           0.00000    0.00000    0.00000    1.00000    0.00000    0.00000
       0.00000    0.00000    0.00000    0.00000    0.00000    0.00000    0.00000
       0.00000    0.00000    0.00000    0.00000    0.00000    0.00000    0.00000
       0.00000    0.00000
  300.000000     -3351.18700      109.517314     -27.0858000     0.556125000E-03
 -.269230000E-05  34887.0000
 1     0.000000000   0.00
  1128.00000      5350.01347     -86.5939684      5.35730100     -.469554630E-01
 0.686078200E-05 -374380.000
 1     0.000000000   0.00
  1800.00000     -16335.2308      268.625900     -48.7854000         0.000000000
     0.000000000     0.000000000
 1     0.000000000   0.00
 NdF3_L1(liq)
   4  2           0.00000    0.00000    0.00000    1.00000    0.00000    0.00000
       0.00000    0.00000    0.00000    0.00000    0.00000    0.00000    0.00000
       0.00000    0.00000    0.00000    0.00000    0.00000    0.00000    3.00000
       0.00000    0.00000
  1649.00000     -1659334.00      545.603184     -103.386700     -.833440000E-03
 -.173225000E-05  550585.000
 1     0.000000000   0.00
  2500.00000     -1755360.75      1112.31094     -172.820000         0.000000000
     0.000000000     0.000000000
 1     0.000000000   0.00
 NdI3_L1(liq)
   4  3           0.00000    0.00000    0.00000    1.00000    0.00000    0.00000
       0.00000    0.00000    0.00000    3.00000    0.00000    0.00000    0.00000
       0.00000    0.00000    0.00000    0.00000    0.00000    0.00000    0.00000
       0.00000    0.00000
  847.000000     -630208.067      609.064934     -133.254000     0.381544500E-01
 -.133965583E-04  828850.000
 1     0.000000000   0.00
  1060.00000     -625575.417      517.877196     -117.000000         0.000000000
     0.000000000     0.000000000
 1     0.000000000   0.00
  3000.00000     -666915.417      828.552139     -156.000000         0.000000000
     0.000000000     0.000000000
 1     0.000000000   0.00
 Th_L1(liq)
   4  1           0.00000    0.00000    1.00000    0.00000    0.00000    0.00000
       0.00000    0.00000    0.00000    0.00000    0.00000    0.00000    0.00000
       0.00000    0.00000    0.00000    0.00000    0.00000    0.00000    0.00000
       0.00000    0.00000
  3500.00000     -8467.36410      266.473940     -46.0240000         0.000000000
     0.000000000     0.000000000
 1     0.000000000   0.00
 ThF4_L1(liq)
   4  1           0.00000    0.00000    1.00000    0.00000    0.00000    0.00000
       0.00000    0.00000    0.00000    0.00000    0.00000    0.00000    0.00000
       0.00000    0.00000    0.00000    0.00000    0.00000    0.00000    4.00000
       0.00000    0.00000
  2500.00000     -2154339.50      1037.35440     -170.000000         0.000000000
     0.000000000     0.000000000
 1     0.000000000   0.00
 ThI4_L1(liq)
   4  3           0.00000    0.00000    1.00000    0.00000    0.00000    0.00000
       0.00000    0.00000    0.00000    4.00000    0.00000    0.00000    0.00000
       0.00000    0.00000    0.00000    0.00000    0.00000    0.00000    0.00000
       0.00000    0.00000
  839.000000     -657956.107      562.825859     -129.601000     -.659535000E-02
 0.220266667E-07  305075.000
 1     0.000000000   0.00
  1200.00000     -691312.812      908.035825     -175.728000     -.150000000E-06
 0.100000000E-10 -50.0000000
 1     0.000000000   0.00
  1200.00001     -691313.125      908.038318     -175.728343         0.000000000
     0.000000000     0.000000000
 1     0.000000000   0.00
 U_L1(liq)
   4  1           0.00000    1.00000    0.00000    0.00000    0.00000    0.00000
       0.00000    0.00000    0.00000    0.00000    0.00000    0.00000    0.00000
       0.00000    0.00000    0.00000    0.00000    0.00000    0.00000    0.00000
       0.00000    0.00000
  4407.00000     -10132.7340      281.664830     -48.6599200         0.000000000
     0.000000000     0.000000000
 1     0.000000000   0.00
 UF3_L1(liq)
   4  1           0.00000    1.00000    0.00000    0.00000    0.00000    0.00000
       0.00000    0.00000    0.00000    0.00000    0.00000    0.00000    0.00000
       0.00000    0.00000    0.00000    0.00000    0.00000    0.00000    3.00000
       0.00000    0.00000
  3200.00000     -1553960.72      803.331960     -134.000000         0.000000000
     0.000000000     0.000000000
 1     0.000000000   0.00
 UF4_L1(liq)
   4  1           0.00000    1.00000    0.00000    0.00000    0.00000    0.00000
       0.00000    0.00000    0.00000    0.00000    0.00000    0.00000    0.00000
       0.00000    0.00000    0.00000    0.00000    0.00000    0.00000    4.00000
       0.00000    0.00000
  2500.00000     -1966756.70      1054.93810     -174.740000         0.000000000
     0.000000000     0.000000000
 1     0.000000000   0.00
 UI4_L1(liq)
   4  1           0.00000    1.00000    0.00000    0.00000    0.00000    0.00000
       0.00000    0.00000    0.00000    4.00000    0.00000    0.00000    0.00000
       0.00000    0.00000    0.00000    0.00000    0.00000    0.00000    0.00000
       0.00000    0.00000
  1020.00000     -533745.109      816.750605     -165.707320         0.000000000
     0.000000000     0.000000000
 1     0.000000000   0.00
 Pu_L1(liq)
   4  3           1.00000    0.00000    0.00000    0.00000    0.00000    0.00000
       0.00000    0.00000    0.00000    0.00000    0.00000    0.00000    0.00000
       0.00000    0.00000    0.00000    0.00000    0.00000    0.00000    0.00000
       0.00000    0.00000
  400.000000     -788.208970      67.7880820     -18.1258000     -.224100000E-01
     0.000000000     0.000000000
 1     0.000000000   0.00
  944.000000     -9997.86207      224.273304     -42.4187000     -.134493000E-02
 0.263443000E-06  579325.000
 1     0.000000000   0.00
  3000.00000     -7854.05582      220.448253     -42.2480000         0.000000000
     0.000000000     0.000000000
 1     0.000000000   0.00
 PuF3_L1(liq)
   4  1           1.00000    0.00000    0.00000    0.00000    0.00000    0.00000
       0.00000    0.00000    0.00000    0.00000    0.00000    0.00000    0.00000
       0.00000    0.00000    0.00000    0.00000    0.00000    0.00000    3.00000
       0.00000    0.00000
  2500.00000     -1607572.50      761.357570     -130.000000         0.000000000
     0.000000000     0.000000000
 1     0.000000000   0.00
 PuI3_L1(liq)
   4  3           1.00000    0.00000    0.00000    0.00000    0.00000    0.00000
       0.00000    0.00000    0.00000    3.00000    0.00000    0.00000    0.00000
       0.00000    0.00000    0.00000    0.00000    0.00000    0.00000    0.00000
       0.00000    0.00000
  1050.00000     -562118.356      451.924096     -105.683000     -.102989500E-01
 0.131833333E-08 -70.0000000
 1     0.000000000   0.00
  1500.00000     -589168.683      721.295508     -142.256000         0.000000000
 -.333333333E-11  40.0000000
 1     0.000000000   0.00
  1500.00001     -589168.621      721.295547     -142.256009         0.000000000
     0.000000000     0.000000000
 1     0.000000000   0.00
 Li_S1(s)
   4  3           0.00000    0.00000    0.00000    0.00000    0.00000    0.00000
       0.00000    0.00000    0.00000    0.00000    0.00000    0.00000    0.00000
       0.00000    0.00000    0.00000    0.00000    0.00000    0.00000    0.00000
       0.00000    1.00000
  453.690000     -3853.52541      46.0689396     -9.60440065     -.204982805E-01
     0.000000000 -124058.568
 1     0.000000000   0.00
  1000.00000     -1525604.28      6985.05536     -704.447988     0.504102534E-01
     0.000000000  19563982.3
 2  491701.075      99.00 -129758.325       0.50
  1001.00000     -7248.21790      157.168554     -28.0000000         0.000000000
     0.000000000     0.000000000
 1     0.000000000   0.00
 Be_S1(s)
   4  2           0.00000    0.00000    0.00000    0.00000    0.00000    0.00000
       0.00000    0.00000    0.00000    0.00000    0.00000    0.00000    0.00000
       0.00000    0.00000    0.00000    0.00000    0.00000    0.00000    0.00000
       1.00000    0.00000
  1527.00000     -10745.1065      92.8072865     -15.9279856     -.451976433E-02
     0.000000000  344806.833
 1  380.080008       0.50
  1527.00001     -16667.6631      216.509951     -31.8672128         0.000000000
     0.000000000     0.000000000
 1     0.000000000   0.00
 Be_S2(s2)
   4  2           0.00000    0.00000    0.00000    0.00000    0.00000    0.00000
       0.00000    0.00000    0.00000    0.00000    0.00000    0.00000    0.00000
       0.00000    0.00000    0.00000    0.00000    0.00000    0.00000    0.00000
       1.00000    0.00000
  1527.00000     -3896.10631      88.3220209     -15.9279856     -.451976430E-02
     0.000000000  344806.800
 1  380.080008       0.50
  2000.00000     -6967.42921      196.468823     -30.0000000         0.000000000
     0.000000000     0.000000000
 1     0.000000000   0.00
 LiF_FM3M_No.225(s)
   4  2           0.00000    0.00000    0.00000    0.00000    0.00000    0.00000
       0.00000    0.00000    0.00000    0.00000    0.00000    0.00000    0.00000
       0.00000    0.00000    0.00000    0.00000    0.00000    0.00000    1.00000
       0.00000    1.00000
  2500.00000     -632481.903      262.493230     -43.3090000     -.815600000E-02
 -.841166670E-07  284562.000
 1     0.000000000   0.00
  2500.00001     -688258.896      606.965943     -87.1523152         0.000000000
     0.000000000     0.000000000
 1     0.000000000   0.00
 BeF2_Solid_II_Low_quartz(s)
   4  4           0.00000    0.00000    0.00000    0.00000    0.00000    0.00000
       0.00000    0.00000    0.00000    0.00000    0.00000    0.00000    0.00000
       0.00000    0.00000    0.00000    0.00000    0.00000    0.00000    2.00000
       1.00000    0.00000
  483.000000     -1029372.22     -42.7677599      4.61000000     -.779105000E-01
     0.000000000 -444100.000
 1     0.000000000   0.00
  486.000000     -114252221.      4007961.58     -706140.000      1467.95000
 -.508650000         0.000000000
 1     0.000000000   0.00
  823.000000     -1044080.79      319.367587     -54.6000000     -.109680000E-01
     0.000000000     0.000000000
 1     0.000000000   0.00
  823.000001     -1051509.73      440.558787     -72.6533280         0.000000000
     0.000000000     0.000000000
 1     0.000000000   0.00
 BeF2_Solid_I_Hi_quartz_(s2)
   4  5           0.00000    0.00000    0.00000    0.00000    0.00000    0.00000
       0.00000    0.00000    0.00000    0.00000    0.00000    0.00000    0.00000
       0.00000    0.00000    0.00000    0.00000    0.00000    0.00000    2.00000
       1.00000    0.00000
  483.000000     -1029312.22     -42.8913438      4.61000000     -.779105000E-01
     0.000000000 -444100.000
 1     0.000000000   0.00
  486.000000     -114252161.      4007961.46     -706140.000      1467.95000
 -.508650000         0.000000000
 1     0.000000000   0.00
  823.000000     -1044020.79      319.244003     -54.6000000     -.109680000E-01
     0.000000000     0.000000000
 1     0.000000000   0.00
  2000.00000     -1051704.65      406.456116     -66.5685000     -.790250000E-02
     0.000000000 -36975.7500
 1     0.000000000   0.00
  2000.00001     -1083388.61      646.888899     -98.1969879         0.000000000
     0.000000000     0.000000000
 1     0.000000000   0.00
 LiBeF3_S1(s)
   4  2           0.00000    0.00000    0.00000    0.00000    0.00000    0.00000
       0.00000    0.00000    0.00000    0.00000    0.00000    0.00000    0.00000
       0.00000    0.00000    0.00000    0.00000    0.00000    0.00000    3.00000
       1.00000    1.00000
  2000.00000     -1681481.42      455.815137     -77.1100000     -.424450000E-01
     0.000000000  435000.000
 1     0.000000000   0.00
  2000.00001     -1850391.42      1744.31691     -246.672500         0.000000000
     0.000000000     0.000000000
 1     0.000000000   0.00
 Li2BeF4_S1(s)
   4  2           0.00000    0.00000    0.00000    0.00000    0.00000    0.00000
       0.00000    0.00000    0.00000    0.00000    0.00000    0.00000    0.00000
       0.00000    0.00000    0.00000    0.00000    0.00000    0.00000    4.00000
       1.00000    2.00000
  733.000000     -2307940.65      527.219680     -92.0000000     -.739700000E-01
     0.000000000  50000.0000
 1     0.000000000   0.00
  2000.00000     -2370680.96      1482.28700     -232.000000         0.000000000
     0.000000000     0.000000000
 1     0.000000000   0.00
 Na_S1(s)
   4  3           0.00000    0.00000    0.00000    0.00000    0.00000    0.00000
       0.00000    0.00000    0.00000    0.00000    0.00000    0.00000    0.00000
       0.00000    0.00000    0.00000    0.00000    0.00000    1.00000    0.00000
       0.00000    0.00000
  370.980000     -59594.5076     -608.120410      83.6120830     -.965234270E-01
     0.000000000     0.000000000
 1  16166.3840      99.00
  1000.00000     -460367.586      2193.61214     -233.405720     0.149366600E-01
     0.000000000  5806510.70
 2  145943.730      99.00 -38503.2670       0.50
  1001.00000      2124.23100      75.1801212     -21.0000000         0.000000000
     0.000000000     0.000000000
 1     0.000000000   0.00
 NaF_FM3M_No.225(s)
   4  2           0.00000    0.00000    0.00000    0.00000    0.00000    0.00000
       0.00000    0.00000    0.00000    0.00000    0.00000    0.00000    0.00000
       0.00000    0.00000    0.00000    0.00000    0.00000    1.00000    1.00000
       0.00000    0.00000
  2500.00000     -593015.521      274.815724     -47.6300000     -.739500000E-02
     0.000000000  232150.000
 1     0.000000000   0.00
  2500.00001     -638862.831      563.417161     -84.5307120         0.000000000
     0.000000000     0.000000000
 1     0.000000000   0.00
 NaBeF3_S1(s)
   4  2           0.00000    0.00000    0.00000    0.00000    0.00000    0.00000
       0.00000    0.00000    0.00000    0.00000    0.00000    0.00000    0.00000
       0.00000    0.00000    0.00000    0.00000    0.00000    1.00000    3.00000
       1.00000    0.00000
  700.000000     -1650650.88      101.933647     -20.3857000     -.112189250
     0.000000000     0.000000000
 1     0.000000000   0.00
  700.000001     -1705623.62      1130.87875     -177.450650         0.000000000
     0.000000000     0.000000000
 1     0.000000000   0.00
 NaBeF3_S2(s2)
   4  2           0.00000    0.00000    0.00000    0.00000    0.00000    0.00000
       0.00000    0.00000    0.00000    0.00000    0.00000    0.00000    0.00000
       0.00000    0.00000    0.00000    0.00000    0.00000    1.00000    3.00000
       1.00000    0.00000
  700.000000     -1649650.88      100.310647     -20.3857000     -.112189250
     0.000000000     0.000000000
 1     0.000000000   0.00
  700.000001     -1704623.62      1129.25575     -177.450650         0.000000000
     0.000000000     0.000000000
 1     0.000000000   0.00
 Na2BeF4_S1(s)
   4  3           0.00000    0.00000    0.00000    0.00000    0.00000    0.00000
       0.00000    0.00000    0.00000    0.00000    0.00000    0.00000    0.00000
       0.00000    0.00000    0.00000    0.00000    0.00000    2.00000    4.00000
       1.00000    0.00000
  498.150000     -2254638.20      381.679464     -69.7065000     -.122227300
     0.000000000     0.000000000
 1     0.000000000   0.00
  593.150000     -2240678.53     -103.418092      12.6308000     -.231259300
     0.000000000     0.000000000
 1     0.000000000   0.00
  870.000000     -2281580.47      1144.59092     -193.497800         0.000000000
     0.000000000     0.000000000
 1     0.000000000   0.00
 Na2BeF4_S2(s2)
   4  3           0.00000    0.00000    0.00000    0.00000    0.00000    0.00000
       0.00000    0.00000    0.00000    0.00000    0.00000    0.00000    0.00000
       0.00000    0.00000    0.00000    0.00000    0.00000    2.00000    4.00000
       1.00000    0.00000
  498.150000     -2253641.20      379.678064     -69.7065000     -.122227300
     0.000000000     0.000000000
 1     0.000000000   0.00
  593.150000     -2239681.53     -105.419492      12.6308000     -.231259300
     0.000000000     0.000000000
 1     0.000000000   0.00
  870.000000     -2280583.47      1142.58952     -193.497800         0.000000000
     0.000000000     0.000000000
 1     0.000000000   0.00
 Na2BeF4_S3(s3)
   4  3           0.00000    0.00000    0.00000    0.00000    0.00000    0.00000
       0.00000    0.00000    0.00000    0.00000    0.00000    0.00000    0.00000
       0.00000    0.00000    0.00000    0.00000    0.00000    2.00000    4.00000
       1.00000    0.00000
  498.150000     -2248839.20      371.582264     -69.7065000     -.122227300
     0.000000000     0.000000000
 1     0.000000000   0.00
  593.150000     -2234879.53     -113.515292      12.6308000     -.231259300
     0.000000000     0.000000000
 1     0.000000000   0.00
  870.000000     -2275781.47      1134.49372     -193.497800         0.000000000
     0.000000000     0.000000000
 1     0.000000000   0.00
 K_S1(s)
   4  4           0.00000    0.00000    0.00000    0.00000    0.00000    0.00000
       0.00000    0.00000    0.00000    0.00000    0.00000    0.00000    0.00000
       0.00000    0.00000    0.00000    0.00000    1.00000    0.00000    0.00000
       0.00000    0.00000
  400.000000      4578938.53      21051.7170     -2842.06370      1.20131870
     0.000000000 -62368327.0
 1 -1043329.60      99.00
  1039.50000      3223.31820      230.668100     -44.3757540     0.134025860E-01
 -.253899400E-05 -199697.850
 1 -2842.25920      99.00
  1500.00000      1190.03453      44.1441819     -17.4454030     -.544349160E-02
     0.000000000 -997310.300
 1     0.000000000   0.00
  1501.00000      5276.24806      66.1203247     -22.0000000         0.000000000
     0.000000000     0.000000000
 1     0.000000000   0.00
 KF_FM3M_No.225(s)
   4  2           0.00000    0.00000    0.00000    0.00000    0.00000    0.00000
       0.00000    0.00000    0.00000    0.00000    0.00000    0.00000    0.00000
       0.00000    0.00000    0.00000    0.00000    1.00000    0.00000    1.00000
       0.00000    0.00000
  2500.00000     -575019.482      303.171790     -53.8109554     -.352474300E-02
 -.372166667E-06     0.000000000
 1 -2120.93727      99.00
  2500.00001     -632661.979      548.898540     -84.5425455         0.000000000
     0.000000000     0.000000000
 1     0.000000000   0.00
 Cr_S1(s)
  16  2           0.00000    0.00000    0.00000    0.00000    0.00000    0.00000
       0.00000    0.00000    0.00000    0.00000    0.00000    0.00000    0.00000
       0.00000    0.00000    0.00000    1.00000    0.00000    0.00000    0.00000
       0.00000    0.00000
  2180.00000     -8856.94000      157.480000     -26.9080000     0.189435000E-02
 -.147721000E-05  139250.000
 1     0.000000000   0.00
  2181.00000     -37463.9800      345.251242     -50.0000000         0.000000000
     0.000000000     0.000000000
 1     0.000000000   0.00
 -311.500     -.800000E-02  1.00000     0.400000
 CrF2_P21/c_No.14(s)
   4  2           0.00000    0.00000    0.00000    0.00000    0.00000    0.00000
       0.00000    0.00000    0.00000    0.00000    0.00000    0.00000    0.00000
       0.00000    0.00000    0.00000    1.00000    0.00000    0.00000    2.00000
       0.00000    0.00000
  1167.00000     -803115.598      438.493539     -76.6834500     -.527052500E-02
 0.231126000E-09  669186.500
 1     0.000000000   0.00
  1167.00001     -807998.301      516.939793     -88.0002339         0.000000000
     0.000000000     0.000000000
 1     0.000000000   0.00
 CrF3_R3c_No.161(s)
   4  3           0.00000    0.00000    0.00000    0.00000    0.00000    0.00000
       0.00000    0.00000    0.00000    0.00000    0.00000    0.00000    0.00000
       0.00000    0.00000    0.00000    1.00000    0.00000    0.00000    3.00000
       0.00000    0.00000
  1100.00000     -1185972.77      430.234789     -75.8630100     -.202223000E-01
 0.701341667E-06  391435.000
 1     0.000000000   0.00
  1698.00000     -1329465.89      1530.78260     -226.552000     0.435068500E-01
 -.336783500E-05  24599880.0
 1     0.000000000   0.00
  2500.00000     -1229008.91      826.240115     -130.000000         0.000000000
     0.000000000     0.000000000
 1     0.000000000   0.00
 Li3CrF6_S1(s)
   4  3           0.00000    0.00000    0.00000    0.00000    0.00000    0.00000
       0.00000    0.00000    0.00000    0.00000    0.00000    0.00000    0.00000
       0.00000    0.00000    0.00000    1.00000    0.00000    0.00000    6.00000
       0.00000    3.00000
  1100.00000     -3111198.37      1316.58770     -220.904867     -.446903000E-01
 0.448991667E-06  1245121.00
 1     0.000000000   0.00
  1698.00000     -3238065.15      2296.17032     -356.479000     0.190388500E-01
 -.362018500E-05  25453566.0
 1     0.000000000   0.00
  1698.00001     -3194104.05      2154.59009     -336.793012         0.000000000
     0.000000000     0.000000000
 1     0.000000000   0.00
 NaCrF4_S1(s)
   4  2           0.00000    0.00000    0.00000    0.00000    0.00000    0.00000
       0.00000    0.00000    0.00000    0.00000    0.00000    0.00000    0.00000
       0.00000    0.00000    0.00000    1.00000    0.00000    1.00000    4.00000
       0.00000    0.00000
  2000.00000     -1820920.29      694.202514     -123.493010     -.276173000E-01
 0.701341667E-06  623585.000
 1     0.000000000   0.00
  2000.00001     -1907699.39      1394.67452     -216.818217         0.000000000
     0.000000000     0.000000000
 1     0.000000000   0.00
 Na3CrF6_S1(s)
   4  2           0.00000    0.00000    0.00000    0.00000    0.00000    0.00000
       0.00000    0.00000    0.00000    0.00000    0.00000    0.00000    0.00000
       0.00000    0.00000    0.00000    1.00000    0.00000    3.00000    6.00000
       0.00000    0.00000
  2000.00000     -3012151.33      1187.95796     -218.753010     -.424073000E-01
 0.701341667E-06  1087885.00
 1     0.000000000   0.00
  2000.00001     -3157161.83      2335.98659     -371.006067         0.000000000
     0.000000000     0.000000000
 1     0.000000000   0.00
 Na3CrF6_S2(s2)
   4  2           0.00000    0.00000    0.00000    0.00000    0.00000    0.00000
       0.00000    0.00000    0.00000    0.00000    0.00000    0.00000    0.00000
       0.00000    0.00000    0.00000    1.00000    0.00000    3.00000    6.00000
       0.00000    0.00000
  2000.00000     -3001651.33      1176.58201     -218.753010     -.424073000E-01
 0.701341667E-06  1087885.00
 1     0.000000000   0.00
  2000.00001     -3146661.83      2324.61064     -371.006067         0.000000000
     0.000000000     0.000000000
 1     0.000000000   0.00
 Na5Cr3F14_S1(s)
   4  2           0.00000    0.00000    0.00000    0.00000    0.00000    0.00000
       0.00000    0.00000    0.00000    0.00000    0.00000    0.00000    0.00000
       0.00000    0.00000    0.00000    3.00000    0.00000    5.00000   14.00000
       0.00000    0.00000
  2000.00000     -6708741.91      2619.06299     -465.739030     -.976419000E-01
 0.210402500E-05  2335055.00
 1     0.000000000   0.00
  2000.00001     -7027310.60      5168.03564     -804.642503         0.000000000
     0.000000000     0.000000000
 1     0.000000000   0.00
 KCrF4_S1(s)
   4  2           0.00000    0.00000    0.00000    0.00000    0.00000    0.00000
       0.00000    0.00000    0.00000    0.00000    0.00000    0.00000    0.00000
       0.00000    0.00000    0.00000    1.00000    1.00000    0.00000    4.00000
       0.00000    0.00000
  2000.00000     -1820927.99      793.213356     -144.620010     0.865770000E-02
 -.118661583E-04  774794.150
 1 0.199050000E-08   4.00
  2000.00001     -1877832.67      1253.66730     -203.301613         0.000000000
     0.000000000     0.000000000
 1     0.000000000   0.00
 KCrF4_S2(s2)
   4  2           0.00000    0.00000    0.00000    0.00000    0.00000    0.00000
       0.00000    0.00000    0.00000    0.00000    0.00000    0.00000    0.00000
       0.00000    0.00000    0.00000    1.00000    1.00000    0.00000    4.00000
       0.00000    0.00000
  2000.00000     -1816927.99      789.436208     -144.620010     0.865770000E-02
 -.118661583E-04  774794.150
 1 0.199050000E-08   4.00
  2000.00001     -1873832.67      1249.89015     -203.301613         0.000000000
     0.000000000     0.000000000
 1     0.000000000   0.00
 K2CrF5_S1(s)
   4  2           0.00000    0.00000    0.00000    0.00000    0.00000    0.00000
       0.00000    0.00000    0.00000    0.00000    0.00000    0.00000    0.00000
       0.00000    0.00000    0.00000    1.00000    2.00000    0.00000    5.00000
       0.00000    0.00000
  2000.00000     -2447851.22      1174.85192     -213.377010     0.375377000E-01
 -.244336583E-04  1158153.30
 1 0.398100000E-08   4.00
  2000.00001     -2503997.18      1619.06611     -266.878933         0.000000000
     0.000000000     0.000000000
 1     0.000000000   0.00
 K3CrF6_S1(s)
   4  2           0.00000    0.00000    0.00000    0.00000    0.00000    0.00000
       0.00000    0.00000    0.00000    0.00000    0.00000    0.00000    0.00000
       0.00000    0.00000    0.00000    1.00000    3.00000    0.00000    6.00000
       0.00000    0.00000
  2000.00000     -3031574.44      1538.09049     -282.134010     0.664177000E-01
 -.370011583E-04  1541512.45
 1 0.597150000E-08   4.00
  2000.00001     -3086961.68      1966.06492     -330.456254         0.000000000
     0.000000000     0.000000000
 1     0.000000000   0.00
 K3CrF6_S2(s2)
   4  2           0.00000    0.00000    0.00000    0.00000    0.00000    0.00000
       0.00000    0.00000    0.00000    0.00000    0.00000    0.00000    0.00000
       0.00000    0.00000    0.00000    1.00000    3.00000    0.00000    6.00000
       0.00000    0.00000
  2000.00000     -3015374.44      1505.36322     -282.134010     0.664177000E-01
 -.370011583E-04  1541512.45
 1 0.597150000E-08   4.00
  2000.00001     -3070761.68      1933.33764     -330.456254         0.000000000
     0.000000000     0.000000000
 1     0.000000000   0.00
 K2Cr5F17_S1(s)
   4  2           0.00000    0.00000    0.00000    0.00000    0.00000    0.00000
       0.00000    0.00000    0.00000    0.00000    0.00000    0.00000    0.00000
       0.00000    0.00000    0.00000    5.00000    2.00000    0.00000   17.00000
       0.00000    0.00000
  2000.00000     -7244770.29      2890.55108     -516.829050     -.433515000E-01
 -.216282917E-04  2723893.30
 1 0.398100000E-08   4.00
  2000.00001     -7531569.84      5241.54008     -825.776103         0.000000000
     0.000000000     0.000000000
 1     0.000000000   0.00
 NaK2CrF6_S1(s)
   4  2           0.00000    0.00000    0.00000    0.00000    0.00000    0.00000
       0.00000    0.00000    0.00000    0.00000    0.00000    0.00000    0.00000
       0.00000    0.00000    0.00000    1.00000    2.00000    1.00000    6.00000
       0.00000    0.00000
  2000.00000     -3063099.74      1421.37965     -261.007010     0.301427000E-01
 -.244336583E-04  1390303.30
 1 0.398100000E-08   4.00
  2000.00001     -3148361.40      2089.37214     -343.972858         0.000000000
     0.000000000     0.000000000
 1     0.000000000   0.00
 Fe_bcc(s)
  16  2           0.00000    0.00000    0.00000    0.00000    0.00000    0.00000
       0.00000    0.00000    0.00000    0.00000    0.00000    0.00000    0.00000
       0.00000    0.00000    1.00000    0.00000    0.00000    0.00000    0.00000
       0.00000    0.00000
  1811.00000      1225.70000      124.134000     -23.5143000     -.439752000E-02
 -.589269000E-07  77358.5000
 1     0.000000000   0.00
  1812.00000     -24287.8308      298.768006     -46.0000000         0.000000000
     0.000000000     0.000000000
 1     0.000000000   0.00
  1043.00      2.22000      1.00000     0.400000
 Fe_fcc(s2)
  16  2           0.00000    0.00000    0.00000    0.00000    0.00000    0.00000
       0.00000    0.00000    0.00000    0.00000    0.00000    0.00000    0.00000
       0.00000    0.00000    1.00000    0.00000    0.00000    0.00000    0.00000
       0.00000    0.00000
  1811.00000     -236.700000      132.416000     -24.6643000     -.375752000E-02
 -.589269000E-07  77358.5000
 1     0.000000000   0.00
  1812.00000     -25766.6022      299.591207     -46.0000000         0.000000000
     0.000000000     0.000000000
 1     0.000000000   0.00
 -201.000     -2.10000     0.333333     0.280000
 FeF2_P42/mnm_No.136(s)
   4  5           0.00000    0.00000    0.00000    0.00000    0.00000    0.00000
       0.00000    0.00000    0.00000    0.00000    0.00000    0.00000    0.00000
       0.00000    0.00000    1.00000    0.00000    0.00000    0.00000    2.00000
       0.00000    0.00000
  500.000000     -734298.831      337.396320     -61.3550000     -.188403500E-01
 0.797000000E-08  198490.000
 1     0.000000000   0.00
  700.000000     -755844.398      626.905353     -104.766000     0.147380500E-01
 -.331085667E-05  2049730.00
 1     0.000000000   0.00
  1000.00000     -801950.942      1133.99477     -178.536000     0.634688500E-01
 -.858158833E-05  7205200.00
 1     0.000000000   0.00
  1223.00000     -743596.276      500.952019     -86.2450000     -.860250000E-03
 -.236625000E-06  353780.000
 1     0.000000000   0.00
  4000.00000     -757687.690      609.089690     -100.000000         0.000000000
     0.000000000     0.000000000
 1     0.000000000   0.00
 NaFeF3_S1(s)
   4  6           0.00000    0.00000    0.00000    0.00000    0.00000    0.00000
       0.00000    0.00000    0.00000    0.00000    0.00000    0.00000    0.00000
       0.00000    0.00000    1.00000    0.00000    0.00000    1.00000    3.00000
       0.00000    0.00000
  500.000000     -1318717.35      581.576045     -108.985000     -.262353500E-01
 0.797000000E-08  430640.000
 1     0.000000000   0.00
  700.000000     -1340262.92      871.085077     -152.396000     0.734305000E-02
 -.331085667E-05  2281880.00
 1     0.000000000   0.00
  1000.00000     -1386369.46      1378.17450     -226.166000     0.560738500E-01
 -.858158833E-05  7437350.00
 1     0.000000000   0.00
  1223.00000     -1328014.80      745.131744     -133.875000     -.825525000E-02
 -.236625000E-06  585930.000
 1     0.000000000   0.00
  2500.00000     -1342106.21      853.269414     -147.630000     -.739500000E-02
     0.000000000  232150.000
 1     0.000000000   0.00
  4000.00000     -1387953.52      1141.87085     -184.530712         0.000000000
     0.000000000     0.000000000
 1     0.000000000   0.00
 Ni_fcc(s)
  16  2           0.00000    0.00000    0.00000    0.00000    0.00000    0.00000
       0.00000    0.00000    0.00000    0.00000    0.00000    0.00000    0.00000
       0.00000    1.00000    0.00000    0.00000    0.00000    0.00000    0.00000
       0.00000    0.00000
  1729.00000     -5179.15900      117.854000     -22.0960000     -.484070000E-02
     0.000000000     0.000000000
 1     0.000000000   0.00
  1730.00000     -27024.0880      278.709949     -43.1000000         0.000000000
     0.000000000     0.000000000
 1     0.000000000   0.00
  633.000     0.520000     0.333333     0.280000
 NiF2_P42/mnm_No.136(s)
   4  2           0.00000    0.00000    0.00000    0.00000    0.00000    0.00000
       0.00000    0.00000    0.00000    0.00000    0.00000    0.00000    0.00000
       0.00000    1.00000    0.00000    0.00000    0.00000    0.00000    2.00000
       0.00000    0.00000
  2000.00000     -679565.099      373.230817     -65.5050000     -.768850000E-02
     0.000000000  305801.500
 1     0.000000000   0.00
  2000.00001     -709707.496      605.597436     -96.1060992         0.000000000
     0.000000000     0.000000000
 1     0.000000000   0.00
 LiNiF3_S1(s)
   4  3           0.00000    0.00000    0.00000    0.00000    0.00000    0.00000
       0.00000    0.00000    0.00000    0.00000    0.00000    0.00000    0.00000
       0.00000    1.00000    0.00000    0.00000    0.00000    0.00000    3.00000
       0.00000    1.00000
  2000.00000     -1314716.00      632.904047     -108.814000     -.158445000E-01
 -.841166670E-07  590363.500
 1     0.000000000   0.00
  2500.00000     -1344858.40      865.270667     -139.415099     -.815600000E-02
 -.841166670E-07  284562.000
 1     0.000000000   0.00
  2500.00001     -1400635.39      1209.74338     -183.258414         0.000000000
     0.000000000     0.000000000
 1     0.000000000   0.00
 Li2NiF4_S1(s)
   4  2           0.00000    0.00000    0.00000    0.00000    0.00000    0.00000
       0.00000    0.00000    0.00000    0.00000    0.00000    0.00000    0.00000
       0.00000    1.00000    0.00000    0.00000    0.00000    0.00000    4.00000
       0.00000    2.00000
  2000.00000     -1956959.91      899.520378     -152.123000     -.240005000E-01
 -.168233334E-06  874925.500
 1     0.000000000   0.00
  2000.00001     -2056595.52      1657.94911     -251.725137         0.000000000
     0.000000000     0.000000000
 1     0.000000000   0.00
 NaNiF3_S1(s)
   4  2           0.00000    0.00000    0.00000    0.00000    0.00000    0.00000
       0.00000    0.00000    0.00000    0.00000    0.00000    0.00000    0.00000
       0.00000    1.00000    0.00000    0.00000    0.00000    1.00000    3.00000
       0.00000    0.00000
  2000.00000     -1290182.11      638.812029     -113.140000     -.150835000E-01
     0.000000000  537951.500
 1     0.000000000   0.00
  2000.00001     -1349440.21      1094.95696     -173.205024         0.000000000
     0.000000000     0.000000000
 1     0.000000000   0.00
 KNiF3_S1(s)
   4  2           0.00000    0.00000    0.00000    0.00000    0.00000    0.00000
       0.00000    0.00000    0.00000    0.00000    0.00000    0.00000    0.00000
       0.00000    1.00000    0.00000    0.00000    1.00000    0.00000    3.00000
       0.00000    0.00000
  2000.00000     -1292399.79      743.744820     -134.300000     0.211899400E-01
 -.125674767E-04  689160.650
 1 0.199046667E-08   4.00
  2000.00001     -1321793.76      959.941030     -159.730300         0.000000000
     0.000000000     0.000000000
 1     0.000000000   0.00
 K2NiF4_S1(s)
   4  2           0.00000    0.00000    0.00000    0.00000    0.00000    0.00000
       0.00000    0.00000    0.00000    0.00000    0.00000    0.00000    0.00000
       0.00000    1.00000    0.00000    0.00000    2.00000    0.00000    4.00000
       0.00000    0.00000
  2000.00000     -1891012.07      1129.23535     -203.019828     0.500683800E-01
 -.251349500E-04  1072519.84
 1 0.398094167E-08   4.00
  2000.00001     -1919656.31      1329.25389     -223.278448         0.000000000
     0.000000000     0.000000000
 1     0.000000000   0.00
 Rb_S1(s)
   4  2           0.00000    0.00000    0.00000    0.00000    0.00000    0.00000
       0.00000    0.00000    0.00000    0.00000    0.00000    0.00000    0.00000
       1.00000    0.00000    0.00000    0.00000    0.00000    0.00000    0.00000
       0.00000    0.00000
  350.000000     -5151.43370     -25.7542226     -3.50557781     -.461929079E-01
     0.000000000     0.000000000
 1     0.000000000   0.00
  351.000000     -9115.85025      130.465651     -31.0000000         0.000000000
     0.000000000     0.000000000
 1     0.000000000   0.00
 RbF_FM3M_No.225(s)
   4  2           0.00000    0.00000    0.00000    0.00000    0.00000    0.00000
       0.00000    0.00000    0.00000    0.00000    0.00000    0.00000    0.00000
       1.00000    0.00000    0.00000    0.00000    0.00000    0.00000    1.00000
       0.00000    0.00000
  1500.00000     -573638.550      213.919190     -42.3430000     -.130120000E-01
     0.000000000  23450.0000
 1     0.000000000   0.00
  1500.00001     -602853.017      499.214354     -81.3581556         0.000000000
     0.000000000     0.000000000
 1     0.000000000   0.00
 LiRbF2_S1(s)
   4  2           0.00000    0.00000    0.00000    0.00000    0.00000    0.00000
       0.00000    0.00000    0.00000    0.00000    0.00000    0.00000    0.00000
       1.00000    0.00000    0.00000    0.00000    0.00000    0.00000    2.00000
       0.00000    1.00000
  2000.00000     -1207200.40      477.999400     -85.6520000     -.211680000E-01
 -.841166670E-07  308010.000
 1     0.000000000   0.00
  2000.00001     -1293948.11      1136.53553     -172.188795         0.000000000
     0.000000000     0.000000000
 1     0.000000000   0.00
 Sr_S1(s)
   4  3           0.00000    0.00000    0.00000    0.00000    0.00000    0.00000
       0.00000    0.00000    0.00000    0.00000    0.00000    0.00000    1.00000
       0.00000    0.00000    0.00000    0.00000    0.00000    0.00000    0.00000
       0.00000    0.00000
  820.000000     -7532.36691      107.183879     -23.9050000     -.461225000E-02
 -.167477000E-06 -2055.00000
 1     0.000000000   0.00
  1050.00000     -7807.39377      123.087788     -26.5700000     -.194930000E-02
 -.178950000E-07  16495.0000
 1     0.000000000   0.00
  1700.00000     -19123.0901      221.503850     -39.4630000         0.000000000
     0.000000000     0.000000000
 1     0.000000000   0.00
 Sr_S2(s2)
   4  3           0.00000    0.00000    0.00000    0.00000    0.00000    0.00000
       0.00000    0.00000    0.00000    0.00000    0.00000    0.00000    1.00000
       0.00000    0.00000    0.00000    0.00000    0.00000    0.00000    0.00000
       0.00000    0.00000
  820.000000     -6695.56691      106.163392     -23.9050000     -.461225000E-02
 -.167477000E-06 -2055.00000
 1     0.000000000   0.00
  1050.00000     -6970.59377      122.067301     -26.5700000     -.194930000E-02
 -.178950000E-07  16495.0000
 1     0.000000000   0.00
  1700.00000     -18286.2901      220.483362     -39.4630000         0.000000000
     0.000000000     0.000000000
 1     0.000000000   0.00
 SrF2_FM3M_No.225(s)
   4  6           0.00000    0.00000    0.00000    0.00000    0.00000    0.00000
       0.00000    0.00000    0.00000    0.00000    0.00000    0.00000    1.00000
       0.00000    0.00000    0.00000    0.00000    0.00000    0.00000    2.00000
       0.00000    0.00000
  1000.00000     -1248485.00      547.342340     -94.3229000     0.192664650E-01
 -.515891500E-05  697049.500
 1     0.000000000   0.00
  1421.00000      333102296.      3943860.31     -435827.100      83.9112000
 -.544355330E-02 -.159842800E+11
 1 -42064520.0       0.50
  1484.00000     -1352881.47      1152.91794     -165.268000         0.000000000
     0.000000000     0.000000000
 1     0.000000000   0.00
  1750.00000      780377515.     -11489592.8      2122757.00      854.205500
 -.214779500E-01 -.971716500E+11
 1 -148350.800       1.50
  2500.00000     -252288172.      248066.240     -21335.4200         0.000000000
 0.263465170E-05 0.737235000E+10
 2  58474170.0      99.00 -8256356.00       0.50
  2501.00000     -757548.633      362.200550     -98.0000000         0.000000000
     0.000000000     0.000000000
 1     0.000000000   0.00
 Y_S1(s)
   4  4           0.00000    0.00000    0.00000    0.00000    0.00000    0.00000
       0.00000    0.00000    0.00000    0.00000    0.00000    1.00000    0.00000
       0.00000    0.00000    0.00000    0.00000    0.00000    0.00000    0.00000
       0.00000    0.00000
  1000.00000     -8011.08583      128.572399     -25.6657000     -.175716400E-02
 -.417561833E-06  26911.5100
 1     0.000000000   0.00
  1751.15000     -7179.70421      114.496589     -23.4941800     -.382118000E-02
 -.825345333E-07     0.000000000
 1     0.000000000   0.00
  1795.15000     -6183.95887      137.318161     -27.3038500     -.541757500E-03
 -.305012167E-06     0.000000000
 1     0.000000000   0.00
  3700.00000     -29256.9713      266.537795     -43.0952000         0.000000000
     0.000000000     0.000000000
 1     0.000000000   0.00
 Y_S2(s2)
   4  4           0.00000    0.00000    0.00000    0.00000    0.00000    0.00000
       0.00000    0.00000    0.00000    0.00000    0.00000    1.00000    0.00000
       0.00000    0.00000    0.00000    0.00000    0.00000    0.00000    0.00000
       0.00000    0.00000
  1000.00000     -3124.88583      125.782119     -25.6657000     -.175716400E-02
 -.417561833E-06  26911.5100
 1     0.000000000   0.00
  1751.15000     -2293.50421      111.706309     -23.4941800     -.382118000E-02
 -.825345333E-07     0.000000000
 1     0.000000000   0.00
  1795.15000     -1297.75887      134.527880     -27.3038500     -.541757500E-03
 -.305012167E-06     0.000000000
 1     0.000000000   0.00
  3700.00000     -24370.7713      263.747515     -43.0952000         0.000000000
     0.000000000     0.000000000
 1     0.000000000   0.00
 YF3_D011_prototype_Fe3C_(s)
   4  2           0.00000    0.00000    0.00000    0.00000    0.00000    0.00000
       0.00000    0.00000    0.00000    0.00000    0.00000    1.00000    0.00000
       0.00000    0.00000    0.00000    0.00000    0.00000    0.00000    3.00000
       0.00000    0.00000
  2000.00000     -1755149.87      620.773544     -104.382700     -.194500000E-02
     0.000000000  817865.000
 1     0.000000000   0.00
  2000.00001     -1761294.14      676.186911     -111.753767         0.000000000
     0.000000000     0.000000000
 1     0.000000000   0.00
 YF3_prototype_HoH3_hP24(s2)
   4  1           0.00000    0.00000    0.00000    0.00000    0.00000    0.00000
       0.00000    0.00000    0.00000    0.00000    0.00000    1.00000    0.00000
       0.00000    0.00000    0.00000    0.00000    0.00000    0.00000    3.00000
       0.00000    0.00000
  2000.00000     -1742266.51      738.789757     -122.382000         0.000000000
     0.000000000     0.000000000
 1     0.000000000   0.00
 LiYF4_S1(s)
   4  4           0.00000    0.00000    0.00000    0.00000    0.00000    0.00000
       0.00000    0.00000    0.00000    0.00000    0.00000    1.00000    0.00000
       0.00000    0.00000    0.00000    0.00000    0.00000    0.00000    4.00000
       0.00000    1.00000
  625.000000     -2420394.46      888.536826     -145.599900     -.154900000E-01
     0.000000000  1238350.00
 1     0.000000000   0.00
  695.000000     -2417184.26      951.891391     -157.120100     -.555000000E-03
     0.000000000 -191756.000
 1     0.000000000   0.00
  1100.00000     -2417816.77      903.223470     -148.931200     -.876500000E-02
     0.000000000  627705.000
 1     0.000000000   0.00
  1100.00001     -2426139.86      1029.44141     -167.176671         0.000000000
     0.000000000     0.000000000
 1     0.000000000   0.00
 Zr_S1(s)
   4  2           0.00000    0.00000    0.00000    0.00000    0.00000    0.00000
       0.00000    0.00000    0.00000    0.00000    1.00000    0.00000    0.00000
       0.00000    0.00000    0.00000    0.00000    0.00000    0.00000    0.00000
       0.00000    0.00000
  1135.00000     -7784.88494      131.053066     -25.2756747     -.114594625E-03
 -.939676668E-06  28167.1612
 1     0.000000000   0.00
  1135.00001     -13328.9791      187.232646     -32.7551642         0.000000000
     0.000000000     0.000000000
 1     0.000000000   0.00
 Zr_S2(s2)
   4  4           0.00000    0.00000    0.00000    0.00000    0.00000    0.00000
       0.00000    0.00000    0.00000    0.00000    1.00000    0.00000    0.00000
       0.00000    0.00000    0.00000    0.00000    0.00000    0.00000    0.00000
       0.00000    0.00000
  800.000000     -3114.86609      129.547678     -25.7310657     0.474738260E-03
 -.106914772E-05  36284.5464
 1     0.000000000   0.00
  2125.00000      975334.749     -2915.94583      269.293292     -.194771669E-01
     0.000000000 -17533995.2
 2 -284930.532      99.00  64314.2329       0.50
  2600.00000      83451.4512     -272.656469      25.1624654     -.117173722E-01
     0.000000000 -25563328.3
 1     0.000000000   0.00
  2600.00001     -35086.1820      277.270471     -43.3309847         0.000000000
     0.000000000     0.000000000
 1     0.000000000   0.00
 ZrF2_S1(s)
   4  3           0.00000    0.00000    0.00000    0.00000    0.00000    0.00000
       0.00000    0.00000    0.00000    0.00000    1.00000    0.00000    0.00000
       0.00000    0.00000    0.00000    0.00000    0.00000    0.00000    2.00000
       0.00000    0.00000
  1175.00000     -946194.625      466.455910     -76.8386951     -.101268100E-01
 0.102387686E-05 -443082.730
 1 -7856.90106      99.00
  2000.00000      118362.041     -623.539123      9.45351988         0.000000000
     0.000000000 -24583635.7
 2 -270331.037      99.00  39765.6009       0.50
  2000.00001     -1000310.07      547.159713     -89.9692461         0.000000000
     0.000000000     0.000000000
 1     0.000000000   0.00
 ZrF3_S1(s)
   4  3           0.00000    0.00000    0.00000    0.00000    0.00000    0.00000
       0.00000    0.00000    0.00000    0.00000    1.00000    0.00000    0.00000
       0.00000    0.00000    0.00000    0.00000    0.00000    0.00000    3.00000
       0.00000    0.00000
  600.000000     -1430452.21      465.258364     -79.6024061     -.274087873E-01
 0.448541424E-05  429342.909
 1     0.000000000   0.00
  1500.00000      27976.0438     -3579.89555      294.427005     -.203556671E-01
     0.000000000 -21882151.3
 2 -429110.985      99.00  94455.9388       0.50
  1500.00001     -1441572.15      661.933355     -109.727272         0.000000000
     0.000000000     0.000000000
 1     0.000000000   0.00
 ZrF4_C2/c_No.15(s)
   4  2           0.00000    0.00000    0.00000    0.00000    0.00000    0.00000
       0.00000    0.00000    0.00000    0.00000    1.00000    0.00000    0.00000
       0.00000    0.00000    0.00000    0.00000    0.00000    0.00000    4.00000
       0.00000    0.00000
  2500.00000     -1888169.33      905.072646     -144.100000     -.158050000E-02
     0.000000000 -186050.000
 1 -13834.0000      99.00
  2500.00001     -1978914.99      913.094945     -146.528436         0.000000000
     0.000000000     0.000000000
 1     0.000000000   0.00
 Li2ZrF6_S1(s)
   4  2           0.00000    0.00000    0.00000    0.00000    0.00000    0.00000
       0.00000    0.00000    0.00000    0.00000    1.00000    0.00000    0.00000
       0.00000    0.00000    0.00000    0.00000    0.00000    0.00000    6.00000
       0.00000    2.00000
  2500.00000     -3260612.83      1210.44351     -202.230000     -.265620000E-01
 -.168230000E-06  1369380.00
 1     0.000000000   0.00
  2500.00001     -3434948.69      2297.98253     -340.910423         0.000000000
     0.000000000     0.000000000
 1     0.000000000   0.00
 Li3ZrF7_S1(s)
   4  2           0.00000    0.00000    0.00000    0.00000    0.00000    0.00000
       0.00000    0.00000    0.00000    0.00000    1.00000    0.00000    0.00000
       0.00000    0.00000    0.00000    0.00000    0.00000    0.00000    7.00000
       0.00000    3.00000
  2500.00000     -3820152.01      1376.80341     -245.540000     -.347180000E-01
 -.252350000E-06  1653940.00
 1     0.000000000   0.00
  2500.00001     -4050265.08      2808.81620     -428.063864         0.000000000
     0.000000000     0.000000000
 1     0.000000000   0.00
 Li3ZrF7_S2(s2)
   4  2           0.00000    0.00000    0.00000    0.00000    0.00000    0.00000
       0.00000    0.00000    0.00000    0.00000    1.00000    0.00000    0.00000
       0.00000    0.00000    0.00000    0.00000    0.00000    0.00000    7.00000
       0.00000    3.00000
  2500.00000     -3819152.01      1375.64868     -245.540000     -.347180000E-01
 -.252350000E-06  1653940.00
 1     0.000000000   0.00
  2500.00001     -4049265.08      2807.66146     -428.063864         0.000000000
     0.000000000     0.000000000
 1     0.000000000   0.00
 Li4ZrF8_S1(s)
   4  2           0.00000    0.00000    0.00000    0.00000    0.00000    0.00000
       0.00000    0.00000    0.00000    0.00000    1.00000    0.00000    0.00000
       0.00000    0.00000    0.00000    0.00000    0.00000    0.00000    8.00000
       0.00000    4.00000
  2500.00000     -4533333.29      1745.86392     -288.850000     -.428750000E-01
 -.336470000E-06  1938500.00
 1     0.000000000   0.00
  2500.00001     -4819229.82      3522.38958     -515.222305         0.000000000
     0.000000000     0.000000000
 1     0.000000000   0.00
 Li3Zr4F19_S1(s)
   4  2           0.00000    0.00000    0.00000    0.00000    0.00000    0.00000
       0.00000    0.00000    0.00000    0.00000    4.00000    0.00000    0.00000
       0.00000    0.00000    0.00000    0.00000    0.00000    0.00000   19.00000
       0.00000    3.00000
  2500.00000     -9705650.39      3438.34245     -592.380000     -.654700000E-01
 -.252350000E-06  4054700.00
 1     0.000000000   0.00
  2500.00001     -10124122.2      6066.21741     -927.895621         0.000000000
     0.000000000     0.000000000
 1     0.000000000   0.00
 I2_S1(s)
   4  3           0.00000    0.00000    0.00000    0.00000    0.00000    0.00000
       0.00000    0.00000    0.00000    2.00000    0.00000    0.00000    0.00000
       0.00000    0.00000    0.00000    0.00000    0.00000    0.00000    0.00000
       0.00000    0.00000
  700.000000      1528805.23     -10284.6731      1043.23080     -.185911660
     0.000000000 -16125320.8
 2 -555394.032      99.00  171760.271       0.50
  1000.00000     -23762.3361      427.161115     -80.6690000         0.000000000
     0.000000000     0.000000000
 1     0.000000000   0.00
  1001.00000      16906.6639      105.560616     -40.0000000         0.000000000
     0.000000000     0.000000000
 1     0.000000000   0.00
 LiI_FM3M_No.225(s)
   4  2           0.00000    0.00000    0.00000    0.00000    0.00000    0.00000
       0.00000    0.00000    0.00000    1.00000    0.00000    0.00000    0.00000
       0.00000    0.00000    0.00000    0.00000    0.00000    0.00000    0.00000
       0.00000    1.00000
  742.000000     -285139.373      222.963064     -45.1788320     -.112716960E-01
     0.000000000  38074.4000
 1     0.000000000   0.00
  742.000001     -291139.910      332.397342     -61.7677183         0.000000000
     0.000000000     0.000000000
 1     0.000000000   0.00
 BeI2_S1(s)
   4  2           0.00000    0.00000    0.00000    0.00000    0.00000    0.00000
       0.00000    0.00000    0.00000    2.00000    0.00000    0.00000    0.00000
       0.00000    0.00000    0.00000    0.00000    0.00000    0.00000    0.00000
       1.00000    0.00000
  1500.00000      689686.100     -6602.55618      651.535135     -.111303395
 0.695499876E-05 -8218489.00
 2 -341243.031      99.00  111715.355       0.50
  1501.00000     -176072.115      244.024596     -60.0000000         0.000000000
     0.000000000     0.000000000
 1     0.000000000   0.00
 NaI_FM3M_No.225(s)
   4  2           0.00000    0.00000    0.00000    0.00000    0.00000    0.00000
       0.00000    0.00000    0.00000    1.00000    0.00000    0.00000    0.00000
       0.00000    0.00000    0.00000    0.00000    0.00000    1.00000    0.00000
       0.00000    0.00000
  934.000000     -302190.428      207.884578     -44.7646160     -.110666800E-01
     0.000000000  15.2751564
 1     0.000000000   0.00
  2000.00000     -313406.899      362.388114     -67.1100000         0.000000000
     0.000000000     0.000000000
 1     0.000000000   0.00
 KI_FM3M_No.225(s)
   4  2           0.00000    0.00000    0.00000    0.00000    0.00000    0.00000
       0.00000    0.00000    0.00000    1.00000    0.00000    0.00000    0.00000
       0.00000    0.00000    0.00000    0.00000    1.00000    0.00000    0.00000
       0.00000    0.00000
  953.700000     -342505.530      190.934774     -43.5380000     -.111980000E-01
     0.000000000 -114900.000
 1     0.000000000   0.00
  3300.00000     -357424.375      374.621339     -69.6080000         0.000000000
     0.000000000     0.000000000
 1     0.000000000   0.00
 CrI2_C2/m_No.12(s)
   4  2           0.00000    0.00000    0.00000    0.00000    0.00000    0.00000
       0.00000    0.00000    0.00000    2.00000    0.00000    0.00000    0.00000
       0.00000    0.00000    0.00000    1.00000    0.00000    0.00000    0.00000
       0.00000    0.00000
  1140.00000     -182831.530      394.493635     -82.5781200     -.238198300E-02
 0.119933750E-08 -121.527400
 1     0.000000000   0.00
  4000.00000     -199600.615      529.118205     -100.000000         0.000000000
     0.000000000     0.000000000
 1     0.000000000   0.00
 CrI3_P3112_No.151(s)
   4  2           0.00000    0.00000    0.00000    0.00000    0.00000    0.00000
       0.00000    0.00000    0.00000    3.00000    0.00000    0.00000    0.00000
       0.00000    0.00000    0.00000    1.00000    0.00000    0.00000    0.00000
       0.00000    0.00000
  1130.00000     -228746.124      428.913111     -92.8309800     -.120222800E-01
 0.894192833E-10 -19.3554650
 1     0.000000000   0.00
  2500.00000     -255396.159      700.209339     -130.000000         0.000000000
     0.000000000     0.000000000
 1     0.000000000   0.00
 FeI2_P3M1_No.156(s)
   4  3           0.00000    0.00000    0.00000    0.00000    0.00000    0.00000
       0.00000    0.00000    0.00000    2.00000    0.00000    0.00000    0.00000
       0.00000    0.00000    1.00000    0.00000    0.00000    0.00000    0.00000
       0.00000    0.00000
  650.000000     -139847.256      399.505972     -82.9840000     -.119830000E-02
 0.200333333E-08 -125.000000
 1     0.000000000   0.00
  867.000000     -148452.866      502.748336     -97.0000100         0.000000000
     0.000000000     0.000000000
 1     0.000000000   0.00
  2000.00000     -155388.857      564.868570     -105.000000         0.000000000
     0.000000000     0.000000000
 1     0.000000000   0.00
 FeI2_S2(s2)
   4  3           0.00000    0.00000    0.00000    0.00000    0.00000    0.00000
       0.00000    0.00000    0.00000    2.00000    0.00000    0.00000    0.00000
       0.00000    0.00000    1.00000    0.00000    0.00000    0.00000    0.00000
       0.00000    0.00000
  650.000000     -139247.256      398.582895     -82.9840000     -.119830000E-02
 0.200333333E-08 -125.000000
 1     0.000000000   0.00
  867.000000     -147852.866      501.825259     -97.0000100         0.000000000
     0.000000000     0.000000000
 1     0.000000000   0.00
  2000.00000     -154788.857      563.945493     -105.000000         0.000000000
     0.000000000     0.000000000
 1     0.000000000   0.00
 NiI2_R3M_No.166(s)
   4  2           0.00000    0.00000    0.00000    0.00000    0.00000    0.00000
       0.00000    0.00000    0.00000    2.00000    0.00000    0.00000    0.00000
       0.00000    1.00000    0.00000    0.00000    0.00000    0.00000    0.00000
       0.00000    0.00000
  1073.00000     -120851.157      385.348450     -77.6010100     -.470420000E-02
 -.323333333E-09  133605.000
 1     0.000000000   0.00
  2000.00000     -144584.362      593.731074     -105.000000         0.000000000
     0.000000000     0.000000000
 1     0.000000000   0.00
 RbI_FM3M_No.225(s)
   4  3           0.00000    0.00000    0.00000    0.00000    0.00000    0.00000
       0.00000    0.00000    0.00000    1.00000    0.00000    0.00000    0.00000
       1.00000    0.00000    0.00000    0.00000    0.00000    0.00000    0.00000
       0.00000    0.00000
  929.000000     -345996.807      164.893859     -41.5229500     -.124368100E-01
 0.134506400E-08 -162303.850
 1     0.000000000   0.00
  3400.00000     -364020.983      381.521744     -72.1000000     0.108637750E-16
 -.467984000E-21 0.742255000E-08
 1     0.000000000   0.00
  3400.00001     -364020.983      381.521744     -72.1000000         0.000000000
     0.000000000     0.000000000
 1     0.000000000   0.00
 SrI2_PBCA_No.61(s)
   4  2           0.00000    0.00000    0.00000    0.00000    0.00000    0.00000
       0.00000    0.00000    0.00000    2.00000    0.00000    0.00000    1.00000
       0.00000    0.00000    0.00000    0.00000    0.00000    0.00000    0.00000
       0.00000    0.00000
  1500.00000     -583517.766      316.409804     -69.7775839     -.137308190E-01
     0.000000000     0.000000000
 1     0.000000000   0.00
  1500.00001     -614412.109      617.659321     -110.970041         0.000000000
     0.000000000     0.000000000
 1     0.000000000   0.00
 YI3_R3_nO.148(s)
   4  2           0.00000    0.00000    0.00000    0.00000    0.00000    0.00000
       0.00000    0.00000    0.00000    3.00000    0.00000    1.00000    0.00000
       0.00000    0.00000    0.00000    0.00000    0.00000    0.00000    0.00000
       0.00000    0.00000
  1273.00000     -649805.613      476.396732     -100.918100     -.575300000E-02
     0.000000000  370284.000
 1     0.000000000   0.00
  1273.00001     -657965.016      577.158469     -115.108246         0.000000000
     0.000000000     0.000000000
 1     0.000000000   0.00
 ZrI2_S1(s)
   4  2           0.00000    0.00000    0.00000    0.00000    0.00000    0.00000
       0.00000    0.00000    0.00000    2.00000    1.00000    0.00000    0.00000
       0.00000    0.00000    0.00000    0.00000    0.00000    0.00000    0.00000
       0.00000    0.00000
  1100.00000     -300887.968      353.704344     -74.5416900     -.747261500E-02
 0.134676850E-08 -123.989800
 1     0.000000000   0.00
  2000.00000     -330854.055      621.044759     -110.000000         0.000000000
     0.000000000     0.000000000
 1     0.000000000   0.00
 ZrI3_S1(s)
   4  2           0.00000    0.00000    0.00000    0.00000    0.00000    0.00000
       0.00000    0.00000    0.00000    3.00000    1.00000    0.00000    0.00000
       0.00000    0.00000    0.00000    0.00000    0.00000    0.00000    0.00000
       0.00000    0.00000
  1000.00000     -423054.283      461.784683     -96.8001300     -.106842300E-01
 0.157944233E-09  185385.950
 1     0.000000000   0.00
  2000.00000     -445199.467      702.767758     -130.000000         0.000000000
     0.000000000     0.000000000
 1     0.000000000   0.00
 ZrI4_S1(s)
   4  2           0.00000    0.00000    0.00000    0.00000    0.00000    0.00000
       0.00000    0.00000    0.00000    4.00000    1.00000    0.00000    0.00000
       0.00000    0.00000    0.00000    0.00000    0.00000    0.00000    0.00000
       0.00000    0.00000
  773.000000     -525536.521      581.907373     -123.273500     -.808825500E-02
 -.218008833E-10  128731.150
 1     0.000000000   0.00
  1000.00000     -544895.049      811.904030     -155.000000         0.000000000
     0.000000000     0.000000000
 1     0.000000000   0.00
 Cs_S1(s)
   4  2           0.00000    0.00000    0.00000    0.00000    0.00000    0.00000
       0.00000    0.00000    1.00000    0.00000    0.00000    0.00000    0.00000
       0.00000    0.00000    0.00000    0.00000    0.00000    0.00000    0.00000
       0.00000    0.00000
  500.000000     -48805.9301      94.5195340     -28.6363950     -.189248310E-02
     0.000000000  958526.280
 1  7167.48070      99.00
  501.000050     -8304.90376      120.180391     -31.0000000         0.000000000
     0.000000000     0.000000000
 1     0.000000000   0.00
 CsF_FM3M_No.225(s)
   4  2           0.00000    0.00000    0.00000    0.00000    0.00000    0.00000
       0.00000    0.00000    1.00000    0.00000    0.00000    0.00000    0.00000
       0.00000    0.00000    0.00000    0.00000    0.00000    0.00000    1.00000
       0.00000    0.00000
  973.000000     -563135.124      85.0354250     -24.2910000     -.323035000E-01
     0.000000000 -294990.500
 1     0.000000000   0.00
  973.000001     -594930.490      522.776807     -87.7767893         0.000000000
     0.000000000     0.000000000
 1     0.000000000   0.00
 LiCsF2_S1(s)
   4  2           0.00000    0.00000    0.00000    0.00000    0.00000    0.00000
       0.00000    0.00000    1.00000    0.00000    0.00000    0.00000    0.00000
       0.00000    0.00000    0.00000    0.00000    0.00000    0.00000    2.00000
       0.00000    1.00000
  752.000000     -1198736.07      345.288948     -67.6000000     -.404600000E-01
 -.841166670E-07 -10429.0000
 1     0.000000000   0.00
  2000.00000     -1221811.81      750.595626     -128.770000         0.000000000
     0.000000000     0.000000000
 1     0.000000000   0.00
 LiCsF2_S2(s2)
   4  3           0.00000    0.00000    0.00000    0.00000    0.00000    0.00000
       0.00000    0.00000    1.00000    0.00000    0.00000    0.00000    0.00000
       0.00000    0.00000    0.00000    0.00000    0.00000    0.00000    2.00000
       0.00000    1.00000
  752.000000     -1197736.07      343.959161     -67.6000000     -.404600000E-01
 -.841166670E-07 -10429.0000
 1     0.000000000   0.00
  770.000000     -1202171.41      480.786936     -90.1190000     -.169510000E-01
 -.841166670E-07  288672.765
 1     0.000000000   0.00
  2000.00000     -1222187.73      760.826729     -130.240000         0.000000000
     0.000000000     0.000000000
 1     0.000000000   0.00
 CsBeF3_S1(s)
   4  5           0.00000    0.00000    0.00000    0.00000    0.00000    0.00000
       0.00000    0.00000    1.00000    0.00000    0.00000    0.00000    0.00000
       0.00000    0.00000    0.00000    0.00000    0.00000    0.00000    3.00000
       1.00000    0.00000
  483.000000     -1663427.35      37.0216651     -19.6810000     -.110214000
     0.000000000 -739090.500
 1     0.000000000   0.00
  485.500000     -114886276.      4008041.37     -706164.291      1467.91770
 -.508650000     -294990.500
 1     0.000000000   0.00
  823.000000     -1678169.18      399.225497     -78.8910000     -.432715000E-01
     0.000000000 -294990.500
 1     0.000000000   0.00
  973.000000     -1685598.12      520.416698     -96.9443280     -.323035000E-01
     0.000000000 -294990.500
 1     0.000000000   0.00
  973.000001     -1717393.49      958.158079     -160.430117         0.000000000
     0.000000000     0.000000000
 1     0.000000000   0.00
 CsBeF3_S2(s2)
   4  5           0.00000    0.00000    0.00000    0.00000    0.00000    0.00000
       0.00000    0.00000    1.00000    0.00000    0.00000    0.00000    0.00000
       0.00000    0.00000    0.00000    0.00000    0.00000    0.00000    3.00000
       1.00000    0.00000
  483.000000     -1662427.35      35.4902715     -19.6810000     -.110214000
     0.000000000 -739090.500
 1     0.000000000   0.00
  485.500000     -114885276.      4008039.84     -706164.291      1467.91770
 -.508650000     -294990.500
 1     0.000000000   0.00
  823.000000     -1677169.18      397.694104     -78.8910000     -.432715000E-01
     0.000000000 -294990.500
 1     0.000000000   0.00
  973.000000     -1684598.12      518.885304     -96.9443280     -.323035000E-01
     0.000000000 -294990.500
 1     0.000000000   0.00
  973.000001     -1716393.49      956.626686     -160.430117         0.000000000
     0.000000000     0.000000000
 1     0.000000000   0.00
 CsBe2F5_S1(s)
   4  5           0.00000    0.00000    0.00000    0.00000    0.00000    0.00000
       0.00000    0.00000    1.00000    0.00000    0.00000    0.00000    0.00000
       0.00000    0.00000    0.00000    0.00000    0.00000    0.00000    5.00000
       2.00000    0.00000
  483.000000     -2704079.57     -6.89209481     -15.0710000     -.188124500
     0.000000000 -1183190.50
 1     0.000000000   0.00
  485.500000     -229149777.      8016001.81     -1412304.29      2935.86770
 -1.01730000     -294990.500
 1     0.000000000   0.00
  823.000000     -2733563.23      717.515570     -133.491000     -.542395000E-01
     0.000000000 -294990.500
 1     0.000000000   0.00
  973.000000     -2748421.12      959.897970     -169.597656     -.323035000E-01
     0.000000000 -294990.500
 1     0.000000000   0.00
  973.000001     -2780216.49      1397.63935     -233.083445         0.000000000
     0.000000000     0.000000000
 1     0.000000000   0.00
 CsBe2F5_S2(s2)
   4  5           0.00000    0.00000    0.00000    0.00000    0.00000    0.00000
       0.00000    0.00000    1.00000    0.00000    0.00000    0.00000    0.00000
       0.00000    0.00000    0.00000    0.00000    0.00000    0.00000    5.00000
       2.00000    0.00000
  483.000000     -2703079.57     -8.27522068     -15.0710000     -.188124500
     0.000000000 -1183190.50
 1     0.000000000   0.00
  485.500000     -229148777.      8016000.43     -1412304.29      2935.86770
 -1.01730000     -294990.500
 1     0.000000000   0.00
  823.000000     -2732563.23      716.132444     -133.491000     -.542395000E-01
     0.000000000 -294990.500
 1     0.000000000   0.00
  973.000000     -2747421.12      958.514844     -169.597656     -.323035000E-01
     0.000000000 -294990.500
 1     0.000000000   0.00
  973.000001     -2779216.49      1396.25623     -233.083445         0.000000000
     0.000000000     0.000000000
 1     0.000000000   0.00
 Cs2BeF4_S1(s)
   4  5           0.00000    0.00000    0.00000    0.00000    0.00000    0.00000
       0.00000    0.00000    2.00000    0.00000    0.00000    0.00000    0.00000
       0.00000    0.00000    0.00000    0.00000    0.00000    0.00000    4.00000
       1.00000    0.00000
  483.000000     -2269497.47      124.357090     -43.9720000     -.142517500
     0.000000000 -1034081.00
 1     0.000000000   0.00
  485.500000     -115492346.      4008128.71     -706188.582      1467.88539
 -.508650000     -589981.000
 1     0.000000000   0.00
  823.000000     -2284239.30      486.560922     -103.182000     -.755750000E-01
     0.000000000 -589981.000
 1     0.000000000   0.00
  973.000000     -2291668.25      607.752123     -121.235328     -.646070000E-01
     0.000000000 -589981.000
 1     0.000000000   0.00
  973.000001     -2355258.98      1483.23489     -248.206907         0.000000000
     0.000000000     0.000000000
 1     0.000000000   0.00
 Cs2BeF4_S2(s2)
   4  5           0.00000    0.00000    0.00000    0.00000    0.00000    0.00000
       0.00000    0.00000    2.00000    0.00000    0.00000    0.00000    0.00000
       0.00000    0.00000    0.00000    0.00000    0.00000    0.00000    4.00000
       1.00000    0.00000
  483.000000     -2268497.47      122.884336     -43.9720000     -.142517500
     0.000000000 -1034081.00
 1     0.000000000   0.00
  485.500000     -115491346.      4008127.24     -706188.582      1467.88539
 -.508650000     -589981.000
 1     0.000000000   0.00
  823.000000     -2283239.30      485.088168     -103.182000     -.755750000E-01
     0.000000000 -589981.000
 1     0.000000000   0.00
  973.000000     -2290668.25      606.279369     -121.235328     -.646070000E-01
     0.000000000 -589981.000
 1     0.000000000   0.00
  973.000001     -2354258.98      1481.76213     -248.206907         0.000000000
     0.000000000     0.000000000
 1     0.000000000   0.00
 Cs3BeF5_S1(s)
   4  5           0.00000    0.00000    0.00000    0.00000    0.00000    0.00000
       0.00000    0.00000    3.00000    0.00000    0.00000    0.00000    0.00000
       0.00000    0.00000    0.00000    0.00000    0.00000    0.00000    5.00000
       1.00000    0.00000
  483.000000     -2843177.60      213.892515     -68.2630000     -.174821000
     0.000000000 -1329071.50
 1     0.000000000   0.00
  485.500000     -116066026.      4008218.24     -706212.873      1467.85309
 -.508650000     -884971.500
 1     0.000000000   0.00
  823.000000     -2857919.43      576.096347     -127.473000     -.107878500
     0.000000000 -884971.500
 1     0.000000000   0.00
  973.000000     -2865348.37      697.287548     -145.526328     -.969105000E-01
     0.000000000 -884971.500
 1     0.000000000   0.00
  973.000001     -2960734.47      2010.51169     -335.983696         0.000000000
     0.000000000     0.000000000
 1     0.000000000   0.00
 Cs3BeF5_S2(s2)
   4  5           0.00000    0.00000    0.00000    0.00000    0.00000    0.00000
       0.00000    0.00000    3.00000    0.00000    0.00000    0.00000    0.00000
       0.00000    0.00000    0.00000    0.00000    0.00000    0.00000    5.00000
       1.00000    0.00000
  483.000000     -2842177.60      212.771439     -68.2630000     -.174821000
     0.000000000 -1329071.50
 1     0.000000000   0.00
  485.500000     -116065026.      4008217.12     -706212.873      1467.85309
 -.508650000     -884971.500
 1     0.000000000   0.00
  823.000000     -2856919.43      574.975271     -127.473000     -.107878500
     0.000000000 -884971.500
 1     0.000000000   0.00
  973.000000     -2864348.37      696.166471     -145.526328     -.969105000E-01
     0.000000000 -884971.500
 1     0.000000000   0.00
  973.000001     -2959734.47      2009.39062     -335.983696         0.000000000
     0.000000000     0.000000000
 1     0.000000000   0.00
 CsZrF5_S1(s)
   4  2           0.00000    0.00000    0.00000    0.00000    0.00000    0.00000
       0.00000    0.00000    1.00000    0.00000    1.00000    0.00000    0.00000
       0.00000    0.00000    0.00000    0.00000    0.00000    0.00000    5.00000
       0.00000    0.00000
  1100.00000     -2536004.45      977.508071     -168.391000     -.338840000E-01
     0.000000000 -481040.500
 1 -13834.0000      99.00
  1100.00001     -2647965.74      1393.08522     -231.154545         0.000000000
     0.000000000     0.000000000
 1     0.000000000   0.00
 CsZrF5_S2(s2)
   4  2           0.00000    0.00000    0.00000    0.00000    0.00000    0.00000
       0.00000    0.00000    1.00000    0.00000    1.00000    0.00000    0.00000
       0.00000    0.00000    0.00000    0.00000    0.00000    0.00000    5.00000
       0.00000    0.00000
  1100.00000     -2535004.45      975.849697     -168.391000     -.338840000E-01
     0.000000000 -481040.500
 1 -13834.0000      99.00
  1100.00001     -2646965.74      1391.42684     -231.154545         0.000000000
     0.000000000     0.000000000
 1     0.000000000   0.00
 Cs2ZrF6_S1(s)
   4  2           0.00000    0.00000    0.00000    0.00000    0.00000    0.00000
       0.00000    0.00000    2.00000    0.00000    1.00000    0.00000    0.00000
       0.00000    0.00000    0.00000    0.00000    0.00000    0.00000    6.00000
       0.00000    0.00000
  1100.00000     -3165825.38      1075.64350     -192.682000     -.661875000E-01
     0.000000000 -776031.000
 1 -13834.0000      99.00
  1100.00001     -3317946.59      1993.05839     -327.000832         0.000000000
     0.000000000     0.000000000
 1     0.000000000   0.00
 Cs2ZrF6_S2(s2)
   4  2           0.00000    0.00000    0.00000    0.00000    0.00000    0.00000
       0.00000    0.00000    2.00000    0.00000    1.00000    0.00000    0.00000
       0.00000    0.00000    0.00000    0.00000    0.00000    0.00000    6.00000
       0.00000    0.00000
  1100.00000     -3164825.38      1074.28848     -192.682000     -.661875000E-01
     0.000000000 -776031.000
 1 -13834.0000      99.00
  1100.00001     -3316946.59      1991.70337     -327.000832         0.000000000
     0.000000000     0.000000000
 1     0.000000000   0.00
 Cs3ZrF7_S1(s)
   4  2           0.00000    0.00000    0.00000    0.00000    0.00000    0.00000
       0.00000    0.00000    3.00000    0.00000    1.00000    0.00000    0.00000
       0.00000    0.00000    0.00000    0.00000    0.00000    0.00000    7.00000
       0.00000    0.00000
  1100.00000     -3757574.70      1145.27892     -216.973000     -.984910000E-01
     0.000000000 -1071021.50
 1 -13834.0000      99.00
  1100.00001     -3949855.84      2564.53156     -422.847120         0.000000000
     0.000000000     0.000000000
 1     0.000000000   0.00
 CsI_PM3M_No.221(s)
   4  2           0.00000    0.00000    0.00000    0.00000    0.00000    0.00000
       0.00000    0.00000    1.00000    1.00000    0.00000    0.00000    0.00000
       0.00000    0.00000    0.00000    0.00000    0.00000    0.00000    0.00000
       0.00000    0.00000
  2000.00000     -361484.734      176.753451     -43.8152100     -.109211000E-01
 -.415961000E-06 -100123.850
 1     0.000000000   0.00
  2000.00001     -418680.133      590.121751     -97.5327359         0.000000000
     0.000000000     0.000000000
 1     0.000000000   0.00
 Li3Cs2I5_S1(s)
   4  3           0.00000    0.00000    0.00000    0.00000    0.00000    0.00000
       0.00000    0.00000    2.00000    5.00000    0.00000    0.00000    0.00000
       0.00000    0.00000    0.00000    0.00000    0.00000    0.00000    0.00000
       0.00000    3.00000
  773.000000     -1578649.11      1017.57389     -223.160000     -.556500000E-01
 -.831833333E-06 -86024.5000
 1     0.000000000   0.00
  2000.00000     -1596624.65      1345.87026     -272.930000     -.218422000E-01
 -.831833333E-06 -200247.700
 1     0.000000000   0.00
  2000.00001     -1711012.61      2172.58962     -380.362924         0.000000000
     0.000000000     0.000000000
 1     0.000000000   0.00
 Ba_S1(s)
   4  5           0.00000    0.00000    0.00000    0.00000    0.00000    0.00000
       0.00000    1.00000    0.00000    0.00000    0.00000    0.00000    0.00000
       0.00000    0.00000    0.00000    0.00000    0.00000    0.00000    0.00000
       0.00000    0.00000
  1000.00000     -17685.2258      233.786058     -42.8890000     -.183140000E-02
 -.900000000E-10  705880.000
 1     0.000000000   0.00
  2900.00000     -14531.2024      242.830803     -45.1320000     0.216535000E-02
 -.733333333E-09  5100.00000
 1     0.000000000   0.00
  3200.00000      2713437.65     -10208.0475      1251.56300     -.270242800
 0.106597883E-04 -.107083000E+10
 1     0.000000000   0.00
  4500.00000      4813.66559      139.334140     -32.2000000         0.000000000
     0.000000000  25.0000000
 1     0.000000000   0.00
  4500.00001      4813.68781      139.334115     -32.1999975         0.000000000
     0.000000000     0.000000000
 1     0.000000000   0.00
 BaF2_FM3M_No.225(s)
   4  5           0.00000    0.00000    0.00000    0.00000    0.00000    0.00000
       0.00000    1.00000    0.00000    0.00000    0.00000    0.00000    0.00000
       0.00000    0.00000    0.00000    0.00000    0.00000    0.00000    2.00000
       0.00000    0.00000
  1000.00000     -1240817.20      567.366680     -100.409000     0.313155500E-01
 -.962206670E-05  655335.000
 1     0.000000000   0.00
  1200.00000     -595769.613     -3019.75912      345.450000     0.627090000E-01
 -.522733330E-04 -125893500.
 1     0.000000000   0.00
  1240.00000     -1960961.94      313.467088      14.3285000     -.842960000E-01
 -.476030000E-04  337486500.
 1     0.000000000   0.00
  1480.00000      46956937.1     -370478.966      51059.5000     -24.1520500
 0.213858330E-02 -.852355000E+10
 1     0.000000000   0.00
  1480.00001     -1250965.95      647.702188     -107.093278         0.000000000
     0.000000000     0.000000000
 1     0.000000000   0.00
 BaF2_beta(s2)
   4  1           0.00000    0.00000    0.00000    0.00000    0.00000    0.00000
       0.00000    1.00000    0.00000    0.00000    0.00000    0.00000    0.00000
       0.00000    0.00000    0.00000    0.00000    0.00000    0.00000    2.00000
       0.00000    0.00000
  6000.00000     -1249123.00      650.550060     -107.654000         0.000000000
     0.000000000     0.000000000
 1     0.000000000   0.00
 LiBaF3_S1(s)
   4  3           0.00000    0.00000    0.00000    0.00000    0.00000    0.00000
       0.00000    1.00000    0.00000    0.00000    0.00000    0.00000    0.00000
       0.00000    0.00000    0.00000    0.00000    0.00000    0.00000    3.00000
       0.00000    1.00000
  1000.00000     -1891499.15      839.616915     -143.718000     0.231595500E-01
 -.970618333E-05  939897.000
 1     0.000000000   0.00
  1200.00000     -1246451.56     -2747.50888      302.141000     0.545530000E-01
 -.523574500E-04 -125608938.
 1     0.000000000   0.00
  1200.00001     -1948486.39      1256.31570     -193.757026         0.000000000
     0.000000000     0.000000000
 1     0.000000000   0.00
 BaI2_PNMA_No.62(s)
   4  3           0.00000    0.00000    0.00000    0.00000    0.00000    0.00000
       0.00000    1.00000    0.00000    2.00000    0.00000    0.00000    0.00000
       0.00000    0.00000    0.00000    0.00000    0.00000    0.00000    0.00000
       0.00000    0.00000
  984.000000     -627641.526      319.912955     -71.5318957     -.999903200E-02
     0.000000000  66.0208406
 1     0.000000000   0.00
  1500.00000     -630844.507      340.057912     -74.1743994     -.931138103E-02
     0.000000000  624207.044
 1     0.000000000   0.00
  1500.00001     -650130.562      539.456435     -101.553692         0.000000000
     0.000000000     0.000000000
 1     0.000000000   0.00
 La_S1(s)
   4  4           0.00000    0.00000    0.00000    0.00000    0.00000    0.00000
       1.00000    0.00000    0.00000    0.00000    0.00000    0.00000    0.00000
       0.00000    0.00000    0.00000    0.00000    0.00000    0.00000    0.00000
       0.00000    0.00000
  550.000000     -7968.40269      120.285000     -26.3400000     -.129516550E-02
     0.000000000     0.000000000
 1     0.000000000   0.00
  1134.00000     -6473.78504      90.5407009     -21.7918600     -.404517500E-02
 -.525864670E-06     0.000000000
 1     0.000000000   0.00
  1193.00000     -19863.1883      221.907685     -39.5388000         0.000000000
     0.000000000     0.000000000
 1     0.000000000   0.00
  4000.00000     -13623.7983      179.627181     -34.3088000         0.000000000
     0.000000000     0.000000000
 1     0.000000000   0.00
 La_S2(s2)
   4  4           0.00000    0.00000    0.00000    0.00000    0.00000    0.00000
       1.00000    0.00000    0.00000    0.00000    0.00000    0.00000    0.00000
       0.00000    0.00000    0.00000    0.00000    0.00000    0.00000    0.00000
       0.00000    0.00000
  550.000000     -7604.40270      119.623190     -26.3400000     -.129516550E-02
     0.000000000     0.000000000
 1     0.000000000   0.00
  1134.00000     -6109.78504      89.8788909     -21.7918600     -.404517500E-02
 -.525864670E-06     0.000000000
 1     0.000000000   0.00
  1193.00000     -19499.1883      221.245875     -39.5388000         0.000000000
     0.000000000     0.000000000
 1     0.000000000   0.00
  4000.00000     -13259.7983      178.965371     -34.3088000         0.000000000
     0.000000000     0.000000000
 1     0.000000000   0.00
 La_S3(s3)
   4  4           0.00000    0.00000    0.00000    0.00000    0.00000    0.00000
       1.00000    0.00000    0.00000    0.00000    0.00000    0.00000    0.00000
       0.00000    0.00000    0.00000    0.00000    0.00000    0.00000    0.00000
       0.00000    0.00000
  550.000000     -4483.10270      116.870720     -26.3400000     -.129516550E-02
     0.000000000     0.000000000
 1     0.000000000   0.00
  1134.00000     -2988.48504      87.1264209     -21.7918600     -.404517500E-02
 -.525864670E-06     0.000000000
 1     0.000000000   0.00
  1193.00000     -16377.8883      218.493405     -39.5388000         0.000000000
     0.000000000     0.000000000
 1     0.000000000   0.00
  4000.00000     -10138.4983      176.212901     -34.3088000         0.000000000
     0.000000000     0.000000000
 1     0.000000000   0.00
 LaF3_P3c1_No.158(s)
   4  2           0.00000    0.00000    0.00000    0.00000    0.00000    0.00000
       1.00000    0.00000    0.00000    0.00000    0.00000    0.00000    0.00000
       0.00000    0.00000    0.00000    0.00000    0.00000    0.00000    3.00000
       0.00000    0.00000
  1766.00000     -1712105.54      715.961218     -122.118800     0.112337000E-01
 0.271823333E-05  1085690.00
 1 -.234788333E-08   4.00
  1766.00001     -1820259.29      1270.97590     -186.057995         0.000000000
     0.000000000     0.000000000
 1     0.000000000   0.00
 NaLaF4_S1(s)
   4  2           0.00000    0.00000    0.00000    0.00000    0.00000    0.00000
       1.00000    0.00000    0.00000    0.00000    0.00000    0.00000    0.00000
       0.00000    0.00000    0.00000    0.00000    0.00000    1.00000    4.00000
       0.00000    0.00000
  1058.00000     -2295810.40      715.436910     -132.610000     0.145545000E-01
 -.572200000E-05  233035.000
 1     0.000000000   0.00
  1058.00001     -2305743.54      784.282736     -139.826312         0.000000000
     0.000000000     0.000000000
 1     0.000000000   0.00
 KLaF4_S1(s)
   4  2           0.00000    0.00000    0.00000    0.00000    0.00000    0.00000
       1.00000    0.00000    0.00000    0.00000    0.00000    0.00000    0.00000
       0.00000    0.00000    0.00000    0.00000    1.00000    0.00000    4.00000
       0.00000    0.00000
  2000.00000     -2313236.00      1099.98930     -190.876000     0.401000000E-01
 -.984916670E-05  1469049.00
 1 -.357416670E-09   4.00
  2000.00001     -2516539.24      2072.68787     -300.433477         0.000000000
     0.000000000     0.000000000
 1     0.000000000   0.00
 K3LaF6_S1(s)
   4  2           0.00000    0.00000    0.00000    0.00000    0.00000    0.00000
       1.00000    0.00000    0.00000    0.00000    0.00000    0.00000    0.00000
       0.00000    0.00000    0.00000    0.00000    3.00000    0.00000    6.00000
       0.00000    0.00000
  2000.00000     -3503126.40      1859.85470     -328.390000     0.978500000E-01
 -.349833330E-05  2235767.50
 1 0.362350000E-08   4.00
  2000.00001     -2697417.53     -3321.08404      328.023885         0.000000000
     0.000000000     0.000000000
 1     0.000000000   0.00
 RbLaF4_S1(s)
   4  2           0.00000    0.00000    0.00000    0.00000    0.00000    0.00000
       1.00000    0.00000    0.00000    0.00000    0.00000    0.00000    0.00000
       1.00000    0.00000    0.00000    0.00000    0.00000    0.00000    4.00000
       0.00000    0.00000
  2000.00000     -2289570.90      765.534480     -140.400000     -.130000000E-01
     0.000000000     0.000000000
 1     0.000000000   0.00
  2000.00001     -2341570.90      1160.78141     -192.400000         0.000000000
     0.000000000     0.000000000
 1     0.000000000   0.00
 Rb2LaF5_S1(s)
   4  2           0.00000    0.00000    0.00000    0.00000    0.00000    0.00000
       1.00000    0.00000    0.00000    0.00000    0.00000    0.00000    0.00000
       2.00000    0.00000    0.00000    0.00000    0.00000    0.00000    5.00000
       0.00000    0.00000
  2000.00000     -2864137.20      1124.41540     -206.800000     -.147900000E-01
 0.271816670E-05  1132600.00
 1 -.234791670E-08   4.00
  2000.00001     -3172150.67      2903.97058     -425.557702         0.000000000
     0.000000000     0.000000000
 1     0.000000000   0.00
 Rb3LaF6_S1(s)
   4  2           0.00000    0.00000    0.00000    0.00000    0.00000    0.00000
       1.00000    0.00000    0.00000    0.00000    0.00000    0.00000    0.00000
       3.00000    0.00000    0.00000    0.00000    0.00000    0.00000    6.00000
       0.00000    0.00000
  2000.00000     -3457617.60      1355.60520     -249.200000     -.278000000E-01
 0.271816670E-05  1156050.00
 1 -.234791670E-08   4.00
  2000.00001     -3817624.17      3530.60463     -519.985977         0.000000000
     0.000000000     0.000000000
 1     0.000000000   0.00
 RbLa2F7_S1(s)
   4  2           0.00000    0.00000    0.00000    0.00000    0.00000    0.00000
       2.00000    0.00000    0.00000    0.00000    0.00000    0.00000    0.00000
       1.00000    0.00000    0.00000    0.00000    0.00000    0.00000    7.00000
       0.00000    0.00000
  2000.00000     -3999931.80      1643.87100     -286.600000     0.945600000E-02
 -.543650000E-05  2194850.00
 1 -.469575000E-08   4.00
  2000.00001     -4807874.10      6130.31428     -828.946575         0.000000000
     0.000000000     0.000000000
 1     0.000000000   0.00
 LaZr2F11_S1(s)
   4  2           0.00000    0.00000    0.00000    0.00000    0.00000    0.00000
       1.00000    0.00000    0.00000    0.00000    2.00000    0.00000    0.00000
       0.00000    0.00000    0.00000    0.00000    0.00000    0.00000   11.00000
       0.00000    0.00000
  2000.00000     -5472164.19      2467.68651     -410.318800     0.807270000E-02
 0.271823333E-05  713590.000
 2 -27668.0000      99.00 -.234788333E-08   4.00
  2000.00001     -5844523.72      3421.18144     -523.996405         0.000000000
     0.000000000     0.000000000
 1     0.000000000   0.00
 LaI3_Cmcm_No.63(s)
   4  2           0.00000    0.00000    0.00000    0.00000    0.00000    0.00000
       1.00000    0.00000    0.00000    3.00000    0.00000    0.00000    0.00000
       0.00000    0.00000    0.00000    0.00000    0.00000    0.00000    0.00000
       0.00000    0.00000
  1051.00000     -709000.298      436.149265     -93.9630100     -.115618000E-01
 0.233333333E-09 -6340.00000
 1     0.000000000   0.00
  3000.00000     -757238.605      873.682070     -152.000000         0.000000000
     0.000000000     0.000000000
 1     0.000000000   0.00
 Ce_fcc_A1(s)
   4  3           0.00000    0.00000    0.00000    0.00000    0.00000    1.00000
       0.00000    0.00000    0.00000    0.00000    0.00000    0.00000    0.00000
       0.00000    0.00000    0.00000    0.00000    0.00000    0.00000    0.00000
       0.00000    0.00000
  1000.00000     -7160.51752      84.2302200     -22.3664000     -.671030000E-02
 -.320773000E-06 -18117.0000
 1     0.000000000   0.00
  2000.00000     -79678.5079      659.460402     -101.322480     0.260464870E-01
 -.193029767E-05  11531707.0
 1     0.000000000   0.00
  4000.00000     -14198.6262      190.370185     -37.6978000         0.000000000
     0.000000000     0.000000000
 1     0.000000000   0.00
 Ce_bcc_A2(s2)
   4  4           0.00000    0.00000    0.00000    0.00000    0.00000    1.00000
       0.00000    0.00000    0.00000    0.00000    0.00000    0.00000    0.00000
       0.00000    0.00000    0.00000    0.00000    0.00000    0.00000    0.00000
       0.00000    0.00000
  1000.00000     -1354.69005     -5.21501005     -7.73058670     -.290984020E-01
 0.478429900E-05 -196303.000
 1     0.000000000   0.00
  1072.00000     -12101.1053      187.449687     -37.6142000         0.000000000
     0.000000000     0.000000000
 1     0.000000000   0.00
  6000.00000     -11950.3732      186.333807     -37.4627990     -.571450000E-04
 0.234800000E-08 -25897.0000
 1     0.000000000   0.00
  6000.00001     -11996.1858      187.648387     -37.6428097         0.000000000
     0.000000000     0.000000000
 1     0.000000000   0.00
 Ce_dhcp(s3)
   4  3           0.00000    0.00000    0.00000    0.00000    0.00000    1.00000
       0.00000    0.00000    0.00000    0.00000    0.00000    0.00000    0.00000
       0.00000    0.00000    0.00000    0.00000    0.00000    0.00000    0.00000
       0.00000    0.00000
  1000.00000     -8360.51752      88.4682200     -22.3664000     -.671030000E-02
 -.320773000E-06 -18117.0000
 1     0.000000000   0.00
  2000.00000     -80878.5068      663.698403     -101.322480     0.260464870E-01
 -.193029700E-05  11531707.0
 1     0.000000000   0.00
  4000.00000     -15398.6352      194.608191     -37.6978000         0.000000000
     0.000000000     0.000000000
 1     0.000000000   0.00
 Ce_hcp_A3(s4)
   4  3           0.00000    0.00000    0.00000    0.00000    0.00000    1.00000
       0.00000    0.00000    0.00000    0.00000    0.00000    0.00000    0.00000
       0.00000    0.00000    0.00000    0.00000    0.00000    0.00000    0.00000
       0.00000    0.00000
  1000.00000     -1930.51752      84.2302200     -22.3664000     -.671030000E-02
 -.320773000E-06 -18117.0000
 1     0.000000000   0.00
  2000.00000     -74448.5079      659.460402     -101.322480     0.260464870E-01
 -.193029767E-05  11531707.0
 1     0.000000000   0.00
  4000.00000     -8968.62619      190.370185     -37.6978000         0.000000000
     0.000000000     0.000000000
 1     0.000000000   0.00
 CeF3_P3c1_No.158(s)
   4  2           0.00000    0.00000    0.00000    0.00000    0.00000    1.00000
       0.00000    0.00000    0.00000    0.00000    0.00000    0.00000    0.00000
       0.00000    0.00000    0.00000    0.00000    0.00000    0.00000    3.00000
       0.00000    0.00000
  1703.00000     -1722044.86      574.157575     -103.257700     0.649480000E-02
 -.411468333E-05  360435.000
 1     0.000000000   0.00
  2000.00000     -1746393.50      791.211684     -130.610000         0.000000000
     0.000000000     0.000000000
 1     0.000000000   0.00
 NaCeF4_S1(s)
   4  2           0.00000    0.00000    0.00000    0.00000    0.00000    1.00000
       0.00000    0.00000    0.00000    0.00000    0.00000    0.00000    0.00000
       0.00000    0.00000    0.00000    0.00000    0.00000    1.00000    4.00000
       0.00000    0.00000
  2000.00000     -2362464.10      850.817500     -145.812000     -.344555000E-02
 -.411500000E-05  554300.000
 1     0.000000000   0.00
  2000.00001     -2506817.70      1753.09747     -258.077050         0.000000000
     0.000000000     0.000000000
 1     0.000000000   0.00
 CeI3_Cmcm_No.63(s)
   4  2           0.00000    0.00000    0.00000    0.00000    0.00000    1.00000
       0.00000    0.00000    0.00000    3.00000    0.00000    0.00000    0.00000
       0.00000    0.00000    0.00000    0.00000    0.00000    0.00000    0.00000
       0.00000    0.00000
  1033.00000     -697603.601      397.981247     -89.8590000     -.170069000E-01
 -.686666667E-09  45.0000000
 1     0.000000000   0.00
  3000.00000     -746744.777      880.076783     -155.000000         0.000000000
     0.000000000     0.000000000
 1     0.000000000   0.00
 Pr_S1(s)
   4  5           0.00000    0.00000    0.00000    0.00000    1.00000    0.00000
       0.00000    0.00000    0.00000    0.00000    0.00000    0.00000    0.00000
       0.00000    0.00000    0.00000    0.00000    0.00000    0.00000    0.00000
       0.00000    0.00000
  540.000000     -15031.3290      266.337132     -53.6880000     0.460609500E-01
 -.164438833E-04  334990.000
 1     0.000000000   0.00
  900.000000     -8640.02948      112.069185     -27.5720000     -.156500000E-04
 -.220605000E-05     0.000000000
 1     0.000000000   0.00
  1068.00000      94666.9424     -1063.63036      145.275000     -.127802500
 0.154618500E-04 -11471500.0
 1     0.000000000   0.00
  1204.00000     -14930.8256      191.296036     -38.4509600         0.000000000
     0.000000000     0.000000000
 1     0.000000000   0.00
  3800.00000     -20371.3645      227.867865     -42.9696800         0.000000000
     0.000000000     0.000000000
 1     0.000000000   0.00
 Pr_S2(s2)
   4  5           0.00000    0.00000    0.00000    0.00000    1.00000    0.00000
       0.00000    0.00000    0.00000    0.00000    0.00000    0.00000    0.00000
       0.00000    0.00000    0.00000    0.00000    0.00000    0.00000    0.00000
       0.00000    0.00000
  540.000000     -11864.0290      263.371496     -53.6880000     0.460609500E-01
 -.164438833E-04  334990.000
 1     0.000000000   0.00
  900.000000     -5472.72948      109.103548     -27.5720000     -.156500000E-04
 -.220605000E-05     0.000000000
 1     0.000000000   0.00
  1068.00000      97834.2424     -1066.59599      145.275000     -.127802500
 0.154618500E-04 -11471500.0
 1     0.000000000   0.00
  1204.00000     -11763.5256      188.330399     -38.4509600         0.000000000
     0.000000000     0.000000000
 1     0.000000000   0.00
  3800.00000     -17204.0645      224.902229     -42.9696800         0.000000000
     0.000000000     0.000000000
 1     0.000000000   0.00
 PrF3_P3c1_No.158(s)
   4  2           0.00000    0.00000    0.00000    0.00000    1.00000    0.00000
       0.00000    0.00000    0.00000    0.00000    0.00000    0.00000    0.00000
       0.00000    0.00000    0.00000    0.00000    0.00000    0.00000    3.00000
       0.00000    0.00000
  1670.00000     -1735660.98      759.535942     -130.599400     0.162513000E-01
 -.302815000E-05  1327795.00
 1     0.000000000   0.00
  1800.00000     -1751455.27      789.355907     -130.760000         0.000000000
     0.000000000     0.000000000
 1     0.000000000   0.00
 PrI3_Cmcm_No.63(s)
   4  2           0.00000    0.00000    0.00000    0.00000    1.00000    0.00000
       0.00000    0.00000    0.00000    3.00000    0.00000    0.00000    0.00000
       0.00000    0.00000    0.00000    0.00000    0.00000    0.00000    0.00000
       0.00000    0.00000
  1011.00000     -693436.536      395.355785     -89.7490000     -.188704500E-01
 -.198333333E-09  60.0000000
 1     0.000000000   0.00
  3000.00000     -740116.885      873.901850     -155.000000         0.000000000
     0.000000000     0.000000000
 1     0.000000000   0.00
 Nd_dhcp(s)
   4  4           0.00000    0.00000    0.00000    1.00000    0.00000    0.00000
       0.00000    0.00000    0.00000    0.00000    0.00000    0.00000    0.00000
       0.00000    0.00000    0.00000    0.00000    0.00000    0.00000    0.00000
       0.00000    0.00000
  900.000000     -8402.92970      111.102390     -27.0858000     0.556125000E-03
 -.269230000E-05  34887.0000
 1     0.000000000   0.00
  1128.00000     -6984.08309      83.6626170     -22.7536000     -.420402000E-02
 -.180200000E-05     0.000000000
 1     0.000000000   0.00
  1799.00000     -225610.846      1673.04075     -238.182873     0.786159970E-01
 -.604820700E-05  38810350.0
 1     0.000000000   0.00
  9600.00000     -25742.3269      276.257086     -48.7854000         0.000000000
     0.000000000     0.000000000
 1     0.000000000   0.00
 Nd_bcc_A2(s2)
   4  5           0.00000    0.00000    0.00000    1.00000    0.00000    0.00000
       0.00000    0.00000    0.00000    0.00000    0.00000    0.00000    0.00000
       0.00000    0.00000    0.00000    0.00000    0.00000    0.00000    0.00000
       0.00000    0.00000
  400.000000     -6965.63500      110.556109     -27.0858000     0.556125000E-03
 -.269230000E-05  34887.0000
 1     0.000000000   0.00
  1128.00000      7312.19926     -153.033975      14.9956777     -.504790000E-01
 0.728721700E-05 -831810.000
 1     0.000000000   0.00
  1289.00000     -18030.2665      239.677323     -44.5596000         0.000000000
     0.000000000     0.000000000
 1     0.000000000   0.00
  1800.00000      334513.017     -2363.91990      311.409193     -.156030778
 0.124084210E-04 -64319604.0
 1     0.000000000   0.00
  1800.00001     -24495.5121      274.878838     -48.7853628         0.000000000
     0.000000000     0.000000000
 1     0.000000000   0.00
 Nd_fcc_A1(s3)
   4  4           0.00000    0.00000    0.00000    1.00000    0.00000    0.00000
       0.00000    0.00000    0.00000    0.00000    0.00000    0.00000    0.00000
       0.00000    0.00000    0.00000    0.00000    0.00000    0.00000    0.00000
       0.00000    0.00000
  900.000000     -7902.93000      111.102390     -27.0858000     0.556125000E-03
 -.269230000E-05  34887.0000
 1     0.000000000   0.00
  1128.00000     -6484.08338      83.6626170     -22.7536000     -.420402000E-02
 -.180200000E-05     0.000000000
 1     0.000000000   0.00
  1799.00000     -225110.846      1673.04075     -238.182873     0.786159970E-01
 -.604820700E-05  38810350.0
 1     0.000000000   0.00
  9600.00000     -25242.3274      276.257086     -48.7854000         0.000000000
     0.000000000     0.000000000
 1     0.000000000   0.00
 Nd_hcp_A3(s4)
   4  4           0.00000    0.00000    0.00000    1.00000    0.00000    0.00000
       0.00000    0.00000    0.00000    0.00000    0.00000    0.00000    0.00000
       0.00000    0.00000    0.00000    0.00000    0.00000    0.00000    0.00000
       0.00000    0.00000
  900.000000     -5402.93000      111.102390     -27.0858000     0.556125000E-03
 -.269230000E-05  34887.0000
 1     0.000000000   0.00
  1128.00000     -3984.08338      83.6626170     -22.7536000     -.420402000E-02
 -.180200000E-05     0.000000000
 1     0.000000000   0.00
  1799.00000     -222610.846      1673.04075     -238.182873     0.786159970E-01
 -.604820700E-05  38810350.0
 1     0.000000000   0.00
  9600.00000     -22742.3274      276.257086     -48.7854000         0.000000000
     0.000000000     0.000000000
 1     0.000000000   0.00
 NdF3_S1(s)
   4  2           0.00000    0.00000    0.00000    1.00000    0.00000    0.00000
       0.00000    0.00000    0.00000    0.00000    0.00000    0.00000    0.00000
       0.00000    0.00000    0.00000    0.00000    0.00000    0.00000    3.00000
       0.00000    0.00000
  1649.00000     -1714084.00      578.805125     -103.386700     -.833440000E-03
 -.173225000E-05  550585.000
 1     0.000000000   0.00
  2500.00000     -1810110.75      1145.51288     -172.820000         0.000000000
     0.000000000     0.000000000
 1     0.000000000   0.00
 NaNdF4_S1(s)
   4  2           0.00000    0.00000    0.00000    1.00000    0.00000    0.00000
       0.00000    0.00000    0.00000    0.00000    0.00000    0.00000    0.00000
       0.00000    0.00000    0.00000    0.00000    0.00000    1.00000    4.00000
       0.00000    0.00000
  1695.00000     -2325883.30      226.943125     -61.4700000     -.128150000E-01
     0.000000000 -391106.990
 1     0.000000000   0.00
  1695.00001     -2363624.08      552.392519     -105.185111         0.000000000
     0.000000000     0.000000000
 1     0.000000000   0.00
 Na5Nd9F32_S1(s)
   4  2           0.00000    0.00000    0.00000    9.00000    0.00000    0.00000
       0.00000    0.00000    0.00000    0.00000    0.00000    0.00000    0.00000
       0.00000    0.00000    0.00000    0.00000    0.00000    5.00000   32.00000
       0.00000    0.00000
  1695.00000     -16978580.1     -2545.41882     -62.8100000     -.117740000E-01
     0.000000000 -217407.500
 1     0.000000000   0.00
  1695.00001     -17012920.1     -2247.28947     -102.875204         0.000000000
     0.000000000     0.000000000
 1     0.000000000   0.00
 NdI3_Cmcm_No.63(s)
   4  3           0.00000    0.00000    0.00000    1.00000    0.00000    0.00000
       0.00000    0.00000    0.00000    3.00000    0.00000    0.00000    0.00000
       0.00000    0.00000    0.00000    0.00000    0.00000    0.00000    0.00000
       0.00000    0.00000
  847.000000     -685608.067      664.626739     -133.254000     0.381544500E-01
 -.133965583E-04  828850.000
 1     0.000000000   0.00
  1060.00000     -680975.417      573.439001     -117.000000         0.000000000
     0.000000000     0.000000000
 1     0.000000000   0.00
  3000.00000     -722315.417      884.113945     -156.000000         0.000000000
     0.000000000     0.000000000
 1     0.000000000   0.00
 NdI3_S2(s2)
   4  3           0.00000    0.00000    0.00000    1.00000    0.00000    0.00000
       0.00000    0.00000    0.00000    3.00000    0.00000    0.00000    0.00000
       0.00000    0.00000    0.00000    0.00000    0.00000    0.00000    0.00000
       0.00000    0.00000
  847.000000     -671708.067      648.215877     -133.254000     0.381544500E-01
 -.133965583E-04  828850.000
 1     0.000000000   0.00
  1060.00000     -667075.417      557.028140     -117.000000         0.000000000
     0.000000000     0.000000000
 1     0.000000000   0.00
  3000.00000     -708415.417      867.703083     -156.000000         0.000000000
     0.000000000     0.000000000
 1     0.000000000   0.00
 Th_S1(s)
   4  2           0.00000    0.00000    1.00000    0.00000    0.00000    0.00000
       0.00000    0.00000    0.00000    0.00000    0.00000    0.00000    0.00000
       0.00000    0.00000    0.00000    0.00000    0.00000    0.00000    0.00000
       0.00000    0.00000
  1636.00000     -7588.53127      108.172490     -23.5559200     -.635968000E-02
     0.000000000     0.000000000
 1     0.000000000   0.00
  1636.00001     -24610.1894      262.158348     -44.3647930         0.000000000
     0.000000000     0.000000000
 1     0.000000000   0.00
 Th_S2(s2)
   4  2           0.00000    0.00000    1.00000    0.00000    0.00000    0.00000
       0.00000    0.00000    0.00000    0.00000    0.00000    0.00000    0.00000
       0.00000    0.00000    0.00000    0.00000    0.00000    0.00000    0.00000
       0.00000    0.00000
  1636.00000     -4853.83130      106.508310     -23.5569200     -.635968000E-02
     0.000000000     0.000000000
 1     0.000000000   0.00
  3500.00000     -24588.3161      274.423123     -46.0240000         0.000000000
     0.000000000     0.000000000
 1     0.000000000   0.00
 ThF4_C2/c_No.15(s)
   4  2           0.00000    0.00000    1.00000    0.00000    0.00000    0.00000
       0.00000    0.00000    0.00000    0.00000    0.00000    0.00000    0.00000
       0.00000    0.00000    0.00000    0.00000    0.00000    0.00000    4.00000
       0.00000    0.00000
  2500.00000     -2138907.20      685.770010     -122.173000     -.418500000E-02
     0.000000000  627500.000
 1     0.000000000   0.00
  2500.00001     -2164059.45      847.615904     -142.897200         0.000000000
     0.000000000     0.000000000
 1     0.000000000   0.00
 LiThF5_S1(s)
   4  2           0.00000    0.00000    1.00000    0.00000    0.00000    0.00000
       0.00000    0.00000    0.00000    0.00000    0.00000    0.00000    0.00000
       0.00000    0.00000    0.00000    0.00000    0.00000    0.00000    5.00000
       0.00000    1.00000
  2500.00000     -2776647.60      944.281950     -165.482000     -.123400000E-01
 -.841166670E-07  912000.000
 1     0.000000000   0.00
  2500.00001     -2857570.69      1450.56162     -230.044535         0.000000000
     0.000000000     0.000000000
 1     0.000000000   0.00
 Li3ThF7_S1(s)
   4  2           0.00000    0.00000    1.00000    0.00000    0.00000    0.00000
       0.00000    0.00000    0.00000    0.00000    0.00000    0.00000    0.00000
       0.00000    0.00000    0.00000    0.00000    0.00000    0.00000    7.00000
       0.00000    3.00000
  2500.00000     -4057561.90      1687.10370     -282.100000     -.286500000E-01
 -.252333330E-06  1481000.00
 1     0.000000000   0.00
  2500.00001     -4250025.63      2882.24572     -434.338580         0.000000000
     0.000000000     0.000000000
 1     0.000000000   0.00
 LiTh2F9_S1(s)
   4  2           0.00000    0.00000    2.00000    0.00000    0.00000    0.00000
       0.00000    0.00000    0.00000    0.00000    0.00000    0.00000    0.00000
       0.00000    0.00000    0.00000    0.00000    0.00000    0.00000    9.00000
       0.00000    1.00000
  2500.00000     -4919893.80      1628.50200     -287.655000     -.165250000E-01
 -.841166670E-07  1539500.00
 1     0.000000000   0.00
  2500.00001     -5025969.14      2296.62757     -372.941735         0.000000000
     0.000000000     0.000000000
 1     0.000000000   0.00
 LiTh4F17_S1(s)
   4  2           0.00000    0.00000    4.00000    0.00000    0.00000    0.00000
       0.00000    0.00000    0.00000    0.00000    0.00000    0.00000    0.00000
       0.00000    0.00000    0.00000    0.00000    0.00000    0.00000   17.00000
       0.00000    1.00000
  2500.00000     -9200719.20      2998.83200     -532.001000     -.248950000E-01
 -.841166670E-07  2794500.00
 1     0.000000000   0.00
  2500.00001     -9357099.04      3990.64936     -658.736135         0.000000000
     0.000000000     0.000000000
 1     0.000000000   0.00
 NaThF5_S1(s)
   4  2           0.00000    0.00000    1.00000    0.00000    0.00000    0.00000
       0.00000    0.00000    0.00000    0.00000    0.00000    0.00000    0.00000
       0.00000    0.00000    0.00000    0.00000    0.00000    1.00000    5.00000
       0.00000    0.00000
  2500.00000     -2751293.70      954.647740     -169.803000     -.115800000E-01
     0.000000000  859650.000
 1     0.000000000   0.00
  2500.00001     -2822293.26      1405.09507     -227.427912         0.000000000
     0.000000000     0.000000000
 1     0.000000000   0.00
 Na2ThF6_S1(s)
   4  2           0.00000    0.00000    1.00000    0.00000    0.00000    0.00000
       0.00000    0.00000    0.00000    0.00000    0.00000    0.00000    0.00000
       0.00000    0.00000    0.00000    0.00000    0.00000    2.00000    6.00000
       0.00000    0.00000
  2500.00000     -3356708.20      1223.97550     -217.433000     -.189750000E-01
     0.000000000  1091800.00
 1     0.000000000   0.00
  2500.00001     -3473555.07      1963.02427     -311.958624         0.000000000
     0.000000000     0.000000000
 1     0.000000000   0.00
 Na4ThF8_S1(s)
   4  2           0.00000    0.00000    1.00000    0.00000    0.00000    0.00000
       0.00000    0.00000    0.00000    0.00000    0.00000    0.00000    0.00000
       0.00000    0.00000    0.00000    0.00000    0.00000    4.00000    8.00000
       0.00000    0.00000
  2500.00000     -4462804.30      1679.38090     -312.693000     -.337650000E-01
     0.000000000  1556100.00
 1     0.000000000   0.00
  2500.00001     -4671345.79      2995.63254     -481.020048         0.000000000
     0.000000000     0.000000000
 1     0.000000000   0.00
 NaTh2F9_S1(s)
   4  2           0.00000    0.00000    2.00000    0.00000    0.00000    0.00000
       0.00000    0.00000    0.00000    0.00000    0.00000    0.00000    0.00000
       0.00000    0.00000    0.00000    0.00000    0.00000    1.00000    9.00000
       0.00000    0.00000
  2500.00000     -4890205.90      1633.36780     -291.976000     -.157650000E-01
     0.000000000  1487150.00
 1     0.000000000   0.00
  2500.00001     -4986357.71      2245.66103     -370.325112         0.000000000
     0.000000000     0.000000000
 1     0.000000000   0.00
 Na3Th2F11_S1(s)
   4  2           0.00000    0.00000    2.00000    0.00000    0.00000    0.00000
       0.00000    0.00000    0.00000    0.00000    0.00000    0.00000    0.00000
       0.00000    0.00000    0.00000    0.00000    0.00000    3.00000   11.00000
       0.00000    0.00000
  2500.00000     -6041535.90      2107.32320     -387.236000     -.305550000E-01
     0.000000000  1951450.00
 1     0.000000000   0.00
  2500.00001     -6229382.33      3296.81930     -539.386536         0.000000000
     0.000000000     0.000000000
 1     0.000000000   0.00
 Na7Th2F15_S1(s)
   4  2           0.00000    0.00000    2.00000    0.00000    0.00000    0.00000
       0.00000    0.00000    0.00000    0.00000    0.00000    0.00000    0.00000
       0.00000    0.00000    0.00000    0.00000    0.00000    7.00000   15.00000
       0.00000    0.00000
  2500.00000     -8460623.00      3231.33410     -577.756000     -.601350000E-01
     0.000000000  2880050.00
 1     0.000000000   0.00
  2500.00001     -8831858.67      5575.23594     -877.509384         0.000000000
     0.000000000     0.000000000
 1     0.000000000   0.00
 Na7Th6F31_S1(s)
   4  2           0.00000    0.00000    6.00000    0.00000    0.00000    0.00000
       0.00000    0.00000    0.00000    0.00000    0.00000    0.00000    0.00000
       0.00000    0.00000    0.00000    0.00000    0.00000    7.00000   31.00000
       0.00000    0.00000
  2500.00000     -17014171.0      5885.11420     -1066.44800     -.768750000E-01
     0.000000000  5390050.00
 1     0.000000000   0.00
  2500.00001     -17486015.7      8876.39962     -1449.09818         0.000000000
     0.000000000     0.000000000
 1     0.000000000   0.00
 ThI4_P21/c_No.14(s)
   4  3           0.00000    0.00000    1.00000    0.00000    0.00000    0.00000
       0.00000    0.00000    0.00000    4.00000    0.00000    0.00000    0.00000
       0.00000    0.00000    0.00000    0.00000    0.00000    0.00000    0.00000
       0.00000    0.00000
  839.000000     -706072.107      620.175084     -129.601000     -.659535000E-02
 0.220266667E-07  305075.000
 1     0.000000000   0.00
  1200.00000     -739428.812      965.385051     -175.728000     -.150000000E-06
 0.100000000E-10 -50.0000000
 1     0.000000000   0.00
  1200.00001     -739429.125      965.387544     -175.728343         0.000000000
     0.000000000     0.000000000
 1     0.000000000   0.00
 CsThF5_S1(s)
   4  2           0.00000    0.00000    1.00000    0.00000    0.00000    0.00000
       0.00000    0.00000    1.00000    0.00000    0.00000    0.00000    0.00000
       0.00000    0.00000    0.00000    0.00000    0.00000    0.00000    5.00000
       0.00000    0.00000
  6000.00000     -2772042.08      781.235399     -146.460000     -.365000000E-01
     0.000000000  332500.000
 1     0.000000000   0.00
  6000.00001     -4085820.41      4591.43445     -584.441528         0.000000000
     0.000000000     0.000000000
 1     0.000000000   0.00
 CsThF5_S2(s2)
   4  2           0.00000    0.00000    1.00000    0.00000    0.00000    0.00000
       0.00000    0.00000    1.00000    0.00000    0.00000    0.00000    0.00000
       0.00000    0.00000    0.00000    0.00000    0.00000    0.00000    5.00000
       0.00000    0.00000
  6000.00000     -2760042.08      768.496546     -146.460000     -.365000000E-01
     0.000000000  332500.000
 1     0.000000000   0.00
  6000.00001     -4073820.41      4578.69560     -584.441528         0.000000000
     0.000000000     0.000000000
 1     0.000000000   0.00
 Cs2ThF6_S1(s)
   4  2           0.00000    0.00000    1.00000    0.00000    0.00000    0.00000
       0.00000    0.00000    2.00000    0.00000    0.00000    0.00000    0.00000
       0.00000    0.00000    0.00000    0.00000    0.00000    0.00000    6.00000
       0.00000    0.00000
  6000.00000     -3326697.29      812.848169     -170.760000     -.690000000E-01
     0.000000000  37500.0000
 1     0.000000000   0.00
  6000.00001     -5810672.29      8016.02513     -998.757917         0.000000000
     0.000000000     0.000000000
 1     0.000000000   0.00
 Cs3ThF7_S1(s)
   4  2           0.00000    0.00000    1.00000    0.00000    0.00000    0.00000
       0.00000    0.00000    3.00000    0.00000    0.00000    0.00000    0.00000
       0.00000    0.00000    0.00000    0.00000    0.00000    0.00000    7.00000
       0.00000    0.00000
  6000.00000     -3935881.07      907.695812     -195.050000     -.101000000
     0.000000000 -257500.000
 1     0.000000000   0.00
  6000.00001     -7572052.74      11451.6536     -1407.06431         0.000000000
     0.000000000     0.000000000
 1     0.000000000   0.00
 CsTh2F9_S1(s)
   4  2           0.00000    0.00000    2.00000    0.00000    0.00000    0.00000
       0.00000    0.00000    1.00000    0.00000    0.00000    0.00000    0.00000
       0.00000    0.00000    0.00000    0.00000    0.00000    0.00000    9.00000
       0.00000    0.00000
  6000.00000     -4908773.25      1457.71143     -268.640000     -.406500000E-01
     0.000000000  960000.000
 1     0.000000000   0.00
  6000.00001     -6371533.25      5700.79075     -756.386667         0.000000000
     0.000000000     0.000000000
 1     0.000000000   0.00
 CsTh3F13_S1(s)
   4  2           0.00000    0.00000    3.00000    0.00000    0.00000    0.00000
       0.00000    0.00000    1.00000    0.00000    0.00000    0.00000    0.00000
       0.00000    0.00000    0.00000    0.00000    0.00000    0.00000   13.00000
       0.00000    0.00000
  6000.00000     -7071220.64      2160.97842     -390.810000     -.448500000E-01
     0.000000000  1590000.00
 1     0.000000000   0.00
  6000.00001     -8684760.64      6842.15630     -928.921667         0.000000000
     0.000000000     0.000000000
 1     0.000000000   0.00
 Cs2Th3F14_S1(s)
   4  2           0.00000    0.00000    3.00000    0.00000    0.00000    0.00000
       0.00000    0.00000    2.00000    0.00000    0.00000    0.00000    0.00000
       0.00000    0.00000    0.00000    0.00000    0.00000    0.00000   14.00000
       0.00000    0.00000
  6000.00000     -7694293.76      2247.65550     -415.100000     -.770000000E-01
     0.000000000  1295000.00
 1     0.000000000   0.00
  6000.00001     -10465430.4      10285.2733     -1339.02806         0.000000000
     0.000000000     0.000000000
 1     0.000000000   0.00
 CsTh6F25_S1(s)
   4  2           0.00000    0.00000    6.00000    0.00000    0.00000    0.00000
       0.00000    0.00000    1.00000    0.00000    0.00000    0.00000    0.00000
       0.00000    0.00000    0.00000    0.00000    0.00000    0.00000   25.00000
       0.00000    0.00000
  6000.00000     -13485086.2      4206.19368     -757.330000     -.575000000E-01
     0.000000000  3470000.00
 1     0.000000000   0.00
  6000.00001     -15552772.9      10206.8926     -1447.13722         0.000000000
     0.000000000     0.000000000
 1     0.000000000   0.00
 CeThF7_S1(s)
   4  2           0.00000    0.00000    1.00000    0.00000    0.00000    1.00000
       0.00000    0.00000    0.00000    0.00000    0.00000    0.00000    0.00000
       0.00000    0.00000    0.00000    0.00000    0.00000    0.00000    7.00000
       0.00000    0.00000
  2000.00000     -3793652.10      1200.27950     -225.431000     0.231000000E-02
 -.411466670E-05  987935.000
 1     0.000000000   0.00
  2000.00001     -3914105.56      1925.53194     -314.449033         0.000000000
     0.000000000     0.000000000
 1     0.000000000   0.00
 CeTh2F11_S1(s)
   4  2           0.00000    0.00000    2.00000    0.00000    0.00000    1.00000
       0.00000    0.00000    0.00000    0.00000    0.00000    0.00000    0.00000
       0.00000    0.00000    0.00000    0.00000    0.00000    0.00000   11.00000
       0.00000    0.00000
  2000.00000     -5955002.30      1901.49950     -347.604000     -.187500000E-02
 -.411466670E-05  1615435.00
 1     0.000000000   0.00
  2000.00001     -6090940.76      2751.13564     -453.048283         0.000000000
     0.000000000     0.000000000
 1     0.000000000   0.00
 U_S1(s)
   4  2           0.00000    1.00000    0.00000    0.00000    0.00000    0.00000
       0.00000    0.00000    0.00000    0.00000    0.00000    0.00000    0.00000
       0.00000    0.00000    0.00000    0.00000    0.00000    0.00000    0.00000
       0.00000    0.00000
  942.000000     -8407.78571      130.874110     -26.9198560     0.125101600E-02
 -.442632330E-05  38492.8000
 1     0.000000000   0.00
  5000.00000     -17115.7878      247.035108     -42.9278400         0.000000000
     0.000000000     0.000000000
 1     0.000000000   0.00
 U_S2(s2)
   4  3           0.00000    1.00000    0.00000    0.00000    0.00000    0.00000
       0.00000    0.00000    0.00000    0.00000    0.00000    0.00000    0.00000
       0.00000    0.00000    0.00000    0.00000    0.00000    0.00000    0.00000
       0.00000    0.00000
  942.000000     -5617.05770      127.911560     -26.9198560     0.125101600E-02
 -.442632330E-05  38492.8000
 1     0.000000000   0.00
  1049.00000     -14325.0598      244.072558     -42.9278400         0.000000000
     0.000000000     0.000000000
 1     0.000000000   0.00
  5000.00000     -9453.25200      207.124877     -38.2836000         0.000000000
     0.000000000     0.000000000
 1     0.000000000   0.00
 U_S3(s3)
   4  2           0.00000    1.00000    0.00000    0.00000    0.00000    0.00000
       0.00000    0.00000    0.00000    0.00000    0.00000    0.00000    0.00000
       0.00000    0.00000    0.00000    0.00000    0.00000    0.00000    0.00000
       0.00000    0.00000
  1049.00000     -9567.85170      239.537560     -42.9278400         0.000000000
     0.000000000     0.000000000
 1     0.000000000   0.00
  1405.00000     -4696.04394      202.589879     -38.2836000         0.000000000
     0.000000000     0.000000000
 1     0.000000000   0.00
 UF3_P3c1_No.158(s)
   4  2           0.00000    1.00000    0.00000    0.00000    0.00000    0.00000
       0.00000    0.00000    0.00000    0.00000    0.00000    0.00000    0.00000
       0.00000    0.00000    0.00000    0.00000    0.00000    0.00000    3.00000
       0.00000    0.00000
  1768.00000     -1543894.17      591.648133     -106.368000     -.450000000E-03
     0.000000000  512900.000
 1     0.000000000   0.00
  1768.00001     -1544140.38      600.600321     -107.631031         0.000000000
     0.000000000     0.000000000
 1     0.000000000   0.00
 UF4_C2/c_No.15(s)
   4  2           0.00000    1.00000    0.00000    0.00000    0.00000    0.00000
       0.00000    0.00000    0.00000    0.00000    0.00000    0.00000    0.00000
       0.00000    0.00000    0.00000    0.00000    0.00000    0.00000    4.00000
       0.00000    0.00000
  2500.00000     -1950643.00      623.754120     -114.519000     -.102775000E-01
     0.000000000  206550.000
 1     0.000000000   0.00
  2500.00001     -2014546.90      1025.19600     -165.840404         0.000000000
     0.000000000     0.000000000
 1     0.000000000   0.00
 U2F9_S1(s)
   4  2           0.00000    2.00000    0.00000    0.00000    0.00000    0.00000
       0.00000    0.00000    0.00000    0.00000    0.00000    0.00000    0.00000
       0.00000    0.00000    0.00000    0.00000    0.00000    0.00000    9.00000
       0.00000    0.00000
  663.000000     -4062357.47      1288.28018     -235.977600     -.299574400E-01
     0.000000000  108784.000
 1     0.000000000   0.00
  663.000001     -4074869.52      1542.39718     -275.206208         0.000000000
     0.000000000     0.000000000
 1     0.000000000   0.00
 U2F9_S2(s2)
   4  2           0.00000    2.00000    0.00000    0.00000    0.00000    0.00000
       0.00000    0.00000    0.00000    0.00000    0.00000    0.00000    0.00000
       0.00000    0.00000    0.00000    0.00000    0.00000    0.00000    9.00000
       0.00000    0.00000
  600.000000     -4089669.59      1270.57286     -235.978000     -.299574500E-01
     0.000000000  108784.000
 1     0.000000000   0.00
  600.000001     -4099729.04      1495.76315     -271.322584         0.000000000
     0.000000000     0.000000000
 1     0.000000000   0.00
 LiUF5_S1(s)
   4  2           0.00000    1.00000    0.00000    0.00000    0.00000    0.00000
       0.00000    0.00000    0.00000    0.00000    0.00000    0.00000    0.00000
       0.00000    0.00000    0.00000    0.00000    0.00000    0.00000    5.00000
       0.00000    1.00000
  2500.00000     -2595094.21      886.410362     -157.828400     -.184335000E-01
 -.841166667E-07  491141.500
 1     0.000000000   0.00
  2500.00001     -2714775.05      1632.32487     -252.993110         0.000000000
     0.000000000     0.000000000
 1     0.000000000   0.00
 Li4UF8_S1(s)
   4  2           0.00000    1.00000    0.00000    0.00000    0.00000    0.00000
       0.00000    0.00000    0.00000    0.00000    0.00000    0.00000    0.00000
       0.00000    0.00000    0.00000    0.00000    0.00000    0.00000    8.00000
       0.00000    4.00000
  2500.00000     -4454946.93      1623.06980     -287.755320     -.429020000E-01
 -.336466670E-06  1344826.50
 1     0.000000000   0.00
  2500.00001     -4741961.87      3402.42201     -514.452476         0.000000000
     0.000000000     0.000000000
 1     0.000000000   0.00
 LiU2F9_S1(s)
   4  2           0.00000    2.00000    0.00000    0.00000    0.00000    0.00000
       0.00000    0.00000    0.00000    0.00000    0.00000    0.00000    0.00000
       0.00000    0.00000    0.00000    0.00000    0.00000    0.00000    9.00000
       0.00000    1.00000
  2500.00000     -4533767.90      1510.00150     -272.347000     -.287110000E-01
 -.841166670E-07  697662.000
 1     0.000000000   0.00
  2500.00001     -4717352.68      2657.35798     -418.833123         0.000000000
     0.000000000     0.000000000
 1     0.000000000   0.00
 LiU4F17_S1(s)
   4  2           0.00000    4.00000    0.00000    0.00000    0.00000    0.00000
       0.00000    0.00000    0.00000    0.00000    0.00000    0.00000    0.00000
       0.00000    0.00000    0.00000    0.00000    0.00000    0.00000   17.00000
       0.00000    1.00000
  2500.00000     -8455124.24      2754.08444     -501.387000     -.492660000E-01
 -.841166670E-07  1110880.00
 1     0.000000000   0.00
  2500.00001     -8766516.62      4704.32432     -750.515893         0.000000000
     0.000000000     0.000000000
 1     0.000000000   0.00
 NaUF4_S1(s)
   4  2           0.00000    1.00000    0.00000    0.00000    0.00000    0.00000
       0.00000    0.00000    0.00000    0.00000    0.00000    0.00000    0.00000
       0.00000    0.00000    0.00000    0.00000    0.00000    1.00000    4.00000
       0.00000    0.00000
  1200.00000     -2142009.69      866.463858     -153.998000     -.784500000E-02
     0.000000000  745050.000
 1     0.000000000   0.00
  1200.00001     -2150822.99      991.066884     -171.791208         0.000000000
     0.000000000     0.000000000
 1     0.000000000   0.00
 Na2UF6_S1(s)
   4  2           0.00000    1.00000    0.00000    0.00000    0.00000    0.00000
       0.00000    0.00000    0.00000    0.00000    0.00000    0.00000    0.00000
       0.00000    0.00000    0.00000    0.00000    0.00000    2.00000    6.00000
       0.00000    0.00000
  2500.00000     -3213274.23      1202.40990     -209.779000     -.250675000E-01
     0.000000000  670879.500
 1     0.000000000   0.00
  2500.00001     -3368872.69      2181.05457     -334.901819         0.000000000
     0.000000000     0.000000000
 1     0.000000000   0.00
 Na3UF7_S1(s)
   4  2           0.00000    1.00000    0.00000    0.00000    0.00000    0.00000
       0.00000    0.00000    0.00000    0.00000    0.00000    0.00000    0.00000
       0.00000    0.00000    0.00000    0.00000    0.00000    3.00000    7.00000
       0.00000    0.00000
  950.000000     -3776339.75      1436.63763     -257.409000     -.324625000E-01
     0.000000000  903029.500
 1     0.000000000   0.00
  950.000001     -3801834.92      1842.81290     -317.086577         0.000000000
     0.000000000     0.000000000
 1     0.000000000   0.00
 Na3UF7_S2(s2)
   4  2           0.00000    1.00000    0.00000    0.00000    0.00000    0.00000
       0.00000    0.00000    0.00000    0.00000    0.00000    0.00000    0.00000
       0.00000    0.00000    0.00000    0.00000    0.00000    3.00000    7.00000
       0.00000    0.00000
  950.000000     -3775339.75      1435.41811     -257.409000     -.324625000E-01
     0.000000000  903029.500
 1     0.000000000   0.00
  950.000001     -3800834.92      1841.59339     -317.086577         0.000000000
     0.000000000     0.000000000
 1     0.000000000   0.00
 NaU2F9_S1(s)
   4  2           0.00000    2.00000    0.00000    0.00000    0.00000    0.00000
       0.00000    0.00000    0.00000    0.00000    0.00000    0.00000    0.00000
       0.00000    0.00000    0.00000    0.00000    0.00000    1.00000    9.00000
       0.00000    0.00000
  2500.00000     -4530142.19      1525.94333     -276.669000     -.279500000E-01
     0.000000000  645309.000
 1     0.000000000   0.00
  2500.00001     -4703797.19      2617.42835     -416.212501         0.000000000
     0.000000000     0.000000000
 1     0.000000000   0.00
 Na5U3F17_S1(s)
   4  2           0.00000    3.00000    0.00000    0.00000    0.00000    0.00000
       0.00000    0.00000    0.00000    0.00000    0.00000    0.00000    0.00000
       0.00000    0.00000    0.00000    0.00000    0.00000    5.00000   17.00000
       0.00000    0.00000
  2500.00000     -8914607.23      3203.00719     -581.708000     -.678050000E-01
     0.000000000  1780488.50
 1     0.000000000   0.00
  2500.00001     -9335539.70      5850.24195     -920.163244         0.000000000
     0.000000000     0.000000000
 1     0.000000000   0.00
 Na7U6F31_S1(s)
   4  2           0.00000    6.00000    0.00000    0.00000    0.00000    0.00000
       0.00000    0.00000    0.00000    0.00000    0.00000    0.00000    0.00000
       0.00000    0.00000    0.00000    0.00000    0.00000    7.00000   31.00000
       0.00000    0.00000
  2500.00000     -16101568.3      5686.93418     -1020.52600     -.113430000
     0.000000000  2864527.00
 1     0.000000000   0.00
  2500.00001     -16805922.6      10115.7950     -1586.75935         0.000000000
     0.000000000     0.000000000
 1     0.000000000   0.00
 K2UF6_S1(s)
   4  3           0.00000    1.00000    0.00000    0.00000    0.00000    0.00000
       0.00000    0.00000    0.00000    0.00000    0.00000    0.00000    0.00000
       0.00000    0.00000    0.00000    0.00000    2.00000    0.00000    6.00000
       0.00000    0.00000
  2000.00000     -3171545.89      1357.96799     -252.034000     0.474830000E-01
 -.251350000E-04  973298.300
 1 0.398100000E-08   4.00
  6000.00000     -3170028.45      1325.48847     -241.674640     -.102770000E-01
     0.000000000  206580.000
 1     0.000000000   0.00
  6000.00001     -3539862.73      2398.23037     -364.987163         0.000000000
     0.000000000     0.000000000
 1     0.000000000   0.00
 K2UF6_S2(s2)
   4  3           0.00000    1.00000    0.00000    0.00000    0.00000    0.00000
       0.00000    0.00000    0.00000    0.00000    0.00000    0.00000    0.00000
       0.00000    0.00000    0.00000    0.00000    2.00000    0.00000    6.00000
       0.00000    0.00000
  2000.00000     -3171049.89      1357.37799     -252.034000     0.474830000E-01
 -.251350000E-04  973298.300
 1 0.398100000E-08   4.00
  6000.00000     -3169532.45      1324.89847     -241.674640     -.102770000E-01
     0.000000000  206580.000
 1     0.000000000   0.00
  6000.00001     -3539366.73      2397.64037     -364.987163         0.000000000
     0.000000000     0.000000000
 1     0.000000000   0.00
 K3UF7_S1(s)
   4  2           0.00000    1.00000    0.00000    0.00000    0.00000    0.00000
       0.00000    0.00000    0.00000    0.00000    0.00000    0.00000    0.00000
       0.00000    0.00000    0.00000    0.00000    3.00000    0.00000    7.00000
       0.00000    0.00000
  2000.00000     -3768223.34      1723.33817     -320.791000     0.763600000E-01
 -.377018333E-04  1356657.00
 1 0.597140833E-08   4.00
  2000.00001     -3806645.90      1986.17112     -346.261472         0.000000000
     0.000000000     0.000000000
 1     0.000000000   0.00
 KU2F9_S1(s)
   4  3           0.00000    2.00000    0.00000    0.00000    0.00000    0.00000
       0.00000    0.00000    0.00000    0.00000    0.00000    0.00000    0.00000
       0.00000    0.00000    0.00000    0.00000    1.00000    0.00000    9.00000
       0.00000    0.00000
  2000.00000     -4528019.20      1618.69681     -297.795000     0.832500000E-02
 -.125675000E-04  796459.150
 1 0.199050000E-08   4.00
  6000.00000     -4527260.54      1602.47026     -292.617320     -.205540000E-01
     0.000000000  413160.000
 1     0.000000000   0.00
  6000.00001     -5266929.10      3747.95406     -539.242367         0.000000000
     0.000000000     0.000000000
 1     0.000000000   0.00
 K7U6F31_S1(s)
   4  2           0.00000    6.00000    0.00000    0.00000    0.00000    0.00000
       0.00000    0.00000    0.00000    0.00000    0.00000    0.00000    0.00000
       0.00000    0.00000    0.00000    0.00000    7.00000    0.00000   31.00000
       0.00000    0.00000
  2000.00000     -16046554.0      6321.90611     -1168.41800     0.140485000
 -.879723333E-04  3922991.00
 1 0.139332500E-07   4.00
  2000.00001     -16285494.7      8077.89628     -1378.26050         0.000000000
     0.000000000     0.000000000
 1     0.000000000   0.00
 UI3_Cmcm_No.63(s)
   4  2           0.00000    1.00000    0.00000    0.00000    0.00000    0.00000
       0.00000    0.00000    0.00000    3.00000    0.00000    0.00000    0.00000
       0.00000    0.00000    0.00000    0.00000    0.00000    0.00000    0.00000
       0.00000    0.00000
  800.000000     -488723.616      489.130664     -105.085300     -.121000000E-01
     0.000000000  1464.40000
 1     0.000000000   0.00
  800.000001     -496460.294      618.507292     -124.440724         0.000000000
     0.000000000     0.000000000
 1     0.000000000   0.00
 UI4_C2/c_No.15(s)
   4  2           0.00000    1.00000    0.00000    0.00000    0.00000    0.00000
       0.00000    0.00000    0.00000    4.00000    0.00000    0.00000    0.00000
       0.00000    0.00000    0.00000    0.00000    0.00000    0.00000    0.00000
       0.00000    0.00000
  779.000000     -550614.899      576.281445     -124.285129     -.175411325E-01
     0.000000000 -.500657129
 1     0.000000000   0.00
  779.000001     -561259.580      758.238804     -151.614215         0.000000000
     0.000000000     0.000000000
 1     0.000000000   0.00
 CsUF5_S1(s)
   4  2           0.00000    1.00000    0.00000    0.00000    0.00000    0.00000
       0.00000    0.00000    1.00000    0.00000    0.00000    0.00000    0.00000
       0.00000    0.00000    0.00000    0.00000    0.00000    0.00000    5.00000
       0.00000    0.00000
  1300.00000     -2591478.11      708.089546     -138.810000     -.425810000E-01
     0.000000000 -88440.5000
 1     0.000000000   0.00
  1300.00001     -2663712.13      1502.80523     -249.625263         0.000000000
     0.000000000     0.000000000
 1     0.000000000   0.00
 CsUF5_S2(s2)
   4  2           0.00000    1.00000    0.00000    0.00000    0.00000    0.00000
       0.00000    0.00000    1.00000    0.00000    0.00000    0.00000    0.00000
       0.00000    0.00000    0.00000    0.00000    0.00000    0.00000    5.00000
       0.00000    0.00000
  1300.00000     -2590478.11      706.756212     -138.810000     -.425810000E-01
     0.000000000 -88440.5000
 1     0.000000000   0.00
  1300.00001     -2662712.13      1501.47189     -249.625263         0.000000000
     0.000000000     0.000000000
 1     0.000000000   0.00
 CsUF5_S3(s3)
   4  2           0.00000    1.00000    0.00000    0.00000    0.00000    0.00000
       0.00000    0.00000    1.00000    0.00000    0.00000    0.00000    0.00000
       0.00000    0.00000    0.00000    0.00000    0.00000    0.00000    5.00000
       0.00000    0.00000
  1300.00000     -2589478.11      705.541145     -138.810000     -.425810000E-01
     0.000000000 -88440.5000
 1     0.000000000   0.00
  1300.00001     -2661712.13      1500.25683     -249.625263         0.000000000
     0.000000000     0.000000000
 1     0.000000000   0.00
 Cs2UF6_s1(s)
   4  2           0.00000    1.00000    0.00000    0.00000    0.00000    0.00000
       0.00000    0.00000    2.00000    0.00000    0.00000    0.00000    0.00000
       0.00000    0.00000    0.00000    0.00000    0.00000    0.00000    6.00000
       0.00000    0.00000
  1300.00000     -3226713.23      805.224971     -163.101000     -.748845000E-01
     0.000000000 -383431.000
 1     0.000000000   0.00
  1300.00001     -3354447.83      2205.17929     -358.254464         0.000000000
     0.000000000     0.000000000
 1     0.000000000   0.00
 Cs3UF6_S1(s)
   4  3           0.00000    1.00000    0.00000    0.00000    0.00000    0.00000
       0.00000    0.00000    3.00000    0.00000    0.00000    0.00000    0.00000
       0.00000    0.00000    0.00000    0.00000    0.00000    0.00000    6.00000
       0.00000    0.00000
  973.000000     -3341799.54      846.754408     -179.241000     -.973605000E-01
     0.000000000 -372071.500
 1     0.000000000   0.00
  1768.00000     -3437185.64      2159.97855     -369.698368     -.450000000E-03
     0.000000000  512900.000
 1     0.000000000   0.00
  1768.00001     -3437431.85      2168.93074     -370.961399         0.000000000
     0.000000000     0.000000000
 1     0.000000000   0.00
 Cs3UF7_S1(s)
   4  2           0.00000    1.00000    0.00000    0.00000    0.00000    0.00000
       0.00000    0.00000    3.00000    0.00000    0.00000    0.00000    0.00000
       0.00000    0.00000    0.00000    0.00000    0.00000    0.00000    7.00000
       0.00000    0.00000
  1300.00000     -3822848.36      881.860395     -187.392000     -.107188000
     0.000000000 -678421.500
 1     0.000000000   0.00
  1300.00001     -4006083.53      2887.05335     -466.883666         0.000000000
     0.000000000     0.000000000
 1     0.000000000   0.00
 Pu_alpha(s)
   4  3           1.00000    0.00000    0.00000    0.00000    0.00000    0.00000
       0.00000    0.00000    0.00000    0.00000    0.00000    0.00000    0.00000
       0.00000    0.00000    0.00000    0.00000    0.00000    0.00000    0.00000
       0.00000    0.00000
  400.000000     -7396.30887      80.3013820     -18.1258000     -.224100000E-01
     0.000000000     0.000000000
 1     0.000000000   0.00
  944.000000     -16605.9620      236.786604     -42.4187000     -.134493000E-02
 0.263443000E-06  579325.000
 1     0.000000000   0.00
  3000.00000     -14462.1557      232.961553     -42.2480000         0.000000000
     0.000000000     0.000000000
 1     0.000000000   0.00
 Pu_beta(s2)
   4  3           1.00000    0.00000    0.00000    0.00000    0.00000    0.00000
       0.00000    0.00000    0.00000    0.00000    0.00000    0.00000    0.00000
       0.00000    0.00000    0.00000    0.00000    0.00000    0.00000    0.00000
       0.00000    0.00000
  679.500000     -4873.65400      123.249150     -27.4160000     -.653000000E-02
     0.000000000     0.000000000
 1     0.000000000   0.00
  1464.00000      2435.09451      43.5665845     -15.7351000     -.154772000E-01
 0.152494200E-05 -864940.000
 1     0.000000000   0.00
  3000.00000     -13959.0636      228.221616     -42.2480000         0.000000000
     0.000000000     0.000000000
 1     0.000000000   0.00
 Pu_gamma(s3)
   4  4           1.00000    0.00000    0.00000    0.00000    0.00000    0.00000
       0.00000    0.00000    0.00000    0.00000    0.00000    0.00000    0.00000
       0.00000    0.00000    0.00000    0.00000    0.00000    0.00000    0.00000
       0.00000    0.00000
  487.900000     -16766.3030      419.402660     -77.5802000     0.816415000E-01
 -.281038330E-04  574825.000
 1     0.000000000   0.00
  593.900000     -2942.77007      88.3250737     -22.0233000     -.114795000E-01
     0.000000000     0.000000000
 1     0.000000000   0.00
  1179.00000     -9336.96710      160.314646     -32.3405000     -.703830000E-02
 0.692887000E-06  630600.000
 1     0.000000000   0.00
  3000.00000     -12435.7512      226.131623     -42.2480000         0.000000000
     0.000000000     0.000000000
 1     0.000000000   0.00
 Pu_FCC_A1(s4)
   4  3           1.00000    0.00000    0.00000    0.00000    0.00000    0.00000
       0.00000    0.00000    0.00000    0.00000    0.00000    0.00000    0.00000
       0.00000    0.00000    0.00000    0.00000    0.00000    0.00000    0.00000
       0.00000    0.00000
  990.000000     -3920.78100      127.586540     -28.4781000     -.540350000E-02
     0.000000000     0.000000000
 1     0.000000000   0.00
  1464.00000      3528.20856      41.5257232     -15.7351000     -.154772000E-01
 0.152494200E-05 -864940.000
 1     0.000000000   0.00
  3000.00000     -12865.9495      226.180755     -42.2480000         0.000000000
     0.000000000     0.000000000
 1     0.000000000   0.00
 Pu_tetragonal(s5)
   4  4           1.00000    0.00000    0.00000    0.00000    0.00000    0.00000
       0.00000    0.00000    0.00000    0.00000    0.00000    0.00000    0.00000
       0.00000    0.00000    0.00000    0.00000    0.00000    0.00000    0.00000
       0.00000    0.00000
  736.000000     -496.177950      54.5865470     -16.4300000     -.240060000E-01
 0.516666700E-05 -158470.000
 1     0.000000000   0.00
  757.000000     -6122.30769      173.350080     -35.5600000         0.000000000
     0.000000000     0.000000000
 1     0.000000000   0.00
  2157.00000      3982.07734      63.8903520     -19.7560000     -.937295000E-02
 0.659882000E-06 -1112565.00
 1     0.000000000   0.00
  3000.00000     -15200.5456      228.056414     -42.2480000         0.000000000
     0.000000000     0.000000000
 1     0.000000000   0.00
 Pu_BCC_A2(s6)
   4  4           1.00000    0.00000    0.00000    0.00000    0.00000    0.00000
       0.00000    0.00000    0.00000    0.00000    0.00000    0.00000    0.00000
       0.00000    0.00000    0.00000    0.00000    0.00000    0.00000    0.00000
       0.00000    0.00000
  745.000000     -1358.98400      116.603880     -27.0940000     -.910500000E-02
 0.206166700E-05  20863.0000
 1     0.000000000   0.00
  956.000000     -2890.81564      156.878955     -33.7200000         0.000000000
     0.000000000     0.000000000
 1     0.000000000   0.00
  2071.00000      29313.6211     -132.788251      6.92100000     -.202330500E-01
 0.142692200E-05 -4469245.00
 1     0.000000000   0.00
  3000.00000     -15400.5888      227.421856     -42.2480000         0.000000000
     0.000000000     0.000000000
 1     0.000000000   0.00
 PuF3_P3c1_No.158(s)
   4  2           1.00000    0.00000    0.00000    0.00000    0.00000    0.00000
       0.00000    0.00000    0.00000    0.00000    0.00000    0.00000    0.00000
       0.00000    0.00000    0.00000    0.00000    0.00000    0.00000    3.00000
       0.00000    0.00000
  2500.00000     -1621231.60      577.013860     -104.080000     -.353500000E-03
     0.000000000  518000.000
 1     0.000000000   0.00
  2500.00001     -1622612.17      589.297307     -105.681740         0.000000000
     0.000000000     0.000000000
 1     0.000000000   0.00
 NaPuF4_S1(s)
   4  2           1.00000    0.00000    0.00000    0.00000    0.00000    0.00000
       0.00000    0.00000    0.00000    0.00000    0.00000    0.00000    0.00000
       0.00000    0.00000    0.00000    0.00000    0.00000    1.00000    4.00000
       0.00000    0.00000
  1200.00000     -2222453.16      851.829584     -151.710000     -.774850000E-02
     0.000000000  750150.000
 1     0.000000000   0.00
  1200.00001     -2231110.50      974.729703     -169.264525         0.000000000
     0.000000000     0.000000000
 1     0.000000000   0.00
 KPuF4_S1(s)
   4  2           1.00000    0.00000    0.00000    0.00000    0.00000    0.00000
       0.00000    0.00000    0.00000    0.00000    0.00000    0.00000    0.00000
       0.00000    0.00000    0.00000    0.00000    1.00000    0.00000    4.00000
       0.00000    0.00000
  2000.00000     -2222360.20      961.220600     -172.840000     0.285250000E-01
 -.125675000E-04  901109.000
 1 0.199050000E-08   4.00
  2000.00001     -2221985.98      953.418127     -168.821446         0.000000000
     0.000000000     0.000000000
 1     0.000000000   0.00
 K3PuF6_S1(s)
   4  2           1.00000    0.00000    0.00000    0.00000    0.00000    0.00000
       0.00000    0.00000    0.00000    0.00000    0.00000    0.00000    0.00000
       0.00000    0.00000    0.00000    0.00000    3.00000    0.00000    6.00000
       0.00000    0.00000
  2000.00000     -3413917.80      1729.58300     -310.350000     0.862820000E-01
 -.377033330E-04  1667827.50
 1 0.597141670E-08   4.00
  2000.00001     -3412076.80      1689.62029     -296.012075         0.000000000
     0.000000000     0.000000000
 1     0.000000000   0.00
 RbPuF4_S1(s)
   4  2           1.00000    0.00000    0.00000    0.00000    0.00000    0.00000
       0.00000    0.00000    0.00000    0.00000    0.00000    0.00000    0.00000
       1.00000    0.00000    0.00000    0.00000    0.00000    0.00000    4.00000
       0.00000    0.00000
  2000.00000     -2212222.60      793.020150     -146.420000     -.133655000E-01
     0.000000000  541200.000
 1     0.000000000   0.00
  2000.00001     -2264602.20      1196.91689     -199.611400         0.000000000
     0.000000000     0.000000000
 1     0.000000000   0.00
 Rb2PuF5_S1(s)
   4  2           1.00000    0.00000    0.00000    0.00000    0.00000    0.00000
       0.00000    0.00000    0.00000    0.00000    0.00000    0.00000    0.00000
       2.00000    0.00000    0.00000    0.00000    0.00000    0.00000    5.00000
       0.00000    0.00000
  2000.00000     -2775461.30      986.759250     -188.760000     -.263775000E-01
     0.000000000  564650.000
 1     0.000000000   0.00
  2000.00001     -2879842.00      1786.16106     -293.987675         0.000000000
     0.000000000     0.000000000
 1     0.000000000   0.00
 Rb3PuF6_S1(s)
   4  2           1.00000    0.00000    0.00000    0.00000    0.00000    0.00000
       0.00000    0.00000    0.00000    0.00000    0.00000    0.00000    0.00000
       3.00000    0.00000    0.00000    0.00000    0.00000    0.00000    6.00000
       0.00000    0.00000
  2000.00000     -3368926.90      1216.31530     -231.110000     -.393895000E-01
     0.000000000  588100.000
 1     0.000000000   0.00
  2000.00001     -3525308.70      2411.22217     -388.373950         0.000000000
     0.000000000     0.000000000
 1     0.000000000   0.00
 PuI3_Cmcm_No.63(s)
   4  3           1.00000    0.00000    0.00000    0.00000    0.00000    0.00000
       0.00000    0.00000    0.00000    3.00000    0.00000    0.00000    0.00000
       0.00000    0.00000    0.00000    0.00000    0.00000    0.00000    0.00000
       0.00000    0.00000
  1050.00000     -612326.356      499.741239     -105.683000     -.102989500E-01
 0.131833333E-08 -70.0000000
 1     0.000000000   0.00
  1500.00000     -639376.683      769.112651     -142.256000         0.000000000
 -.333333333E-11  40.0000000
 1     0.000000000   0.00
  1500.00001     -639376.621      769.112689     -142.256009         0.000000000
     0.000000000     0.000000000
 1     0.000000000   0.00
 Cs3PuF6_S1(s)
   4  2           1.00000    0.00000    0.00000    0.00000    0.00000    0.00000
       0.00000    0.00000    3.00000    0.00000    0.00000    0.00000    0.00000
       0.00000    0.00000    0.00000    0.00000    0.00000    0.00000    6.00000
       0.00000    0.00000
  1250.00000     -3413633.01      829.030136     -176.953000     -.972640000E-01
     0.000000000 -366971.500
 1     0.000000000   0.00
  1250.00001     -3566782.32      2567.03363     -420.582724         0.000000000
     0.000000000     0.000000000
 1     0.000000000   0.00
 CsPu2F7_S1(s)
   4  3           2.00000    0.00000    0.00000    0.00000    0.00000    0.00000
       0.00000    0.00000    1.00000    0.00000    0.00000    0.00000    0.00000
       0.00000    0.00000    0.00000    0.00000    0.00000    0.00000    7.00000
       0.00000    0.00000
  973.000000     -3844110.40      1239.06315     -232.451000     -.330105000E-01
     0.000000000  741009.500
 1     0.000000000   0.00
  2500.00000     -3875905.76      1676.80453     -295.936789     -.707000000E-03
     0.000000000  1036000.00
 1     0.000000000   0.00
  2500.00001     -3878666.91      1701.37142     -299.140269         0.000000000
     0.000000000     0.000000000
 1     0.000000000   0.00
 PuTh2F11_S1(s)
   4  2           1.00000    0.00000    2.00000    0.00000    0.00000    0.00000
       0.00000    0.00000    0.00000    0.00000    0.00000    0.00000    0.00000
       0.00000    0.00000    0.00000    0.00000    0.00000    0.00000   11.00000
       0.00000    0.00000
  2500.00000     -5854188.40      1904.34050     -348.424000     -.872350000E-02
     0.000000000  1773000.00
 1     0.000000000   0.00
  2500.00001     -5905873.47      2240.31574     -391.474140         0.000000000
     0.000000000     0.000000000
 1     0.000000000   0.00
 PuU2F11_S1(s)
   4  2           1.00000    2.00000    0.00000    0.00000    0.00000    0.00000
       0.00000    0.00000    0.00000    0.00000    0.00000    0.00000    0.00000
       0.00000    0.00000    0.00000    0.00000    0.00000    0.00000   11.00000
       0.00000    0.00000
  2500.00000     -5477659.60      1780.31430     -333.117000     -.209085000E-01
     0.000000000  931000.000
 1     0.000000000   0.00
  2500.00001     -5606848.13      2595.48181     -437.361580         0.000000000
     0.000000000     0.000000000
 1     0.000000000   0.00
